#TYPE Selected.Microsoft.SqlServer.Management.Smo.Database
"BackupStatus","ComputerName","InstanceName","SqlInstance","SizeMB","Compatibility","Encrypted","LastFullBackup","LastDiffBackup","LastLogBackup","Name"
,"PACMEPSST01","MSSQLSERVER","PACMEPSST01","16","Version130","False","07.12.2024 01:41:04","01.01.0001 00:00:00","02.09.2024 22:19:16","ReportServer"
,"PACMEPSST01","MSSQLSERVER","PACMEPSST01","16","Version130","False","07.12.2024 01:41:04","01.01.0001 00:00:00","01.01.0001 00:00:00","ReportServerTempDB"
,"PACMEPSST01","MSSQLSERVER","PACMEPSST01","3536","Version130","False","07.03.2025 02:00:14","01.01.0001 00:00:00","07.03.2025 00:30:00","CGO"
,"PACMEPSST01","MSSQLSERVER","PACMEPSST01","272","Version130","False","07.03.2025 02:13:33","01.01.0001 00:00:00","07.03.2025 00:00:00","DMWL"
