#TYPE Selected.Dataplat.Dbatools.Database.BackupHistory
"ComputerName","InstanceName","SqlInstance","AvailabilityGroupName","Database","Start","End","Duration","TotalSize","CompressedBackupSize","CompressionRatio","Type","IsCopyOnly"
"PACMEPSST01","MSSQLSERVER","PACMEPSST01",,"CGO","07.03.2025 02:00:05","07.03.2025 02:00:14","00:00:09","3,33 GB","3,33 GB","1","Full","False"
"PACMEPSST01","MSSQLSERVER","PACMEPSST01",,"CGO","07.03.2025 00:30:00","07.03.2025 00:30:00","00:00:00","19,21 MB","19,21 MB","1","Log","False"
"PACMEPSST01","MSSQLSERVER","PACMEPSST01",,"CGO","06.03.2025 02:00:06","06.03.2025 02:00:16","00:00:10","3,33 GB","3,33 GB","1","Full","False"
"PACMEPSST01","MSSQLSERVER","PACMEPSST01",,"CGO","06.03.2025 00:30:00","06.03.2025 00:30:00","00:00:00","19,20 MB","19,20 MB","1","Log","False"
"PACMEPSST01","MSSQLSERVER","PACMEPSST01",,"CGO","05.03.2025 02:00:06","05.03.2025 02:00:16","00:00:10","3,33 GB","3,33 GB","1","Full","False"
"PACMEPSST01","MSSQLSERVER","PACMEPSST01",,"CGO","05.03.2025 00:30:00","05.03.2025 00:30:00","00:00:00","18,08 MB","18,08 MB","1","Log","False"
"PACMEPSST01","MSSQLSERVER","PACMEPSST01",,"CGO","04.03.2025 02:00:08","04.03.2025 02:00:21","00:00:13","3,32 GB","3,32 GB","1","Full","False"
"PACMEPSST01","MSSQLSERVER","PACMEPSST01",,"CGO","04.03.2025 00:30:00","04.03.2025 00:30:00","00:00:00","19,89 MB","19,89 MB","1","Log","False"
"PACMEPSST01","MSSQLSERVER","PACMEPSST01",,"CGO","03.03.2025 02:00:07","03.03.2025 02:00:20","00:00:13","3,32 GB","3,32 GB","1","Full","False"
"PACMEPSST01","MSSQLSERVER","PACMEPSST01",,"CGO","03.03.2025 00:30:00","03.03.2025 00:30:00","00:00:00","4,27 MB","4,27 MB","1","Log","False"
"PACMEPSST01","MSSQLSERVER","PACMEPSST01",,"CGO","02.03.2025 02:00:10","02.03.2025 02:00:23","00:00:13","3,32 GB","3,32 GB","1","Full","False"
"PACMEPSST01","MSSQLSERVER","PACMEPSST01",,"CGO","02.03.2025 00:30:00","02.03.2025 00:30:00","00:00:00","5,33 MB","5,33 MB","1","Log","False"
"PACMEPSST01","MSSQLSERVER","PACMEPSST01",,"CGO","01.03.2025 02:00:09","01.03.2025 02:00:22","00:00:13","3,32 GB","3,32 GB","1","Full","False"
"PACMEPSST01","MSSQLSERVER","PACMEPSST01",,"CGO","01.03.2025 00:30:00","01.03.2025 00:30:00","00:00:00","19,33 MB","19,33 MB","1","Log","False"
"PACMEPSST01","MSSQLSERVER","PACMEPSST01",,"DMWL","07.03.2025 02:13:32","07.03.2025 02:13:33","00:00:01","36,09 MB","36,09 MB","1","Full","False"
"PACMEPSST01","MSSQLSERVER","PACMEPSST01",,"DMWL","07.03.2025 00:00:00","07.03.2025 00:00:00","00:00:00","15,84 MB","15,84 MB","1","Log","False"
"PACMEPSST01","MSSQLSERVER","PACMEPSST01",,"DMWL","06.03.2025 02:15:28","06.03.2025 02:15:28","00:00:00","32,09 MB","32,09 MB","1","Full","False"
"PACMEPSST01","MSSQLSERVER","PACMEPSST01",,"DMWL","06.03.2025 00:00:00","06.03.2025 00:00:00","00:00:00","15,02 MB","15,02 MB","1","Log","False"
"PACMEPSST01","MSSQLSERVER","PACMEPSST01",,"DMWL","05.03.2025 02:15:04","05.03.2025 02:15:04","00:00:00","30,09 MB","30,09 MB","1","Full","False"
"PACMEPSST01","MSSQLSERVER","PACMEPSST01",,"DMWL","05.03.2025 00:00:00","05.03.2025 00:00:00","00:00:00","17,83 MB","17,83 MB","1","Log","False"
"PACMEPSST01","MSSQLSERVER","PACMEPSST01",,"DMWL","04.03.2025 02:16:22","04.03.2025 02:16:23","00:00:01","29,09 MB","29,09 MB","1","Full","False"
"PACMEPSST01","MSSQLSERVER","PACMEPSST01",,"DMWL","04.03.2025 00:00:00","04.03.2025 00:00:00","00:00:00","17,65 MB","17,65 MB","1","Log","False"
"PACMEPSST01","MSSQLSERVER","PACMEPSST01",,"DMWL","03.03.2025 02:16:36","03.03.2025 02:16:37","00:00:01","30,09 MB","30,09 MB","1","Full","False"
"PACMEPSST01","MSSQLSERVER","PACMEPSST01",,"DMWL","03.03.2025 00:00:00","03.03.2025 00:00:00","00:00:00","12,21 MB","12,21 MB","1","Log","False"
"PACMEPSST01","MSSQLSERVER","PACMEPSST01",,"DMWL","02.03.2025 02:18:25","02.03.2025 02:18:25","00:00:00","31,09 MB","31,09 MB","1","Full","False"
"PACMEPSST01","MSSQLSERVER","PACMEPSST01",,"DMWL","02.03.2025 00:00:00","02.03.2025 00:00:00","00:00:00","12,96 MB","12,96 MB","1","Log","False"
"PACMEPSST01","MSSQLSERVER","PACMEPSST01",,"DMWL","01.03.2025 02:17:28","01.03.2025 02:17:28","00:00:00","30,09 MB","30,09 MB","1","Full","False"
"PACMEPSST01","MSSQLSERVER","PACMEPSST01",,"DMWL","01.03.2025 00:00:00","01.03.2025 00:00:00","00:00:00","17,65 MB","17,65 MB","1","Log","False"
