#TYPE Selected.Microsoft.SqlServer.Management.Smo.Login
"ComputerName","InstanceName","SqlInstance","Name","DefaultDatabase","IsDisabled","IsLocked","IsPasswordExpired","LoginType"
"PACMEPSST01","MSSQLSERVER","PACMEPSST01","##MS_PolicyEventProcessingLogin##","master","True","False","False","SqlLogin"
"PACMEPSST01","MSSQLSERVER","PACMEPSST01","##MS_PolicyTsqlExecutionLogin##","master","True","False","False","SqlLogin"
"PACMEPSST01","MSSQLSERVER","PACMEPSST01","CGO","master","False","False","False","SqlLogin"
"PACMEPSST01","MSSQLSERVER","PACMEPSST01","DMWL","master","False","False","False","SqlLogin"
"PACMEPSST01","MSSQLSERVER","PACMEPSST01","INTRA\admDP6","master","False",,,"WindowsUser"
"PACMEPSST01","MSSQLSERVER","PACMEPSST01","INTRA\admGE","master","False",,,"WindowsUser"
"PACMEPSST01","MSSQLSERVER","PACMEPSST01","INTRA\admveeam","master","False",,,"WindowsUser"
"PACMEPSST01","MSSQLSERVER","PACMEPSST01","INTRA\S_inf_SQLSRV-Supp","master","False",,,"WindowsGroup"
"PACMEPSST01","MSSQLSERVER","PACMEPSST01","NT AUTHORITY\SYSTEM","master","False",,,"WindowsUser"
"PACMEPSST01","MSSQLSERVER","PACMEPSST01","NT Service\MSSQLSERVER","master","False",,,"WindowsUser"
"PACMEPSST01","MSSQLSERVER","PACMEPSST01","NT SERVICE\ReportServer","master","False",,,"WindowsUser"
"PACMEPSST01","MSSQLSERVER","PACMEPSST01","NT SERVICE\SQLSERVERAGENT","master","False",,,"WindowsUser"
"PACMEPSST01","MSSQLSERVER","PACMEPSST01","NT SERVICE\SQLTELEMETRY","master","False",,,"WindowsUser"
"PACMEPSST01","MSSQLSERVER","PACMEPSST01","NT SERVICE\SQLWriter","master","False",,,"WindowsUser"
"PACMEPSST01","MSSQLSERVER","PACMEPSST01","NT SERVICE\Winmgmt","master","False",,,"WindowsUser"
"PACMEPSST01","MSSQLSERVER","PACMEPSST01","PACMEPSST01\sql-admin","master","False",,,"WindowsGroup"
"PACMEPSST01","MSSQLSERVER","PACMEPSST01","sa","master","False","False","False","SqlLogin"
