#TYPE Selected.System.Management.Automation.PSCustomObject
"ComputerName","InstanceName","SqlInstance","Object","Type","Member","RoleSecurableClass"
"PACMEPSST01","MSSQLSERVER","PACMEPSST01","SERVER","SERVER LOGINS","sa","sysadmin"
"PACMEPSST01","MSSQLSERVER","PACMEPSST01","SERVER","SERVER LOGINS","INTRA\admGE","sysadmin"
"PACMEPSST01","MSSQLSERVER","PACMEPSST01","SERVER","SERVER LOGINS","CGO","sysadmin"
"PACMEPSST01","MSSQLSERVER","PACMEPSST01","SERVER","SERVER LOGINS","CGO","dbcreator"
"PACMEPSST01","MSSQLSERVER","PACMEPSST01","SERVER","SERVER LOGINS","DMWL","sysadmin"
"PACMEPSST01","MSSQLSERVER","PACMEPSST01","SERVER","SERVER LOGINS","DMWL","dbcreator"
"PACMEPSST01","MSSQLSERVER","PACMEPSST01","SERVER","SERVER LOGINS","INTRA\admDP6","sysadmin"
"PACMEPSST01","MSSQLSERVER","PACMEPSST01","SERVER","SERVER LOGINS","INTRA\admveeam","sysadmin"
"PACMEPSST01","MSSQLSERVER","PACMEPSST01","SERVER","SERVER LOGINS","PACMEPSST01\sql-admin","sysadmin"
"PACMEPSST01","MSSQLSERVER","PACMEPSST01","SERVER","SERVER LOGINS","INTRA\S_inf_SQLSRV-Supp","sysadmin"
"PACMEPSST01","MSSQLSERVER","PACMEPSST01","CGO","DB ROLE MEMBERS","dbo","db_owner"
"PACMEPSST01","MSSQLSERVER","PACMEPSST01","CGO","DB ROLE MEMBERS","CGO","db_owner"
"PACMEPSST01","MSSQLSERVER","PACMEPSST01","CGO","DB ROLE MEMBERS","CGO","db_datareader"
"PACMEPSST01","MSSQLSERVER","PACMEPSST01","CGO","DB ROLE MEMBERS","CGO","db_datawriter"
"PACMEPSST01","MSSQLSERVER","PACMEPSST01","DMWL","DB ROLE MEMBERS","dbo","db_owner"
"PACMEPSST01","MSSQLSERVER","PACMEPSST01","DMWL","DB ROLE MEMBERS","DMWL","db_owner"
"PACMEPSST01","MSSQLSERVER","PACMEPSST01","DMWL","DB ROLE MEMBERS","DMWL","db_datareader"
"PACMEPSST01","MSSQLSERVER","PACMEPSST01","DMWL","DB ROLE MEMBERS","DMWL","db_datawriter"
"PACMEPSST01","MSSQLSERVER","PACMEPSST01","ReportServer","DB ROLE MEMBERS","dbo","db_owner"
"PACMEPSST01","MSSQLSERVER","PACMEPSST01","ReportServer","DB ROLE MEMBERS","RSExecRole","db_owner"
"PACMEPSST01","MSSQLSERVER","PACMEPSST01","ReportServer","DB ROLE MEMBERS","NT SERVICE\ReportServer","RSExecRole"
"PACMEPSST01","MSSQLSERVER","PACMEPSST01","ReportServerTempDB","DB ROLE MEMBERS","NT SERVICE\ReportServer","RSExecRole"
"PACMEPSST01","MSSQLSERVER","PACMEPSST01","ReportServerTempDB","DB ROLE MEMBERS","dbo","db_owner"
"PACMEPSST01","MSSQLSERVER","PACMEPSST01","ReportServerTempDB","DB ROLE MEMBERS","RSExecRole","db_owner"
