#TYPE Selected.Microsoft.SqlServer.Management.Smo.Database
"BackupStatus","ComputerName","InstanceName","SqlInstance","SizeMB","Compatibility","Encrypted","LastFullBackup","LastDiffBackup","LastLogBackup","Name"
,"inttestmv6db","MSSQLSERVER","inttestmv6db","3175,125","Version110","False","07.03.2025 03:07:42","01.01.0001 00:00:00","01.01.0001 00:00:00","KGU_Test_alt"
,"inttestmv6db","MSSQLSERVER","inttestmv6db","1423,5625","Version110","False","07.03.2025 03:07:42","01.01.0001 00:00:00","01.01.0001 00:00:00","KGU_Test_EMPI"
,"inttestmv6db","MSSQLSERVER","inttestmv6db","31780,4375","Version140","False","07.03.2025 03:07:42","01.01.0001 00:00:00","07.03.2025 16:33:45","KGU_Test"
