#TYPE Selected.Microsoft.SqlServer.Management.Smo.Login
"ComputerName","InstanceName","SqlInstance","Name","DefaultDatabase","IsDisabled","IsLocked","IsPasswordExpired","LoginType"
"inttestmv6db","MSSQLSERVER","inttestmv6db","##MS_PolicyEventProcessingLogin##","master","True","False","False","SqlLogin"
"inttestmv6db","MSSQLSERVER","inttestmv6db","##MS_PolicyTsqlExecutionLogin##","master","True","False","False","SqlLogin"
"inttestmv6db","MSSQLSERVER","inttestmv6db","INTTESTMV6DB\SQL-Admin","master","False",,,"WindowsGroup"
"inttestmv6db","MSSQLSERVER","inttestmv6db","LimitedUser","master","False","False","False","SqlLogin"
"inttestmv6db","MSSQLSERVER","inttestmv6db","mvadmin","master","False","False","False","SqlLogin"
"inttestmv6db","MSSQLSERVER","inttestmv6db","mvuser","master","False","False","False","SqlLogin"
"inttestmv6db","MSSQLSERVER","inttestmv6db","NT AUTHORITY\SYSTEM","master","False",,,"WindowsUser"
"inttestmv6db","MSSQLSERVER","inttestmv6db","NT SERVICE\MSSQLSERVER","master","False",,,"WindowsUser"
"inttestmv6db","MSSQLSERVER","inttestmv6db","NT SERVICE\SQLSERVERAGENT","master","False",,,"WindowsUser"
"inttestmv6db","MSSQLSERVER","inttestmv6db","NT SERVICE\SQLTELEMETRY","master","False",,,"WindowsUser"
"inttestmv6db","MSSQLSERVER","inttestmv6db","NT SERVICE\SQLWriter","master","False",,,"WindowsUser"
"inttestmv6db","MSSQLSERVER","inttestmv6db","NT SERVICE\Winmgmt","master","False",,,"WindowsUser"
"inttestmv6db","MSSQLSERVER","inttestmv6db","sa","master","True","False","False","SqlLogin"
