#TYPE Selected.System.Management.Automation.PSCustomObject
"ServerName","ComputerName","InstanceName","SqlInstance","Name","DisplayName","Description","ConfiguredValue","RunningValue","DefaultValue","IsRunningDefaultValue"
"INTTESTMV6DB","inttestmv6db","MSSQLSERVER","inttestmv6db","DisallowResultsFromTriggers","disallow results from triggers","Disallow returning results from triggers","1","1","0","False"
"INTTESTMV6DB","inttestmv6db","MSSQLSERVER","inttestmv6db","CursorThreshold","cursor threshold","cursor threshold","-1","-1","0","False"
"INTTESTMV6DB","inttestmv6db","MSSQLSERVER","inttestmv6db","UserOptions","user options","user options","64","64","0","False"
"INTTESTMV6DB","inttestmv6db","MSSQLSERVER","inttestmv6db","ReplicationMaxTextSize","max text repl size (B)","Maximum size of a text field in replication.","2147483647","2147483647","65536","False"
"INTTESTMV6DB","inttestmv6db","MSSQLSERVER","inttestmv6db","MaxDegreeOfParallelism","max degree of parallelism","maximum degree of parallelism","2","2","0","False"
"INTTESTMV6DB","inttestmv6db","MSSQLSERVER","inttestmv6db","MaxServerMemory","max server memory (MB)","Maximum size of server memory (MB)","5940","5940","2147483647","False"
"INTTESTMV6DB","inttestmv6db","MSSQLSERVER","inttestmv6db","DefaultTraceEnabled","default trace enabled","Enable or disable the default trace","1","1","0","False"
"INTTESTMV6DB","inttestmv6db","MSSQLSERVER","inttestmv6db","DefaultBackupCompression","backup compression default","Enable compression of backups by default","1","1","0","False"
"INTTESTMV6DB","inttestmv6db","MSSQLSERVER","inttestmv6db","OptimizeAdhocWorkloads","optimize for ad hoc workloads","When this option is set, plan cache size is further reduced for single-use adhoc OLTP workload.","1","1","0","False"
"INTTESTMV6DB","inttestmv6db","MSSQLSERVER","inttestmv6db","ClrStrictSecurity","clr strict security","CLR strict security enabled in the server","1","1","0","False"
"INTTESTMV6DB","inttestmv6db","MSSQLSERVER","inttestmv6db","VersionHighPartOfSqlServer","version high part of SQL Server","version high part of SQL Server that model database copied for","0","0",,"False"
"INTTESTMV6DB","inttestmv6db","MSSQLSERVER","inttestmv6db","VersionLowPartOfSqlServer","version low part of SQL Server","version low part of SQL Server that model database copied for","0","0",,"False"
"INTTESTMV6DB","inttestmv6db","MSSQLSERVER","inttestmv6db",,"max RPC request params (KB)","Maximum memory for RPC request parameters (kBytes)","0","0",,"False"
"INTTESTMV6DB","inttestmv6db","MSSQLSERVER","inttestmv6db","AgentXPsEnabled","Agent XPs","Enable or disable Agent XPs","1","1","0","False"
