#TYPE Selected.System.Management.Automation.PSCustomObject
"ComputerName","InstanceName","SqlInstance","Object","Type","Member","RoleSecurableClass"
"inttestmv6db","MSSQLSERVER","inttestmv6db","SERVER","SERVER LOGINS","sa","sysadmin"
"inttestmv6db","MSSQLSERVER","inttestmv6db","SERVER","SERVER LOGINS","INTTESTMV6DB\SQL-Admin","sysadmin"
"inttestmv6db","MSSQLSERVER","inttestmv6db","SERVER","SERVER LOGINS","mvadmin","sysadmin"
"inttestmv6db","MSSQLSERVER","inttestmv6db","SERVER","SERVER LOGINS","mvuser","None"
"inttestmv6db","MSSQLSERVER","inttestmv6db","SERVER","SERVER LOGINS","LimitedUser","None"
"inttestmv6db","MSSQLSERVER","inttestmv6db","KGU_Test","DB ROLE MEMBERS","dbo","db_owner"
"inttestmv6db","MSSQLSERVER","inttestmv6db","KGU_Test","DB ROLE MEMBERS","mvuser","db_datareader"
"inttestmv6db","MSSQLSERVER","inttestmv6db","KGU_Test","DB ROLE MEMBERS","mvadmin","db_owner"
"inttestmv6db","MSSQLSERVER","inttestmv6db","KGU_Test","DB ROLE MEMBERS","LimitedUser","db_datareader"
"inttestmv6db","MSSQLSERVER","inttestmv6db","KGU_Test","DB ROLE MEMBERS","LimitedUser","db_datawriter"
"inttestmv6db","MSSQLSERVER","inttestmv6db","KGU_Test_alt","DB ROLE MEMBERS","dbo","db_owner"
"inttestmv6db","MSSQLSERVER","inttestmv6db","KGU_Test_alt","DB ROLE MEMBERS","mvuser","db_datareader"
"inttestmv6db","MSSQLSERVER","inttestmv6db","KGU_Test_alt","DB ROLE MEMBERS","mvadmin","db_owner"
"inttestmv6db","MSSQLSERVER","inttestmv6db","KGU_Test_EMPI","DB ROLE MEMBERS","dbo","db_owner"
"inttestmv6db","MSSQLSERVER","inttestmv6db","KGU_Test_EMPI","DB ROLE MEMBERS","mvuser","db_datareader"
"inttestmv6db","MSSQLSERVER","inttestmv6db","KGU_Test_EMPI","DB ROLE MEMBERS","LimitedUser","db_datareader"
"inttestmv6db","MSSQLSERVER","inttestmv6db","KGU_Test_EMPI","DB ROLE MEMBERS","LimitedUser","db_datawriter"
