#TYPE Selected.Dataplat.Dbatools.Database.BackupHistory
"ComputerName","InstanceName","SqlInstance","AvailabilityGroupName","Database","Start","End","Duration","TotalSize","CompressedBackupSize","CompressionRatio","Type","IsCopyOnly"
"pacmepradi","MSSQLSERVER","pacmepradi",,"master","07.03.2025 02:45:16","07.03.2025 02:45:29","00:00:13","4,02 MB","4,02 MB","1","Full","False"
"pacmepradi","MSSQLSERVER","pacmepradi",,"master","05.03.2025 23:11:20","05.03.2025 23:11:26","00:00:06","4,02 MB","4,02 MB","1","Full","False"
"pacmepradi","MSSQLSERVER","pacmepradi",,"master","04.03.2025 23:35:23","04.03.2025 23:35:40","00:00:17","4,02 MB","4,02 MB","1","Full","False"
"pacmepradi","MSSQLSERVER","pacmepradi",,"master","03.03.2025 23:12:54","03.03.2025 23:13:00","00:00:06","4,02 MB","4,02 MB","1","Full","False"
"pacmepradi","MSSQLSERVER","pacmepradi",,"master","02.03.2025 23:07:34","02.03.2025 23:07:47","00:00:13","4,02 MB","4,02 MB","1","Full","False"
"pacmepradi","MSSQLSERVER","pacmepradi",,"master","01.03.2025 23:07:53","01.03.2025 23:08:00","00:00:07","4,02 MB","4,02 MB","1","Full","False"
"pacmepradi","MSSQLSERVER","pacmepradi",,"master","28.02.2025 23:10:04","28.02.2025 23:10:20","00:00:16","4,02 MB","4,02 MB","1","Full","False"
"pacmepradi","MSSQLSERVER","pacmepradi",,"RadiCSServerDB","07.03.2025 02:45:16","07.03.2025 02:45:29","00:00:13","4,79 GB","4,79 GB","1","Full","False"
"pacmepradi","MSSQLSERVER","pacmepradi",,"RadiCSServerDB","05.03.2025 23:11:20","05.03.2025 23:11:26","00:00:06","4,79 GB","4,79 GB","1","Full","False"
"pacmepradi","MSSQLSERVER","pacmepradi",,"RadiCSServerDB","04.03.2025 23:35:23","04.03.2025 23:35:40","00:00:17","4,79 GB","4,79 GB","1","Full","False"
"pacmepradi","MSSQLSERVER","pacmepradi",,"RadiCSServerDB","03.03.2025 23:12:54","03.03.2025 23:13:00","00:00:06","4,78 GB","4,78 GB","1","Full","False"
"pacmepradi","MSSQLSERVER","pacmepradi",,"RadiCSServerDB","02.03.2025 23:07:34","02.03.2025 23:07:47","00:00:13","4,78 GB","4,78 GB","1","Full","False"
"pacmepradi","MSSQLSERVER","pacmepradi",,"RadiCSServerDB","01.03.2025 23:07:53","01.03.2025 23:08:00","00:00:07","4,78 GB","4,78 GB","1","Full","False"
"pacmepradi","MSSQLSERVER","pacmepradi",,"RadiCSServerDB","28.02.2025 23:10:04","28.02.2025 23:10:20","00:00:16","4,78 GB","4,78 GB","1","Full","False"
"pacmepradi","MSSQLSERVER","pacmepradi",,"msdb","07.03.2025 02:45:16","07.03.2025 02:45:29","00:00:13","20,79 MB","20,79 MB","1","Full","False"
"pacmepradi","MSSQLSERVER","pacmepradi",,"msdb","05.03.2025 23:11:20","05.03.2025 23:11:26","00:00:06","20,79 MB","20,79 MB","1","Full","False"
"pacmepradi","MSSQLSERVER","pacmepradi",,"msdb","04.03.2025 23:35:23","04.03.2025 23:35:40","00:00:17","20,76 MB","20,76 MB","1","Full","False"
"pacmepradi","MSSQLSERVER","pacmepradi",,"msdb","03.03.2025 23:12:54","03.03.2025 23:13:00","00:00:06","20,66 MB","20,66 MB","1","Full","False"
"pacmepradi","MSSQLSERVER","pacmepradi",,"msdb","02.03.2025 23:07:34","02.03.2025 23:07:47","00:00:13","20,66 MB","20,66 MB","1","Full","False"
"pacmepradi","MSSQLSERVER","pacmepradi",,"msdb","01.03.2025 23:07:53","01.03.2025 23:08:00","00:00:07","20,66 MB","20,66 MB","1","Full","False"
"pacmepradi","MSSQLSERVER","pacmepradi",,"msdb","28.02.2025 23:10:04","28.02.2025 23:10:20","00:00:16","20,66 MB","20,66 MB","1","Full","False"
"pacmepradi","MSSQLSERVER","pacmepradi",,"model","07.03.2025 02:45:16","07.03.2025 02:45:29","00:00:13","2,82 MB","2,82 MB","1","Full","False"
"pacmepradi","MSSQLSERVER","pacmepradi",,"model","05.03.2025 23:11:20","05.03.2025 23:11:26","00:00:06","2,82 MB","2,82 MB","1","Full","False"
"pacmepradi","MSSQLSERVER","pacmepradi",,"model","04.03.2025 23:35:23","04.03.2025 23:35:40","00:00:17","2,82 MB","2,82 MB","1","Full","False"
"pacmepradi","MSSQLSERVER","pacmepradi",,"model","03.03.2025 23:12:54","03.03.2025 23:13:00","00:00:06","2,82 MB","2,82 MB","1","Full","False"
"pacmepradi","MSSQLSERVER","pacmepradi",,"model","02.03.2025 23:07:34","02.03.2025 23:07:47","00:00:13","2,82 MB","2,82 MB","1","Full","False"
"pacmepradi","MSSQLSERVER","pacmepradi",,"model","01.03.2025 23:07:53","01.03.2025 23:08:00","00:00:07","2,82 MB","2,82 MB","1","Full","False"
"pacmepradi","MSSQLSERVER","pacmepradi",,"model","28.02.2025 23:10:04","28.02.2025 23:10:20","00:00:16","2,82 MB","2,82 MB","1","Full","False"
