#TYPE Selected.System.Management.Automation.PSCustomObject
"ServerName","ComputerName","InstanceName","SqlInstance","Name","DisplayName","Description","ConfiguredValue","RunningValue","DefaultValue","IsRunningDefaultValue"
"PACMEPRADI","pacmepradi","MSSQLSERVER","pacmepradi","CursorThreshold","cursor threshold","cursor threshold","-1","-1","0","False"
"PACMEPRADI","pacmepradi","MSSQLSERVER","pacmepradi","DefaultTraceEnabled","default trace enabled","Enable or disable the default trace","1","1","0","False"
"PACMEPRADI","pacmepradi","MSSQLSERVER","pacmepradi","UserInstanceTimeout","user instance timeout","The timeout of the user instance after no connection is made on the server","60","60",,"False"
"PACMEPRADI","pacmepradi","MSSQLSERVER","pacmepradi","UserInstancesEnabled","user instances enabled","Enable or disable creation of user instances","1","1",,"False"
"PACMEPRADI","pacmepradi","MSSQLSERVER","pacmepradi","ClrStrictSecurity","clr strict security","CLR strict security enabled in the server","1","1","0","False"
"PACMEPRADI","pacmepradi","MSSQLSERVER","pacmepradi","VersionHighPartOfSqlServer","version high part of SQL Server","version high part of SQL Server that model database copied for","0","0",,"False"
"PACMEPRADI","pacmepradi","MSSQLSERVER","pacmepradi","VersionLowPartOfSqlServer","version low part of SQL Server","version low part of SQL Server that model database copied for","0","0",,"False"
"PACMEPRADI","pacmepradi","MSSQLSERVER","pacmepradi",,"max RPC request params (KB)","Maximum memory for RPC request parameters (kBytes)","0","0",,"False"
