#TYPE Selected.Microsoft.SqlServer.Management.Smo.Database
"BackupStatus","ComputerName","InstanceName","SqlInstance","SizeMB","Compatibility","Encrypted","LastFullBackup","LastDiffBackup","LastLogBackup","Name"
,"LABTESTBGADB","MSSQLSERVER","LABTESTBGADB","144","Version130","False","06.03.2025 21:15:36","01.01.0001 00:00:00","01.01.0001 00:00:00","ReportServer"
,"LABTESTBGADB","MSSQLSERVER","LABTESTBGADB","16","Version130","False","06.03.2025 21:15:36","01.01.0001 00:00:00","01.01.0001 00:00:00","ReportServerTempDB"
,"LABTESTBGADB","MSSQLSERVER","LABTESTBGADB","12316","Version130","False","06.03.2025 21:15:36","01.01.0001 00:00:00","01.01.0001 00:00:00","PocModelMirthDb"
,"LABTESTBGADB","MSSQLSERVER","LABTESTBGADB","98384,8125","Version100","False","06.03.2025 21:15:36","01.01.0001 00:00:00","01.01.0001 00:00:00","PocModel"
,"LABTESTBGADB","MSSQLSERVER","LABTESTBGADB","8,5625","Version100","False","06.03.2025 21:15:36","01.01.0001 00:00:00","01.01.0001 00:00:00","PocModelQC"
,"LABTESTBGADB","MSSQLSERVER","LABTESTBGADB","41651,25","Version100","False","06.03.2025 21:15:36","01.01.0001 00:00:00","01.01.0001 00:00:00","PocModelADTStore"
