#TYPE Selected.Dataplat.Dbatools.Database.BackupHistory
"ComputerName","InstanceName","SqlInstance","AvailabilityGroupName","Database","Start","End","Duration","TotalSize","CompressedBackupSize","CompressionRatio","Type","IsCopyOnly"
"LABTESTBGADB","MSSQLSERVER","LABTESTBGADB",,"PocModel","06.03.2025 21:15:30","06.03.2025 21:15:36","00:00:06","68,77 GB","68,77 GB","1","Full","False"
"LABTESTBGADB","MSSQLSERVER","LABTESTBGADB",,"PocModel","05.03.2025 20:17:05","05.03.2025 20:17:11","00:00:06","68,77 GB","68,77 GB","1","Full","False"
"LABTESTBGADB","MSSQLSERVER","LABTESTBGADB",,"PocModel","04.03.2025 20:17:37","04.03.2025 20:17:44","00:00:07","68,77 GB","68,77 GB","1","Full","False"
"LABTESTBGADB","MSSQLSERVER","LABTESTBGADB",,"PocModel","03.03.2025 20:17:32","03.03.2025 20:17:38","00:00:06","68,77 GB","68,77 GB","1","Full","False"
"LABTESTBGADB","MSSQLSERVER","LABTESTBGADB",,"PocModel","02.03.2025 20:16:18","02.03.2025 20:16:23","00:00:05","68,77 GB","68,77 GB","1","Full","False"
"LABTESTBGADB","MSSQLSERVER","LABTESTBGADB",,"PocModel","01.03.2025 20:15:50","01.03.2025 20:15:56","00:00:06","68,77 GB","68,77 GB","1","Full","False"
"LABTESTBGADB","MSSQLSERVER","LABTESTBGADB",,"PocModel","28.02.2025 20:16:44","28.02.2025 20:16:49","00:00:05","68,77 GB","68,77 GB","1","Full","False"
"LABTESTBGADB","MSSQLSERVER","LABTESTBGADB",,"PocModelADTStore","06.03.2025 21:15:31","06.03.2025 21:15:36","00:00:05","17,99 GB","17,99 GB","1","Full","False"
"LABTESTBGADB","MSSQLSERVER","LABTESTBGADB",,"PocModelADTStore","05.03.2025 20:17:06","05.03.2025 20:17:11","00:00:05","17,99 GB","17,99 GB","1","Full","False"
"LABTESTBGADB","MSSQLSERVER","LABTESTBGADB",,"PocModelADTStore","04.03.2025 20:17:37","04.03.2025 20:17:44","00:00:07","17,98 GB","17,98 GB","1","Full","False"
"LABTESTBGADB","MSSQLSERVER","LABTESTBGADB",,"PocModelADTStore","03.03.2025 20:17:32","03.03.2025 20:17:38","00:00:06","17,98 GB","17,98 GB","1","Full","False"
"LABTESTBGADB","MSSQLSERVER","LABTESTBGADB",,"PocModelADTStore","02.03.2025 20:16:18","02.03.2025 20:16:23","00:00:05","17,97 GB","17,97 GB","1","Full","False"
"LABTESTBGADB","MSSQLSERVER","LABTESTBGADB",,"PocModelADTStore","01.03.2025 20:15:50","01.03.2025 20:15:56","00:00:06","17,97 GB","17,97 GB","1","Full","False"
"LABTESTBGADB","MSSQLSERVER","LABTESTBGADB",,"PocModelADTStore","28.02.2025 20:16:44","28.02.2025 20:16:49","00:00:05","17,97 GB","17,97 GB","1","Full","False"
"LABTESTBGADB","MSSQLSERVER","LABTESTBGADB",,"PocModelMirthDb","06.03.2025 21:15:31","06.03.2025 21:15:36","00:00:05","1,73 GB","1,73 GB","1","Full","False"
"LABTESTBGADB","MSSQLSERVER","LABTESTBGADB",,"PocModelMirthDb","05.03.2025 20:17:06","05.03.2025 20:17:11","00:00:05","1,74 GB","1,74 GB","1","Full","False"
"LABTESTBGADB","MSSQLSERVER","LABTESTBGADB",,"PocModelMirthDb","04.03.2025 20:17:37","04.03.2025 20:17:44","00:00:07","1,37 GB","1,37 GB","1","Full","False"
"LABTESTBGADB","MSSQLSERVER","LABTESTBGADB",,"PocModelMirthDb","03.03.2025 20:17:33","03.03.2025 20:17:38","00:00:05","1,20 GB","1,20 GB","1","Full","False"
"LABTESTBGADB","MSSQLSERVER","LABTESTBGADB",,"PocModelMirthDb","02.03.2025 20:16:18","02.03.2025 20:16:23","00:00:05","1,13 GB","1,13 GB","1","Full","False"
"LABTESTBGADB","MSSQLSERVER","LABTESTBGADB",,"PocModelMirthDb","01.03.2025 20:15:50","01.03.2025 20:15:56","00:00:06","1,59 GB","1,59 GB","1","Full","False"
"LABTESTBGADB","MSSQLSERVER","LABTESTBGADB",,"PocModelMirthDb","28.02.2025 20:16:44","28.02.2025 20:16:49","00:00:05","1,81 GB","1,81 GB","1","Full","False"
"LABTESTBGADB","MSSQLSERVER","LABTESTBGADB",,"master","06.03.2025 21:15:31","06.03.2025 21:15:36","00:00:05","4,08 MB","4,08 MB","1","Full","False"
"LABTESTBGADB","MSSQLSERVER","LABTESTBGADB",,"master","05.03.2025 20:17:06","05.03.2025 20:17:11","00:00:05","4,08 MB","4,08 MB","1","Full","False"
"LABTESTBGADB","MSSQLSERVER","LABTESTBGADB",,"master","04.03.2025 20:17:37","04.03.2025 20:17:44","00:00:07","4,08 MB","4,08 MB","1","Full","False"
"LABTESTBGADB","MSSQLSERVER","LABTESTBGADB",,"master","03.03.2025 20:17:33","03.03.2025 20:17:38","00:00:05","4,08 MB","4,08 MB","1","Full","False"
"LABTESTBGADB","MSSQLSERVER","LABTESTBGADB",,"master","02.03.2025 20:16:18","02.03.2025 20:16:23","00:00:05","4,08 MB","4,08 MB","1","Full","False"
"LABTESTBGADB","MSSQLSERVER","LABTESTBGADB",,"master","01.03.2025 20:15:50","01.03.2025 20:15:56","00:00:06","4,08 MB","4,08 MB","1","Full","False"
"LABTESTBGADB","MSSQLSERVER","LABTESTBGADB",,"master","28.02.2025 20:16:44","28.02.2025 20:16:49","00:00:05","4,08 MB","4,08 MB","1","Full","False"
"LABTESTBGADB","MSSQLSERVER","LABTESTBGADB",,"ReportServer","06.03.2025 21:15:31","06.03.2025 21:15:36","00:00:05","16,53 MB","16,53 MB","1","Full","False"
"LABTESTBGADB","MSSQLSERVER","LABTESTBGADB",,"ReportServer","05.03.2025 20:17:06","05.03.2025 20:17:11","00:00:05","16,32 MB","16,32 MB","1","Full","False"
"LABTESTBGADB","MSSQLSERVER","LABTESTBGADB",,"ReportServer","04.03.2025 20:17:37","04.03.2025 20:17:44","00:00:07","16,34 MB","16,34 MB","1","Full","False"
"LABTESTBGADB","MSSQLSERVER","LABTESTBGADB",,"ReportServer","03.03.2025 20:17:33","03.03.2025 20:17:38","00:00:05","16,72 MB","16,72 MB","1","Full","False"
"LABTESTBGADB","MSSQLSERVER","LABTESTBGADB",,"ReportServer","02.03.2025 20:16:18","02.03.2025 20:16:23","00:00:05","16,41 MB","16,41 MB","1","Full","False"
"LABTESTBGADB","MSSQLSERVER","LABTESTBGADB",,"ReportServer","01.03.2025 20:15:50","01.03.2025 20:15:56","00:00:06","16,65 MB","16,65 MB","1","Full","False"
"LABTESTBGADB","MSSQLSERVER","LABTESTBGADB",,"ReportServer","28.02.2025 20:16:44","28.02.2025 20:16:49","00:00:05","16,51 MB","16,51 MB","1","Full","False"
"LABTESTBGADB","MSSQLSERVER","LABTESTBGADB",,"msdb","06.03.2025 21:15:30","06.03.2025 21:15:36","00:00:06","71,31 MB","71,31 MB","1","Full","False"
"LABTESTBGADB","MSSQLSERVER","LABTESTBGADB",,"msdb","05.03.2025 20:17:05","05.03.2025 20:17:11","00:00:06","71,31 MB","71,31 MB","1","Full","False"
"LABTESTBGADB","MSSQLSERVER","LABTESTBGADB",,"msdb","04.03.2025 20:17:36","04.03.2025 20:17:44","00:00:08","71,31 MB","71,31 MB","1","Full","False"
"LABTESTBGADB","MSSQLSERVER","LABTESTBGADB",,"msdb","03.03.2025 20:17:32","03.03.2025 20:17:38","00:00:06","71,18 MB","71,18 MB","1","Full","False"
"LABTESTBGADB","MSSQLSERVER","LABTESTBGADB",,"msdb","02.03.2025 20:16:18","02.03.2025 20:16:23","00:00:05","71,18 MB","71,18 MB","1","Full","False"
"LABTESTBGADB","MSSQLSERVER","LABTESTBGADB",,"msdb","01.03.2025 20:15:50","01.03.2025 20:15:56","00:00:06","71,18 MB","71,18 MB","1","Full","False"
"LABTESTBGADB","MSSQLSERVER","LABTESTBGADB",,"msdb","28.02.2025 20:16:44","28.02.2025 20:16:49","00:00:05","71,18 MB","71,18 MB","1","Full","False"
"LABTESTBGADB","MSSQLSERVER","LABTESTBGADB",,"PocModelQC","06.03.2025 21:15:31","06.03.2025 21:15:36","00:00:05","2,82 MB","2,82 MB","1","Full","False"
"LABTESTBGADB","MSSQLSERVER","LABTESTBGADB",,"PocModelQC","05.03.2025 20:17:06","05.03.2025 20:17:11","00:00:05","2,82 MB","2,82 MB","1","Full","False"
"LABTESTBGADB","MSSQLSERVER","LABTESTBGADB",,"PocModelQC","04.03.2025 20:17:37","04.03.2025 20:17:44","00:00:07","2,82 MB","2,82 MB","1","Full","False"
"LABTESTBGADB","MSSQLSERVER","LABTESTBGADB",,"PocModelQC","03.03.2025 20:17:33","03.03.2025 20:17:38","00:00:05","2,82 MB","2,82 MB","1","Full","False"
"LABTESTBGADB","MSSQLSERVER","LABTESTBGADB",,"PocModelQC","02.03.2025 20:16:18","02.03.2025 20:16:23","00:00:05","2,82 MB","2,82 MB","1","Full","False"
"LABTESTBGADB","MSSQLSERVER","LABTESTBGADB",,"PocModelQC","01.03.2025 20:15:50","01.03.2025 20:15:56","00:00:06","2,82 MB","2,82 MB","1","Full","False"
"LABTESTBGADB","MSSQLSERVER","LABTESTBGADB",,"PocModelQC","28.02.2025 20:16:44","28.02.2025 20:16:49","00:00:05","2,82 MB","2,82 MB","1","Full","False"
"LABTESTBGADB","MSSQLSERVER","LABTESTBGADB",,"ReportServerTempDB","06.03.2025 21:15:31","06.03.2025 21:15:36","00:00:05","4,88 MB","4,88 MB","1","Full","False"
"LABTESTBGADB","MSSQLSERVER","LABTESTBGADB",,"ReportServerTempDB","05.03.2025 20:17:06","05.03.2025 20:17:11","00:00:05","4,88 MB","4,88 MB","1","Full","False"
"LABTESTBGADB","MSSQLSERVER","LABTESTBGADB",,"ReportServerTempDB","04.03.2025 20:17:37","04.03.2025 20:17:44","00:00:07","4,88 MB","4,88 MB","1","Full","False"
"LABTESTBGADB","MSSQLSERVER","LABTESTBGADB",,"ReportServerTempDB","03.03.2025 20:17:33","03.03.2025 20:17:38","00:00:05","4,88 MB","4,88 MB","1","Full","False"
"LABTESTBGADB","MSSQLSERVER","LABTESTBGADB",,"ReportServerTempDB","02.03.2025 20:16:18","02.03.2025 20:16:23","00:00:05","4,88 MB","4,88 MB","1","Full","False"
"LABTESTBGADB","MSSQLSERVER","LABTESTBGADB",,"ReportServerTempDB","01.03.2025 20:15:50","01.03.2025 20:15:56","00:00:06","4,88 MB","4,88 MB","1","Full","False"
"LABTESTBGADB","MSSQLSERVER","LABTESTBGADB",,"ReportServerTempDB","28.02.2025 20:16:44","28.02.2025 20:16:49","00:00:05","4,88 MB","4,88 MB","1","Full","False"
"LABTESTBGADB","MSSQLSERVER","LABTESTBGADB",,"model","06.03.2025 21:15:30","06.03.2025 21:15:36","00:00:06","2,82 MB","2,82 MB","1","Full","False"
"LABTESTBGADB","MSSQLSERVER","LABTESTBGADB",,"model","05.03.2025 20:17:05","05.03.2025 20:17:11","00:00:06","2,82 MB","2,82 MB","1","Full","False"
"LABTESTBGADB","MSSQLSERVER","LABTESTBGADB",,"model","04.03.2025 20:17:36","04.03.2025 20:17:44","00:00:08","2,82 MB","2,82 MB","1","Full","False"
"LABTESTBGADB","MSSQLSERVER","LABTESTBGADB",,"model","03.03.2025 20:17:32","03.03.2025 20:17:38","00:00:06","2,82 MB","2,82 MB","1","Full","False"
"LABTESTBGADB","MSSQLSERVER","LABTESTBGADB",,"model","02.03.2025 20:16:17","02.03.2025 20:16:23","00:00:06","2,82 MB","2,82 MB","1","Full","False"
"LABTESTBGADB","MSSQLSERVER","LABTESTBGADB",,"model","01.03.2025 20:15:50","01.03.2025 20:15:56","00:00:06","2,82 MB","2,82 MB","1","Full","False"
"LABTESTBGADB","MSSQLSERVER","LABTESTBGADB",,"model","28.02.2025 20:16:44","28.02.2025 20:16:49","00:00:05","2,82 MB","2,82 MB","1","Full","False"
