#TYPE Selected.Microsoft.SqlServer.Management.Smo.Login
"ComputerName","InstanceName","SqlInstance","Name","DefaultDatabase","IsDisabled","IsLocked","IsPasswordExpired","LoginType"
"LABTESTBGADB","MSSQLSERVER","LABTESTBGADB","##MS_PolicyEventProcessingLogin##","master","True","False","False","SqlLogin"
"LABTESTBGADB","MSSQLSERVER","LABTESTBGADB","##MS_PolicyTsqlExecutionLogin##","master","True","False","False","SqlLogin"
"LABTESTBGADB","MSSQLSERVER","LABTESTBGADB","BUILTIN\Administrators","master","False",,,"WindowsGroup"
"LABTESTBGADB","MSSQLSERVER","LABTESTBGADB","INTRA\admDP6","master","False",,,"WindowsUser"
"LABTESTBGADB","MSSQLSERVER","LABTESTBGADB","INTRA\gMSASQL$","master","False",,,"WindowsUser"
"LABTESTBGADB","MSSQLSERVER","LABTESTBGADB","INTRA\S_inf_SQLSRV-Supp","master","False",,,"WindowsGroup"
"LABTESTBGADB","MSSQLSERVER","LABTESTBGADB","LABTESTBGADB\sql-Admin","master","False",,,"WindowsGroup"
"LABTESTBGADB","MSSQLSERVER","LABTESTBGADB","NT AUTHORITY\NETWORK SERVICE","master","False",,,"WindowsUser"
"LABTESTBGADB","MSSQLSERVER","LABTESTBGADB","NT AUTHORITY\SYSTEM","master","False",,,"WindowsUser"
"LABTESTBGADB","MSSQLSERVER","LABTESTBGADB","NT SERVICE\MSSQLSERVER","master","False",,,"WindowsUser"
"LABTESTBGADB","MSSQLSERVER","LABTESTBGADB","NT SERVICE\SQLSERVERAGENT","master","False",,,"WindowsUser"
"LABTESTBGADB","MSSQLSERVER","LABTESTBGADB","NT SERVICE\SQLTELEMETRY","master","False",,,"WindowsUser"
"LABTESTBGADB","MSSQLSERVER","LABTESTBGADB","NT SERVICE\SQLWriter","master","False",,,"WindowsUser"
"LABTESTBGADB","MSSQLSERVER","LABTESTBGADB","NT SERVICE\Winmgmt","master","False",,,"WindowsUser"
"LABTESTBGADB","MSSQLSERVER","LABTESTBGADB","ReportUser","master","False","False","False","SqlLogin"
"LABTESTBGADB","MSSQLSERVER","LABTESTBGADB","sa","master","False","False","False","SqlLogin"
