#TYPE Selected.System.Management.Automation.PSCustomObject
"ServerName","ComputerName","InstanceName","SqlInstance","Name","DisplayName","Description","ConfiguredValue","RunningValue","DefaultValue","IsRunningDefaultValue"
"LABTESTBGADB","LABTESTBGADB","MSSQLSERVER","LABTESTBGADB","MinServerMemory","min server memory (MB)","Minimum size of server memory (MB)","4096","4096","0","False"
"LABTESTBGADB","LABTESTBGADB","MSSQLSERVER","LABTESTBGADB","MaxServerMemory","max server memory (MB)","Maximum size of server memory (MB)","4096","4096","2147483647","False"
"LABTESTBGADB","LABTESTBGADB","MSSQLSERVER","LABTESTBGADB","AgentXPsEnabled","Agent XPs","Enable or disable Agent XPs","1","1","0","False"
