#TYPE Selected.System.Management.Automation.PSCustomObject
"ComputerName","InstanceName","SqlInstance","Object","Type","Member","RoleSecurableClass"
"LABTESTBGADB","MSSQLSERVER","LABTESTBGADB","SERVER","SERVER LOGINS","sa","sysadmin"
"LABTESTBGADB","MSSQLSERVER","LABTESTBGADB","SERVER","SERVER LOGINS","INTRA\admDP6","sysadmin"
"LABTESTBGADB","MSSQLSERVER","LABTESTBGADB","SERVER","SERVER LOGINS","BUILTIN\Administrators","sysadmin"
"LABTESTBGADB","MSSQLSERVER","LABTESTBGADB","SERVER","SERVER LOGINS","INTRA\gMSASQL$","None"
"LABTESTBGADB","MSSQLSERVER","LABTESTBGADB","SERVER","SERVER LOGINS","ReportUser","sysadmin"
"LABTESTBGADB","MSSQLSERVER","LABTESTBGADB","SERVER","SERVER LOGINS","LABTESTBGADB\sql-Admin","None"
"LABTESTBGADB","MSSQLSERVER","LABTESTBGADB","SERVER","SERVER LOGINS","INTRA\S_inf_SQLSRV-Supp","sysadmin"
"LABTESTBGADB","MSSQLSERVER","LABTESTBGADB","PocModel","DB ROLE MEMBERS","ReportUser","db_aqurereporting"
"LABTESTBGADB","MSSQLSERVER","LABTESTBGADB","PocModel","DB ROLE MEMBERS","dbo","db_owner"
"LABTESTBGADB","MSSQLSERVER","LABTESTBGADB","PocModel","DB ROLE MEMBERS","ReportUser","db_owner"
"LABTESTBGADB","MSSQLSERVER","LABTESTBGADB","PocModel","DB ROLE MEMBERS","ReportUser","db_datareader"
"LABTESTBGADB","MSSQLSERVER","LABTESTBGADB","PocModelADTStore","DB ROLE MEMBERS","dbo","db_owner"
"LABTESTBGADB","MSSQLSERVER","LABTESTBGADB","PocModelADTStore","DB ROLE MEMBERS","ReportUser","db_datareader"
"LABTESTBGADB","MSSQLSERVER","LABTESTBGADB","PocModelADTStore","DB ROLE MEMBERS","ReportUser","db_datawriter"
"LABTESTBGADB","MSSQLSERVER","LABTESTBGADB","PocModelMirthDb","DB ROLE MEMBERS","dbo","db_owner"
"LABTESTBGADB","MSSQLSERVER","LABTESTBGADB","PocModelMirthDb","DB ROLE MEMBERS","ReportUser","db_owner"
"LABTESTBGADB","MSSQLSERVER","LABTESTBGADB","PocModelMirthDb","DB ROLE MEMBERS","ReportUser","db_datareader"
"LABTESTBGADB","MSSQLSERVER","LABTESTBGADB","PocModelMirthDb","DB ROLE MEMBERS","ReportUser","db_datawriter"
"LABTESTBGADB","MSSQLSERVER","LABTESTBGADB","PocModelQC","DB ROLE MEMBERS","dbo","db_owner"
"LABTESTBGADB","MSSQLSERVER","LABTESTBGADB","PocModelQC","DB ROLE MEMBERS","ReportUser","db_owner"
"LABTESTBGADB","MSSQLSERVER","LABTESTBGADB","PocModelQC","DB ROLE MEMBERS","ReportUser","db_datareader"
"LABTESTBGADB","MSSQLSERVER","LABTESTBGADB","PocModelQC","DB ROLE MEMBERS","ReportUser","db_datawriter"
"LABTESTBGADB","MSSQLSERVER","LABTESTBGADB","ReportServer","DB ROLE MEMBERS","dbo","db_owner"
"LABTESTBGADB","MSSQLSERVER","LABTESTBGADB","ReportServer","DB ROLE MEMBERS","RSExecRole","db_owner"
"LABTESTBGADB","MSSQLSERVER","LABTESTBGADB","ReportServer","DB ROLE MEMBERS","INTRA\gMSASQL$","RSExecRole"
"LABTESTBGADB","MSSQLSERVER","LABTESTBGADB","ReportServer","DB ROLE MEMBERS","NT AUTHORITY\NETWORK SERVICE","RSExecRole"
"LABTESTBGADB","MSSQLSERVER","LABTESTBGADB","ReportServer","DB ROLE MEMBERS","ReportUser","db_owner"
"LABTESTBGADB","MSSQLSERVER","LABTESTBGADB","ReportServer","DB ROLE MEMBERS","ReportUser","db_datareader"
"LABTESTBGADB","MSSQLSERVER","LABTESTBGADB","ReportServer","DB ROLE MEMBERS","ReportUser","db_datawriter"
"LABTESTBGADB","MSSQLSERVER","LABTESTBGADB","ReportServerTempDB","DB ROLE MEMBERS","INTRA\gMSASQL$","RSExecRole"
"LABTESTBGADB","MSSQLSERVER","LABTESTBGADB","ReportServerTempDB","DB ROLE MEMBERS","NT AUTHORITY\NETWORK SERVICE","RSExecRole"
"LABTESTBGADB","MSSQLSERVER","LABTESTBGADB","ReportServerTempDB","DB ROLE MEMBERS","dbo","db_owner"
"LABTESTBGADB","MSSQLSERVER","LABTESTBGADB","ReportServerTempDB","DB ROLE MEMBERS","RSExecRole","db_owner"
"LABTESTBGADB","MSSQLSERVER","LABTESTBGADB","ReportServerTempDB","DB ROLE MEMBERS","ReportUser","db_owner"
"LABTESTBGADB","MSSQLSERVER","LABTESTBGADB","ReportServerTempDB","DB ROLE MEMBERS","ReportUser","db_datareader"
"LABTESTBGADB","MSSQLSERVER","LABTESTBGADB","ReportServerTempDB","DB ROLE MEMBERS","ReportUser","db_datawriter"
