#TYPE Selected.Dataplat.Dbatools.Database.BackupHistory
"ComputerName","InstanceName","SqlInstance","AvailabilityGroupName","Database","Start","End","Duration","TotalSize","CompressedBackupSize","CompressionRatio","Type","IsCopyOnly"
"INFDEVDOCU","MSSQLSERVER","INFDEVDOCU",,"docusnap.DEV","06.03.2025 22:42:37","06.03.2025 22:42:46","00:00:09","50,06 GB","50,06 GB","1","Full","False"
"INFDEVDOCU","MSSQLSERVER","INFDEVDOCU",,"docusnap.DEV","05.03.2025 20:31:49","05.03.2025 20:32:09","00:00:20","50,05 GB","50,05 GB","1","Full","False"
"INFDEVDOCU","MSSQLSERVER","INFDEVDOCU",,"docusnap.DEV","04.03.2025 20:32:51","04.03.2025 20:32:57","00:00:06","50,04 GB","50,04 GB","1","Full","False"
"INFDEVDOCU","MSSQLSERVER","INFDEVDOCU",,"docusnap.DEV","03.03.2025 20:32:44","03.03.2025 20:32:51","00:00:07","50,02 GB","50,02 GB","1","Full","False"
"INFDEVDOCU","MSSQLSERVER","INFDEVDOCU",,"docusnap.DEV","02.03.2025 20:30:16","02.03.2025 20:30:32","00:00:16","50,01 GB","50,01 GB","1","Full","False"
"INFDEVDOCU","MSSQLSERVER","INFDEVDOCU",,"docusnap.DEV","01.03.2025 20:29:38","01.03.2025 20:29:44","00:00:06","50,00 GB","50,00 GB","1","Full","False"
"INFDEVDOCU","MSSQLSERVER","INFDEVDOCU",,"docusnap.DEV","28.02.2025 20:31:23","28.02.2025 20:31:38","00:00:15","49,99 GB","49,99 GB","1","Full","False"
"INFDEVDOCU","MSSQLSERVER","INFDEVDOCU",,"master","06.03.2025 22:42:37","06.03.2025 22:42:46","00:00:09","3,77 MB","3,77 MB","1","Full","False"
"INFDEVDOCU","MSSQLSERVER","INFDEVDOCU",,"master","05.03.2025 20:31:49","05.03.2025 20:32:09","00:00:20","3,77 MB","3,77 MB","1","Full","False"
"INFDEVDOCU","MSSQLSERVER","INFDEVDOCU",,"master","04.03.2025 20:32:51","04.03.2025 20:32:57","00:00:06","3,77 MB","3,77 MB","1","Full","False"
"INFDEVDOCU","MSSQLSERVER","INFDEVDOCU",,"master","03.03.2025 20:32:44","03.03.2025 20:32:51","00:00:07","3,77 MB","3,77 MB","1","Full","False"
"INFDEVDOCU","MSSQLSERVER","INFDEVDOCU",,"master","02.03.2025 20:30:16","02.03.2025 20:30:32","00:00:16","3,77 MB","3,77 MB","1","Full","False"
"INFDEVDOCU","MSSQLSERVER","INFDEVDOCU",,"master","01.03.2025 20:29:38","01.03.2025 20:29:44","00:00:06","3,77 MB","3,77 MB","1","Full","False"
"INFDEVDOCU","MSSQLSERVER","INFDEVDOCU",,"master","28.02.2025 20:31:23","28.02.2025 20:31:38","00:00:15","3,77 MB","3,77 MB","1","Full","False"
"INFDEVDOCU","MSSQLSERVER","INFDEVDOCU",,"msdb","06.03.2025 22:42:37","06.03.2025 22:42:46","00:00:09","29,80 MB","29,80 MB","1","Full","False"
"INFDEVDOCU","MSSQLSERVER","INFDEVDOCU",,"msdb","05.03.2025 20:31:49","05.03.2025 20:32:09","00:00:20","29,80 MB","29,80 MB","1","Full","False"
"INFDEVDOCU","MSSQLSERVER","INFDEVDOCU",,"msdb","04.03.2025 20:32:51","04.03.2025 20:32:57","00:00:06","29,80 MB","29,80 MB","1","Full","False"
"INFDEVDOCU","MSSQLSERVER","INFDEVDOCU",,"msdb","03.03.2025 20:32:44","03.03.2025 20:32:51","00:00:07","29,80 MB","29,80 MB","1","Full","False"
"INFDEVDOCU","MSSQLSERVER","INFDEVDOCU",,"msdb","02.03.2025 20:30:16","02.03.2025 20:30:32","00:00:16","29,80 MB","29,80 MB","1","Full","False"
"INFDEVDOCU","MSSQLSERVER","INFDEVDOCU",,"msdb","01.03.2025 20:29:38","01.03.2025 20:29:44","00:00:06","29,74 MB","29,74 MB","1","Full","False"
"INFDEVDOCU","MSSQLSERVER","INFDEVDOCU",,"msdb","28.02.2025 20:31:23","28.02.2025 20:31:38","00:00:15","29,74 MB","29,74 MB","1","Full","False"
"INFDEVDOCU","MSSQLSERVER","INFDEVDOCU",,"model","06.03.2025 22:42:37","06.03.2025 22:42:46","00:00:09","2,45 MB","2,45 MB","1","Full","False"
"INFDEVDOCU","MSSQLSERVER","INFDEVDOCU",,"model","05.03.2025 20:31:49","05.03.2025 20:32:09","00:00:20","2,45 MB","2,45 MB","1","Full","False"
"INFDEVDOCU","MSSQLSERVER","INFDEVDOCU",,"model","04.03.2025 20:32:51","04.03.2025 20:32:57","00:00:06","2,45 MB","2,45 MB","1","Full","False"
"INFDEVDOCU","MSSQLSERVER","INFDEVDOCU",,"model","03.03.2025 20:32:44","03.03.2025 20:32:51","00:00:07","2,45 MB","2,45 MB","1","Full","False"
"INFDEVDOCU","MSSQLSERVER","INFDEVDOCU",,"model","02.03.2025 20:30:16","02.03.2025 20:30:32","00:00:16","2,45 MB","2,45 MB","1","Full","False"
"INFDEVDOCU","MSSQLSERVER","INFDEVDOCU",,"model","01.03.2025 20:29:38","01.03.2025 20:29:44","00:00:06","2,45 MB","2,45 MB","1","Full","False"
"INFDEVDOCU","MSSQLSERVER","INFDEVDOCU",,"model","28.02.2025 20:31:23","28.02.2025 20:31:38","00:00:15","2,45 MB","2,45 MB","1","Full","False"
