#TYPE Selected.Microsoft.SqlServer.Management.Smo.Login
"ComputerName","InstanceName","SqlInstance","Name","DefaultDatabase","IsDisabled","IsLocked","IsPasswordExpired","LoginType"
"INFDEVDOCU","MSSQLSERVER","INFDEVDOCU","##MS_PolicyEventProcessingLogin##","master","True","False","False","SqlLogin"
"INFDEVDOCU","MSSQLSERVER","INFDEVDOCU","##MS_PolicyTsqlExecutionLogin##","master","True","False","False","SqlLogin"
"INFDEVDOCU","MSSQLSERVER","INFDEVDOCU","docusnap_DB","master","False","False","False","SqlLogin"
"INFDEVDOCU","MSSQLSERVER","INFDEVDOCU","INFDEVDOCU\SQL-Admin","master","False",,,"WindowsGroup"
"INFDEVDOCU","MSSQLSERVER","INFDEVDOCU","NT AUTHORITY\SYSTEM","master","False",,,"WindowsUser"
"INFDEVDOCU","MSSQLSERVER","INFDEVDOCU","NT SERVICE\MSSQLSERVER","master","False",,,"WindowsUser"
"INFDEVDOCU","MSSQLSERVER","INFDEVDOCU","NT SERVICE\SQLSERVERAGENT","master","False",,,"WindowsUser"
"INFDEVDOCU","MSSQLSERVER","INFDEVDOCU","NT SERVICE\SQLTELEMETRY","master","False",,,"WindowsUser"
"INFDEVDOCU","MSSQLSERVER","INFDEVDOCU","NT SERVICE\SQLWriter","master","False",,,"WindowsUser"
"INFDEVDOCU","MSSQLSERVER","INFDEVDOCU","NT SERVICE\Winmgmt","master","False",,,"WindowsUser"
"INFDEVDOCU","MSSQLSERVER","INFDEVDOCU","sa","master","True","False","False","SqlLogin"
