#TYPE Selected.System.Management.Automation.PSCustomObject
"ServerName","ComputerName","InstanceName","SqlInstance","Name","DisplayName","Description","ConfiguredValue","RunningValue","DefaultValue","IsRunningDefaultValue"
"INFDEVDOCU","INFDEVDOCU","MSSQLSERVER","INFDEVDOCU","CursorThreshold","cursor threshold","cursor threshold","-1","-1","0","False"
"INFDEVDOCU","INFDEVDOCU","MSSQLSERVER","INFDEVDOCU","MaxDegreeOfParallelism","max degree of parallelism","maximum degree of parallelism","4","4","0","False"
"INFDEVDOCU","INFDEVDOCU","MSSQLSERVER","INFDEVDOCU","MaxServerMemory","max server memory (MB)","Maximum size of server memory (MB)","12800","12800","2147483647","False"
"INFDEVDOCU","INFDEVDOCU","MSSQLSERVER","INFDEVDOCU","DefaultTraceEnabled","default trace enabled","Enable or disable the default trace","1","1","0","False"
"INFDEVDOCU","INFDEVDOCU","MSSQLSERVER","INFDEVDOCU","ClrStrictSecurity","clr strict security","CLR strict security enabled in the server","1","1","0","False"
"INFDEVDOCU","INFDEVDOCU","MSSQLSERVER","INFDEVDOCU","AgentXPsEnabled","Agent XPs","Enable or disable Agent XPs","1","1","0","False"
