#TYPE Selected.System.Management.Automation.PSCustomObject
"ComputerName","InstanceName","SqlInstance","Object","Type","Member","RoleSecurableClass"
"INFDEVDOCU","MSSQLSERVER","INFDEVDOCU","SERVER","SERVER LOGINS","sa","sysadmin"
"INFDEVDOCU","MSSQLSERVER","INFDEVDOCU","SERVER","SERVER LOGINS","INFDEVDOCU\SQL-Admin","sysadmin"
"INFDEVDOCU","MSSQLSERVER","INFDEVDOCU","SERVER","SERVER LOGINS","docusnap_DB","sysadmin"
"INFDEVDOCU","MSSQLSERVER","INFDEVDOCU","SERVER","SERVER LOGINS","docusnap_DB","dbcreator"
"INFDEVDOCU","MSSQLSERVER","INFDEVDOCU","docusnap.DEV","DB ROLE MEMBERS","dbo","db_owner"
"INFDEVDOCU","MSSQLSERVER","INFDEVDOCU","docusnap.DEV","DB ROLE MEMBERS","webclient","role_serverapi"
"INFDEVDOCU","MSSQLSERVER","INFDEVDOCU","docusnap.DEV","DB ROLE MEMBERS","INTRA\S_Docusnap_Admin","db_owner"
"INFDEVDOCU","MSSQLSERVER","INFDEVDOCU","docusnap.DEV","DB ROLE MEMBERS","INTRA\S_Docusnap_Admin","db_datareader"
"INFDEVDOCU","MSSQLSERVER","INFDEVDOCU","docusnap.DEV","DB ROLE MEMBERS","docusnap_DB","db_owner"
