#TYPE Selected.Microsoft.SqlServer.Management.Smo.Database
"BackupStatus","ComputerName","InstanceName","SqlInstance","SizeMB","Compatibility","Encrypted","LastFullBackup","LastDiffBackup","LastLogBackup","Name"
,"INFMEPMBAMDB","MSSQLSERVER","INFMEPMBAMDB","12,625","Version120","False","07.03.2025 04:11:12","01.01.0001 00:00:00","01.01.0001 00:00:00","ReportServer"
,"INFMEPMBAMDB","MSSQLSERVER","INFMEPMBAMDB","5,625","Version120","False","07.03.2025 04:11:12","01.01.0001 00:00:00","01.01.0001 00:00:00","ReportServerTempDB"
,"INFMEPMBAMDB","MSSQLSERVER","INFMEPMBAMDB","388,5","Version120","False","07.03.2025 04:11:12","01.01.0001 00:00:00","07.03.2025 16:28:58","MBAM Compliance Status"
,"INFMEPMBAMDB","MSSQLSERVER","INFMEPMBAMDB","821,5625","Version120","False","07.03.2025 04:11:12","01.01.0001 00:00:00","07.03.2025 16:28:58","MBAM Recovery and Hardware"
