#TYPE Selected.Microsoft.SqlServer.Management.Smo.Login
"ComputerName","InstanceName","SqlInstance","Name","DefaultDatabase","IsDisabled","IsLocked","IsPasswordExpired","LoginType"
"INFMEPMBAMDB","MSSQLSERVER","INFMEPMBAMDB","##MS_PolicyEventProcessingLogin##","master","True","False","False","SqlLogin"
"INFMEPMBAMDB","MSSQLSERVER","INFMEPMBAMDB","##MS_PolicyTsqlExecutionLogin##","master","True","False","False","SqlLogin"
"INFMEPMBAMDB","MSSQLSERVER","INFMEPMBAMDB","BUILTIN\Administrators","master","False",,,"WindowsGroup"
"INFMEPMBAMDB","MSSQLSERVER","INFMEPMBAMDB","INFMEPMBAMDB\SQL-Admin","master","False",,,"WindowsGroup"
"INFMEPMBAMDB","MSSQLSERVER","INFMEPMBAMDB","INTRA\admdp6","master","False",,,"WindowsUser"
"INFMEPMBAMDB","MSSQLSERVER","INFMEPMBAMDB","INTRA\DIEMBAMRO","MBAM Compliance Status","False",,,"WindowsUser"
"INFMEPMBAMDB","MSSQLSERVER","INFMEPMBAMDB","INTRA\DIEMBAMRW","MBAM Compliance Status","False",,,"WindowsUser"
"INFMEPMBAMDB","MSSQLSERVER","INFMEPMBAMDB","NT AUTHORITY\SYSTEM","master","False",,,"WindowsUser"
"INFMEPMBAMDB","MSSQLSERVER","INFMEPMBAMDB","NT SERVICE\MSSQLSERVER","master","False",,,"WindowsUser"
"INFMEPMBAMDB","MSSQLSERVER","INFMEPMBAMDB","NT SERVICE\ReportServer","master","False",,,"WindowsUser"
"INFMEPMBAMDB","MSSQLSERVER","INFMEPMBAMDB","NT SERVICE\SQLSERVERAGENT","master","False",,,"WindowsUser"
"INFMEPMBAMDB","MSSQLSERVER","INFMEPMBAMDB","NT SERVICE\SQLWriter","master","False",,,"WindowsUser"
"INFMEPMBAMDB","MSSQLSERVER","INFMEPMBAMDB","NT SERVICE\Winmgmt","master","False",,,"WindowsUser"
"INFMEPMBAMDB","MSSQLSERVER","INFMEPMBAMDB","sa","master","True","False","False","SqlLogin"
