#TYPE Selected.System.Management.Automation.PSCustomObject
"ComputerName","InstanceName","SqlInstance","Object","Type","Member","RoleSecurableClass"
"INFMEPMBAMDB","MSSQLSERVER","INFMEPMBAMDB","SERVER","SERVER LOGINS","sa","sysadmin"
"INFMEPMBAMDB","MSSQLSERVER","INFMEPMBAMDB","SERVER","SERVER LOGINS","BUILTIN\Administrators","sysadmin"
"INFMEPMBAMDB","MSSQLSERVER","INFMEPMBAMDB","SERVER","SERVER LOGINS","INTRA\DIEMBAMRW","None"
"INFMEPMBAMDB","MSSQLSERVER","INFMEPMBAMDB","SERVER","SERVER LOGINS","INTRA\DIEMBAMRO","None"
"INFMEPMBAMDB","MSSQLSERVER","INFMEPMBAMDB","SERVER","SERVER LOGINS","INTRA\admdp6","sysadmin"
"INFMEPMBAMDB","MSSQLSERVER","INFMEPMBAMDB","SERVER","SERVER LOGINS","INFMEPMBAMDB\SQL-Admin","sysadmin"
"INFMEPMBAMDB","MSSQLSERVER","INFMEPMBAMDB","MBAM Compliance Status","DB ROLE MEMBERS","INTRA\DIEMBAMRW","ReadRole"
"INFMEPMBAMDB","MSSQLSERVER","INFMEPMBAMDB","MBAM Compliance Status","DB ROLE MEMBERS","INTRA\DIEMBAMRO","ReadRole"
"INFMEPMBAMDB","MSSQLSERVER","INFMEPMBAMDB","MBAM Compliance Status","DB ROLE MEMBERS","INTRA\DIEMBAMRW","WriteRole"
"INFMEPMBAMDB","MSSQLSERVER","INFMEPMBAMDB","MBAM Compliance Status","DB ROLE MEMBERS","dbo","db_owner"
"INFMEPMBAMDB","MSSQLSERVER","INFMEPMBAMDB","MBAM Recovery and Hardware","DB ROLE MEMBERS","INTRA\DIEMBAMRW","ReadRole"
"INFMEPMBAMDB","MSSQLSERVER","INFMEPMBAMDB","MBAM Recovery and Hardware","DB ROLE MEMBERS","INTRA\DIEMBAMRW","WriteRole"
"INFMEPMBAMDB","MSSQLSERVER","INFMEPMBAMDB","MBAM Recovery and Hardware","DB ROLE MEMBERS","dbo","db_owner"
"INFMEPMBAMDB","MSSQLSERVER","INFMEPMBAMDB","ReportServer","DB ROLE MEMBERS","dbo","db_owner"
"INFMEPMBAMDB","MSSQLSERVER","INFMEPMBAMDB","ReportServer","DB ROLE MEMBERS","RSExecRole","db_owner"
"INFMEPMBAMDB","MSSQLSERVER","INFMEPMBAMDB","ReportServer","DB ROLE MEMBERS","NT SERVICE\ReportServer","RSExecRole"
"INFMEPMBAMDB","MSSQLSERVER","INFMEPMBAMDB","ReportServerTempDB","DB ROLE MEMBERS","NT SERVICE\ReportServer","RSExecRole"
"INFMEPMBAMDB","MSSQLSERVER","INFMEPMBAMDB","ReportServerTempDB","DB ROLE MEMBERS","dbo","db_owner"
"INFMEPMBAMDB","MSSQLSERVER","INFMEPMBAMDB","ReportServerTempDB","DB ROLE MEMBERS","RSExecRole","db_owner"
