#TYPE Selected.Microsoft.SqlServer.Management.Smo.Database
"BackupStatus","ComputerName","InstanceName","SqlInstance","SizeMB","Compatibility","Encrypted","LastFullBackup","LastDiffBackup","LastLogBackup","Name"
,"swamepbbdb3","MSSQLSERVER","swamepbbdb3","575207,3125","Version110","False","07.03.2025 04:53:16","01.01.0001 00:00:00","07.03.2025 17:00:01","CXX_AUDIT"
,"swamepbbdb3","MSSQLSERVER","swamepbbdb3","3369,6875","Version110","False","07.03.2025 04:53:16","01.01.0001 00:00:00","07.03.2025 17:00:01","CXX_ENCODED_AUDIT"
,"swamepbbdb3","MSSQLSERVER","swamepbbdb3","764,4375","Version100","False","07.03.2025 04:53:16","01.01.0001 00:00:00","07.03.2025 17:00:02","KAIROS_ENCODED_SPRING"
,"swamepbbdb3","MSSQLSERVER","swamepbbdb3","990,6875","Version110","False","07.03.2025 04:53:16","01.01.0001 00:00:00","07.03.2025 17:00:01","KAIROS_JBPM"
,"swamepbbdb3","MSSQLSERVER","swamepbbdb3","428994,25","Version100","False","07.03.2025 04:53:16","01.01.0001 00:00:00","07.03.2025 17:00:02","KAIROS_SPRING"
