#TYPE Selected.Microsoft.SqlServer.Management.Smo.Login
"ComputerName","InstanceName","SqlInstance","Name","DefaultDatabase","IsDisabled","IsLocked","IsPasswordExpired","LoginType"
"ihemepdb","MSSQLSERVER","ihemepdb","##MS_PolicyEventProcessingLogin##","master","True","False","False","SqlLogin"
"ihemepdb","MSSQLSERVER","ihemepdb","##MS_PolicyTsqlExecutionLogin##","master","True","False","False","SqlLogin"
"ihemepdb","MSSQLSERVER","ihemepdb","foraudit","master","False","False","False","SqlLogin"
"ihemepdb","MSSQLSERVER","ihemepdb","forindex","master","False","False","False","SqlLogin"
"ihemepdb","MSSQLSERVER","ihemepdb","IHEMEPDB\SQL-Admin","master","False",,,"WindowsGroup"
"ihemepdb","MSSQLSERVER","ihemepdb","NT AUTHORITY\SYSTEM","master","False",,,"WindowsUser"
"ihemepdb","MSSQLSERVER","ihemepdb","NT SERVICE\MSSQLSERVER","master","False",,,"WindowsUser"
"ihemepdb","MSSQLSERVER","ihemepdb","NT SERVICE\SQLSERVERAGENT","master","False",,,"WindowsUser"
"ihemepdb","MSSQLSERVER","ihemepdb","NT SERVICE\SQLTELEMETRY","master","False",,,"WindowsUser"
"ihemepdb","MSSQLSERVER","ihemepdb","NT SERVICE\SQLWriter","master","False",,,"WindowsUser"
"ihemepdb","MSSQLSERVER","ihemepdb","NT SERVICE\Winmgmt","master","False",,,"WindowsUser"
"ihemepdb","MSSQLSERVER","ihemepdb","sa","master","True","False","False","SqlLogin"
