#TYPE Selected.System.Management.Automation.PSCustomObject
"ComputerName","InstanceName","SqlInstance","Object","Type","Member","RoleSecurableClass"
"ihemepdb","MSSQLSERVER","ihemepdb","SERVER","SERVER LOGINS","sa","sysadmin"
"ihemepdb","MSSQLSERVER","ihemepdb","SERVER","SERVER LOGINS","IHEMEPDB\SQL-Admin","sysadmin"
"ihemepdb","MSSQLSERVER","ihemepdb","SERVER","SERVER LOGINS","foraudit","None"
"ihemepdb","MSSQLSERVER","ihemepdb","SERVER","SERVER LOGINS","forindex","None"
"ihemepdb","MSSQLSERVER","ihemepdb","foraudit","DB ROLE MEMBERS","dbo","db_owner"
"ihemepdb","MSSQLSERVER","ihemepdb","foraudit","DB ROLE MEMBERS","IHEMEPDB\SQL-Admin","db_owner"
"ihemepdb","MSSQLSERVER","ihemepdb","forindex","DB ROLE MEMBERS","dbo","db_owner"
"ihemepdb","MSSQLSERVER","ihemepdb","forindex","DB ROLE MEMBERS","IHEMEPDB\SQL-Admin","db_owner"
