#TYPE Selected.Microsoft.SqlServer.Management.Smo.Login
"ComputerName","InstanceName","SqlInstance","Name","DefaultDatabase","IsDisabled","IsLocked","IsPasswordExpired","LoginType"
"KVZMEPNHSDB","MSSQLSERVER","KVZMEPNHSDB","##MS_PolicyEventProcessingLogin##","master","True","False","False","SqlLogin"
"KVZMEPNHSDB","MSSQLSERVER","KVZMEPNHSDB","##MS_PolicyTsqlExecutionLogin##","master","True","False","False","SqlLogin"
"KVZMEPNHSDB","MSSQLSERVER","KVZMEPNHSDB","BUILTIN\Administrators","master","False",,,"WindowsGroup"
"KVZMEPNHSDB","MSSQLSERVER","KVZMEPNHSDB","INTRA\admDP6","master","False",,,"WindowsUser"
"KVZMEPNHSDB","MSSQLSERVER","KVZMEPNHSDB","KVZMEPNHSDB\SQL-Admin","master","False",,,"WindowsGroup"
"KVZMEPNHSDB","MSSQLSERVER","KVZMEPNHSDB","nhsffm","master","False","False","False","SqlLogin"
"KVZMEPNHSDB","MSSQLSERVER","KVZMEPNHSDB","NT AUTHORITY\SYSTEM","master","False",,,"WindowsUser"
"KVZMEPNHSDB","MSSQLSERVER","KVZMEPNHSDB","NT SERVICE\MSSQLSERVER","master","False",,,"WindowsUser"
"KVZMEPNHSDB","MSSQLSERVER","KVZMEPNHSDB","NT SERVICE\SQLSERVERAGENT","master","False",,,"WindowsUser"
"KVZMEPNHSDB","MSSQLSERVER","KVZMEPNHSDB","NT SERVICE\SQLTELEMETRY","master","False",,,"WindowsUser"
"KVZMEPNHSDB","MSSQLSERVER","KVZMEPNHSDB","NT SERVICE\SQLWriter","master","False",,,"WindowsUser"
"KVZMEPNHSDB","MSSQLSERVER","KVZMEPNHSDB","NT SERVICE\Winmgmt","master","False",,,"WindowsUser"
"KVZMEPNHSDB","MSSQLSERVER","KVZMEPNHSDB","sa","master","False","False","False","SqlLogin"
