#TYPE Selected.System.Management.Automation.PSCustomObject
"ComputerName","InstanceName","SqlInstance","Object","Type","Member","RoleSecurableClass"
"KVZMEPNHSDB","MSSQLSERVER","KVZMEPNHSDB","SERVER","SERVER LOGINS","sa","sysadmin"
"KVZMEPNHSDB","MSSQLSERVER","KVZMEPNHSDB","SERVER","SERVER LOGINS","BUILTIN\Administrators","sysadmin"
"KVZMEPNHSDB","MSSQLSERVER","KVZMEPNHSDB","SERVER","SERVER LOGINS","INTRA\admDP6","sysadmin"
"KVZMEPNHSDB","MSSQLSERVER","KVZMEPNHSDB","SERVER","SERVER LOGINS","nhsffm","None"
"KVZMEPNHSDB","MSSQLSERVER","KVZMEPNHSDB","SERVER","SERVER LOGINS","KVZMEPNHSDB\SQL-Admin","sysadmin"
"KVZMEPNHSDB","MSSQLSERVER","KVZMEPNHSDB","nhs_ffm","DB ROLE MEMBERS","dbo","db_owner"
"KVZMEPNHSDB","MSSQLSERVER","KVZMEPNHSDB","nhs_ffm","DB ROLE MEMBERS","nhsffm","db_owner"
"KVZMEPNHSDB","MSSQLSERVER","KVZMEPNHSDB","nhs_ffm","DB ROLE MEMBERS","nhsffm","db_datareader"
"KVZMEPNHSDB","MSSQLSERVER","KVZMEPNHSDB","nhs_ffm","DB ROLE MEMBERS","nhsffm","db_datawriter"
