#TYPE Selected.Dataplat.Dbatools.Database.BackupHistory
"ComputerName","InstanceName","SqlInstance","AvailabilityGroupName","Database","Start","End","Duration","TotalSize","CompressedBackupSize","CompressionRatio","Type","IsCopyOnly"
"INFMEPWSUS1","MSSQLSERVER","INFMEPWSUS1",,"SUSDB","06.03.2025 22:05:05","06.03.2025 22:05:10","00:00:05","8,34 GB","8,34 GB","1","Full","False"
"INFMEPWSUS1","MSSQLSERVER","INFMEPWSUS1",,"SUSDB","05.03.2025 20:26:18","05.03.2025 20:26:27","00:00:09","8,34 GB","8,34 GB","1","Full","False"
"INFMEPWSUS1","MSSQLSERVER","INFMEPWSUS1",,"SUSDB","04.03.2025 20:27:04","04.03.2025 20:27:10","00:00:06","8,33 GB","8,33 GB","1","Full","False"
"INFMEPWSUS1","MSSQLSERVER","INFMEPWSUS1",,"SUSDB","03.03.2025 20:27:26","03.03.2025 20:27:33","00:00:07","8,32 GB","8,32 GB","1","Full","False"
"INFMEPWSUS1","MSSQLSERVER","INFMEPWSUS1",,"SUSDB","02.03.2025 20:24:35","02.03.2025 20:24:43","00:00:08","8,30 GB","8,30 GB","1","Full","False"
"INFMEPWSUS1","MSSQLSERVER","INFMEPWSUS1",,"SUSDB","01.03.2025 20:24:21","01.03.2025 20:24:26","00:00:05","8,39 GB","8,39 GB","1","Full","False"
"INFMEPWSUS1","MSSQLSERVER","INFMEPWSUS1",,"SUSDB","28.02.2025 20:25:31","28.02.2025 20:25:38","00:00:07","8,31 GB","8,31 GB","1","Full","False"
"INFMEPWSUS1","MSSQLSERVER","INFMEPWSUS1",,"master","06.03.2025 22:05:05","06.03.2025 22:05:10","00:00:05","4,02 MB","4,02 MB","1","Full","False"
"INFMEPWSUS1","MSSQLSERVER","INFMEPWSUS1",,"master","05.03.2025 20:26:18","05.03.2025 20:26:27","00:00:09","4,02 MB","4,02 MB","1","Full","False"
"INFMEPWSUS1","MSSQLSERVER","INFMEPWSUS1",,"master","04.03.2025 20:27:04","04.03.2025 20:27:10","00:00:06","4,02 MB","4,02 MB","1","Full","False"
"INFMEPWSUS1","MSSQLSERVER","INFMEPWSUS1",,"master","03.03.2025 20:27:26","03.03.2025 20:27:33","00:00:07","4,02 MB","4,02 MB","1","Full","False"
"INFMEPWSUS1","MSSQLSERVER","INFMEPWSUS1",,"master","02.03.2025 20:24:35","02.03.2025 20:24:43","00:00:08","4,02 MB","4,02 MB","1","Full","False"
"INFMEPWSUS1","MSSQLSERVER","INFMEPWSUS1",,"master","01.03.2025 20:24:21","01.03.2025 20:24:26","00:00:05","4,02 MB","4,02 MB","1","Full","False"
"INFMEPWSUS1","MSSQLSERVER","INFMEPWSUS1",,"master","28.02.2025 20:25:31","28.02.2025 20:25:38","00:00:07","4,02 MB","4,02 MB","1","Full","False"
"INFMEPWSUS1","MSSQLSERVER","INFMEPWSUS1",,"msdb","06.03.2025 22:05:05","06.03.2025 22:05:10","00:00:05","201,24 MB","201,24 MB","1","Full","False"
"INFMEPWSUS1","MSSQLSERVER","INFMEPWSUS1",,"msdb","05.03.2025 20:26:18","05.03.2025 20:26:27","00:00:09","201,24 MB","201,24 MB","1","Full","False"
"INFMEPWSUS1","MSSQLSERVER","INFMEPWSUS1",,"msdb","04.03.2025 20:27:04","04.03.2025 20:27:10","00:00:06","201,24 MB","201,24 MB","1","Full","False"
"INFMEPWSUS1","MSSQLSERVER","INFMEPWSUS1",,"msdb","03.03.2025 20:27:26","03.03.2025 20:27:33","00:00:07","201,30 MB","201,30 MB","1","Full","False"
"INFMEPWSUS1","MSSQLSERVER","INFMEPWSUS1",,"msdb","02.03.2025 20:24:35","02.03.2025 20:24:43","00:00:08","201,30 MB","201,30 MB","1","Full","False"
"INFMEPWSUS1","MSSQLSERVER","INFMEPWSUS1",,"msdb","01.03.2025 20:24:21","01.03.2025 20:24:26","00:00:05","201,30 MB","201,30 MB","1","Full","False"
"INFMEPWSUS1","MSSQLSERVER","INFMEPWSUS1",,"msdb","28.02.2025 20:25:31","28.02.2025 20:25:38","00:00:07","201,30 MB","201,30 MB","1","Full","False"
"INFMEPWSUS1","MSSQLSERVER","INFMEPWSUS1",,"model","06.03.2025 22:05:05","06.03.2025 22:05:10","00:00:05","2,88 MB","2,88 MB","1","Full","False"
"INFMEPWSUS1","MSSQLSERVER","INFMEPWSUS1",,"model","05.03.2025 20:26:18","05.03.2025 20:26:27","00:00:09","2,88 MB","2,88 MB","1","Full","False"
"INFMEPWSUS1","MSSQLSERVER","INFMEPWSUS1",,"model","04.03.2025 20:27:04","04.03.2025 20:27:10","00:00:06","2,88 MB","2,88 MB","1","Full","False"
"INFMEPWSUS1","MSSQLSERVER","INFMEPWSUS1",,"model","03.03.2025 20:27:26","03.03.2025 20:27:33","00:00:07","2,88 MB","2,88 MB","1","Full","False"
"INFMEPWSUS1","MSSQLSERVER","INFMEPWSUS1",,"model","02.03.2025 20:24:35","02.03.2025 20:24:43","00:00:08","2,88 MB","2,88 MB","1","Full","False"
"INFMEPWSUS1","MSSQLSERVER","INFMEPWSUS1",,"model","01.03.2025 20:24:21","01.03.2025 20:24:26","00:00:05","2,88 MB","2,88 MB","1","Full","False"
"INFMEPWSUS1","MSSQLSERVER","INFMEPWSUS1",,"model","28.02.2025 20:25:31","28.02.2025 20:25:38","00:00:07","2,88 MB","2,88 MB","1","Full","False"
