#TYPE Selected.Microsoft.SqlServer.Management.Smo.Login
"ComputerName","InstanceName","SqlInstance","Name","DefaultDatabase","IsDisabled","IsLocked","IsPasswordExpired","LoginType"
"INFMEPWSUS1","MSSQLSERVER","INFMEPWSUS1","##MS_PolicyEventProcessingLogin##","master","True","False","False","SqlLogin"
"INFMEPWSUS1","MSSQLSERVER","INFMEPWSUS1","##MS_PolicyTsqlExecutionLogin##","master","True","False","False","SqlLogin"
"INFMEPWSUS1","MSSQLSERVER","INFMEPWSUS1","BUILTIN\Administrators","master","False",,,"WindowsGroup"
"INFMEPWSUS1","MSSQLSERVER","INFMEPWSUS1","dbreader","SUSDB","False","False","False","SqlLogin"
"INFMEPWSUS1","MSSQLSERVER","INFMEPWSUS1","INFMEPWSUS1\SQL-Admin","master","False",,,"WindowsGroup"
"INFMEPWSUS1","MSSQLSERVER","INFMEPWSUS1","INFMEPWSUS1\WSUS Administrators","master","False",,,"WindowsGroup"
"INFMEPWSUS1","MSSQLSERVER","INFMEPWSUS1","INTRA\admdba","master","False",,,"WindowsUser"
"INFMEPWSUS1","MSSQLSERVER","INFMEPWSUS1","INTRA\admDP6","master","False",,,"WindowsUser"
"INFMEPWSUS1","MSSQLSERVER","INFMEPWSUS1","intra\diekucsql","master","False",,,"WindowsUser"
"INFMEPWSUS1","MSSQLSERVER","INFMEPWSUS1","NT AUTHORITY\NETWORK SERVICE","master","False",,,"WindowsUser"
"INFMEPWSUS1","MSSQLSERVER","INFMEPWSUS1","NT AUTHORITY\SYSTEM","master","False",,,"WindowsUser"
"INFMEPWSUS1","MSSQLSERVER","INFMEPWSUS1","NT SERVICE\MSSQLSERVER","master","False",,,"WindowsUser"
"INFMEPWSUS1","MSSQLSERVER","INFMEPWSUS1","NT SERVICE\SQLSERVERAGENT","master","False",,,"WindowsUser"
"INFMEPWSUS1","MSSQLSERVER","INFMEPWSUS1","NT SERVICE\SQLTELEMETRY","master","False",,,"WindowsUser"
"INFMEPWSUS1","MSSQLSERVER","INFMEPWSUS1","NT SERVICE\SQLWriter","master","False",,,"WindowsUser"
"INFMEPWSUS1","MSSQLSERVER","INFMEPWSUS1","NT SERVICE\Winmgmt","master","False",,,"WindowsUser"
"INFMEPWSUS1","MSSQLSERVER","INFMEPWSUS1","rcconnect","SUSDB","False","False","False","SqlLogin"
"INFMEPWSUS1","MSSQLSERVER","INFMEPWSUS1","sa","master","True","False","False","SqlLogin"
"INFMEPWSUS1","MSSQLSERVER","INFMEPWSUS1","susdbread","SUSDB","False","False","False","SqlLogin"
