#TYPE Selected.System.Management.Automation.PSCustomObject
"ComputerName","InstanceName","SqlInstance","Object","Type","Member","RoleSecurableClass"
"INFMEPWSUS1","MSSQLSERVER","INFMEPWSUS1","SERVER","SERVER LOGINS","sa","sysadmin"
"INFMEPWSUS1","MSSQLSERVER","INFMEPWSUS1","SERVER","SERVER LOGINS","INTRA\admDP6","sysadmin"
"INFMEPWSUS1","MSSQLSERVER","INFMEPWSUS1","SERVER","SERVER LOGINS","BUILTIN\Administrators","sysadmin"
"INFMEPWSUS1","MSSQLSERVER","INFMEPWSUS1","SERVER","SERVER LOGINS","INFMEPWSUS1\WSUS Administrators","None"
"INFMEPWSUS1","MSSQLSERVER","INFMEPWSUS1","SERVER","SERVER LOGINS","susdbread","None"
"INFMEPWSUS1","MSSQLSERVER","INFMEPWSUS1","SERVER","SERVER LOGINS","dbreader","None"
"INFMEPWSUS1","MSSQLSERVER","INFMEPWSUS1","SERVER","SERVER LOGINS","rcconnect","None"
"INFMEPWSUS1","MSSQLSERVER","INFMEPWSUS1","SERVER","SERVER LOGINS","INFMEPWSUS1\SQL-Admin","None"
"INFMEPWSUS1","MSSQLSERVER","INFMEPWSUS1","SERVER","SERVER LOGINS","intra\diekucsql","None"
"INFMEPWSUS1","MSSQLSERVER","INFMEPWSUS1","SERVER","SERVER LOGINS","INTRA\admdba","sysadmin"
"INFMEPWSUS1","MSSQLSERVER","INFMEPWSUS1","SUSDB","DB ROLE MEMBERS","dbo","db_owner"
"INFMEPWSUS1","MSSQLSERVER","INFMEPWSUS1","SUSDB","DB ROLE MEMBERS","NT AUTHORITY\NETWORK SERVICE","webService"
"INFMEPWSUS1","MSSQLSERVER","INFMEPWSUS1","SUSDB","DB ROLE MEMBERS","INFMEPWSUS1\WSUS Administrators","webService"
"INFMEPWSUS1","MSSQLSERVER","INFMEPWSUS1","SUSDB","DB ROLE MEMBERS","dbreader","PublicViewAccess"
"INFMEPWSUS1","MSSQLSERVER","INFMEPWSUS1","SUSDB","DB ROLE MEMBERS","dbreader","db_datareader"
"INFMEPWSUS1","MSSQLSERVER","INFMEPWSUS1","SUSDB","DB ROLE MEMBERS","rcconnect","db_datareader"
