#TYPE Selected.Dataplat.Dbatools.Database.BackupHistory
"ComputerName","InstanceName","SqlInstance","AvailabilityGroupName","Database","Start","End","Duration","TotalSize","CompressedBackupSize","CompressionRatio","Type","IsCopyOnly"
"KVZMEPKISFRAGE","MSSQLSERVER","KVZMEPKISFRAGE",,"msdb","07.03.2025 03:40:49","07.03.2025 03:40:55","00:00:06","149,30 MB","149,30 MB","1","Full","False"
"KVZMEPKISFRAGE","MSSQLSERVER","KVZMEPKISFRAGE",,"msdb","06.03.2025 00:12:40","06.03.2025 00:12:45","00:00:05","149,29 MB","149,29 MB","1","Full","False"
"KVZMEPKISFRAGE","MSSQLSERVER","KVZMEPKISFRAGE",,"msdb","05.03.2025 02:05:03","05.03.2025 02:05:22","00:00:19","149,30 MB","149,30 MB","1","Full","False"
"KVZMEPKISFRAGE","MSSQLSERVER","KVZMEPKISFRAGE",,"msdb","04.03.2025 00:08:58","04.03.2025 00:09:16","00:00:18","149,30 MB","149,30 MB","1","Full","False"
"KVZMEPKISFRAGE","MSSQLSERVER","KVZMEPKISFRAGE",,"msdb","03.03.2025 00:07:24","03.03.2025 00:07:40","00:00:16","149,29 MB","149,29 MB","1","Full","False"
"KVZMEPKISFRAGE","MSSQLSERVER","KVZMEPKISFRAGE",,"msdb","02.03.2025 03:15:05","02.03.2025 03:15:24","00:00:19","149,31 MB","149,31 MB","1","Full","False"
"KVZMEPKISFRAGE","MSSQLSERVER","KVZMEPKISFRAGE",,"msdb","01.03.2025 00:15:00","01.03.2025 00:15:15","00:00:15","149,29 MB","149,29 MB","1","Full","False"
"KVZMEPKISFRAGE","MSSQLSERVER","KVZMEPKISFRAGE",,"Ki2Da","07.03.2025 03:40:49","07.03.2025 03:40:55","00:00:06","620,45 MB","620,45 MB","1","Full","False"
"KVZMEPKISFRAGE","MSSQLSERVER","KVZMEPKISFRAGE",,"Ki2Da","06.03.2025 00:12:40","06.03.2025 00:12:45","00:00:05","620,45 MB","620,45 MB","1","Full","False"
"KVZMEPKISFRAGE","MSSQLSERVER","KVZMEPKISFRAGE",,"Ki2Da","05.03.2025 02:05:03","05.03.2025 02:05:22","00:00:19","620,24 MB","620,24 MB","1","Full","False"
"KVZMEPKISFRAGE","MSSQLSERVER","KVZMEPKISFRAGE",,"Ki2Da","04.03.2025 00:08:58","04.03.2025 00:09:16","00:00:18","620,01 MB","620,01 MB","1","Full","False"
"KVZMEPKISFRAGE","MSSQLSERVER","KVZMEPKISFRAGE",,"Ki2Da","03.03.2025 00:07:24","03.03.2025 00:07:40","00:00:16","619,63 MB","619,63 MB","1","Full","False"
"KVZMEPKISFRAGE","MSSQLSERVER","KVZMEPKISFRAGE",,"Ki2Da","02.03.2025 03:15:05","02.03.2025 03:15:24","00:00:19","619,63 MB","619,63 MB","1","Full","False"
"KVZMEPKISFRAGE","MSSQLSERVER","KVZMEPKISFRAGE",,"Ki2Da","01.03.2025 00:15:00","01.03.2025 00:15:15","00:00:15","619,63 MB","619,63 MB","1","Full","False"
"KVZMEPKISFRAGE","MSSQLSERVER","KVZMEPKISFRAGE",,"master","07.03.2025 03:40:49","07.03.2025 03:40:55","00:00:06","4,07 MB","4,07 MB","1","Full","False"
"KVZMEPKISFRAGE","MSSQLSERVER","KVZMEPKISFRAGE",,"master","06.03.2025 00:12:40","06.03.2025 00:12:45","00:00:05","4,08 MB","4,08 MB","1","Full","False"
"KVZMEPKISFRAGE","MSSQLSERVER","KVZMEPKISFRAGE",,"master","05.03.2025 02:05:03","05.03.2025 02:05:22","00:00:19","4,08 MB","4,08 MB","1","Full","False"
"KVZMEPKISFRAGE","MSSQLSERVER","KVZMEPKISFRAGE",,"master","04.03.2025 00:08:58","04.03.2025 00:09:16","00:00:18","4,08 MB","4,08 MB","1","Full","False"
"KVZMEPKISFRAGE","MSSQLSERVER","KVZMEPKISFRAGE",,"master","03.03.2025 00:07:24","03.03.2025 00:07:40","00:00:16","4,08 MB","4,08 MB","1","Full","False"
"KVZMEPKISFRAGE","MSSQLSERVER","KVZMEPKISFRAGE",,"master","02.03.2025 03:15:05","02.03.2025 03:15:24","00:00:19","4,08 MB","4,08 MB","1","Full","False"
"KVZMEPKISFRAGE","MSSQLSERVER","KVZMEPKISFRAGE",,"master","01.03.2025 00:15:00","01.03.2025 00:15:15","00:00:15","4,08 MB","4,08 MB","1","Full","False"
"KVZMEPKISFRAGE","MSSQLSERVER","KVZMEPKISFRAGE",,"Ki2DaSDI","07.03.2025 03:40:49","07.03.2025 03:40:55","00:00:06","4,26 MB","4,26 MB","1","Full","False"
"KVZMEPKISFRAGE","MSSQLSERVER","KVZMEPKISFRAGE",,"Ki2DaSDI","06.03.2025 00:12:40","06.03.2025 00:12:45","00:00:05","4,26 MB","4,26 MB","1","Full","False"
"KVZMEPKISFRAGE","MSSQLSERVER","KVZMEPKISFRAGE",,"Ki2DaSDI","05.03.2025 02:05:03","05.03.2025 02:05:22","00:00:19","4,26 MB","4,26 MB","1","Full","False"
"KVZMEPKISFRAGE","MSSQLSERVER","KVZMEPKISFRAGE",,"Ki2DaSDI","04.03.2025 00:08:58","04.03.2025 00:09:16","00:00:18","4,26 MB","4,26 MB","1","Full","False"
"KVZMEPKISFRAGE","MSSQLSERVER","KVZMEPKISFRAGE",,"Ki2DaSDI","03.03.2025 00:07:24","03.03.2025 00:07:40","00:00:16","4,26 MB","4,26 MB","1","Full","False"
"KVZMEPKISFRAGE","MSSQLSERVER","KVZMEPKISFRAGE",,"Ki2DaSDI","02.03.2025 03:15:05","02.03.2025 03:15:24","00:00:19","4,26 MB","4,26 MB","1","Full","False"
"KVZMEPKISFRAGE","MSSQLSERVER","KVZMEPKISFRAGE",,"Ki2DaSDI","01.03.2025 00:15:00","01.03.2025 00:15:15","00:00:15","4,26 MB","4,26 MB","1","Full","False"
"KVZMEPKISFRAGE","MSSQLSERVER","KVZMEPKISFRAGE",,"model","07.03.2025 03:40:49","07.03.2025 03:40:55","00:00:06","2,82 MB","2,82 MB","1","Full","False"
"KVZMEPKISFRAGE","MSSQLSERVER","KVZMEPKISFRAGE",,"model","06.03.2025 00:12:40","06.03.2025 00:12:45","00:00:05","2,82 MB","2,82 MB","1","Full","False"
"KVZMEPKISFRAGE","MSSQLSERVER","KVZMEPKISFRAGE",,"model","05.03.2025 02:05:03","05.03.2025 02:05:22","00:00:19","2,82 MB","2,82 MB","1","Full","False"
"KVZMEPKISFRAGE","MSSQLSERVER","KVZMEPKISFRAGE",,"model","04.03.2025 00:08:58","04.03.2025 00:09:16","00:00:18","2,82 MB","2,82 MB","1","Full","False"
"KVZMEPKISFRAGE","MSSQLSERVER","KVZMEPKISFRAGE",,"model","03.03.2025 00:07:24","03.03.2025 00:07:40","00:00:16","2,82 MB","2,82 MB","1","Full","False"
"KVZMEPKISFRAGE","MSSQLSERVER","KVZMEPKISFRAGE",,"model","02.03.2025 03:15:05","02.03.2025 03:15:24","00:00:19","2,82 MB","2,82 MB","1","Full","False"
"KVZMEPKISFRAGE","MSSQLSERVER","KVZMEPKISFRAGE",,"model","01.03.2025 00:15:00","01.03.2025 00:15:15","00:00:15","2,82 MB","2,82 MB","1","Full","False"
