#TYPE Selected.Microsoft.SqlServer.Management.Smo.Login
"ComputerName","InstanceName","SqlInstance","Name","DefaultDatabase","IsDisabled","IsLocked","IsPasswordExpired","LoginType"
"KVZMEPKISFRAGE","MSSQLSERVER","KVZMEPKISFRAGE","##MS_PolicyEventProcessingLogin##","master","True","False","False","SqlLogin"
"KVZMEPKISFRAGE","MSSQLSERVER","KVZMEPKISFRAGE","##MS_PolicyTsqlExecutionLogin##","master","True","False","False","SqlLogin"
"KVZMEPKISFRAGE","MSSQLSERVER","KVZMEPKISFRAGE","BUILTIN\Administrators","master","False",,,"WindowsGroup"
"KVZMEPKISFRAGE","MSSQLSERVER","KVZMEPKISFRAGE","INTRA\AHecht","master","False",,,"WindowsUser"
"KVZMEPKISFRAGE","MSSQLSERVER","KVZMEPKISFRAGE","INTRA\nakarkac","master","False",,,"WindowsUser"
"KVZMEPKISFRAGE","MSSQLSERVER","KVZMEPKISFRAGE","INTRA\SArbet","master","False",,,"WindowsUser"
"KVZMEPKISFRAGE","MSSQLSERVER","KVZMEPKISFRAGE","kiss2020","master","False","False","False","SqlLogin"
"KVZMEPKISFRAGE","MSSQLSERVER","KVZMEPKISFRAGE","KVZMEPKISFRAGE\SQL-Admin","master","False",,,"WindowsGroup"
"KVZMEPKISFRAGE","MSSQLSERVER","KVZMEPKISFRAGE","NT AUTHORITY\SYSTEM","master","False",,,"WindowsUser"
"KVZMEPKISFRAGE","MSSQLSERVER","KVZMEPKISFRAGE","NT SERVICE\MSSQLSERVER","master","False",,,"WindowsUser"
"KVZMEPKISFRAGE","MSSQLSERVER","KVZMEPKISFRAGE","NT SERVICE\SQLSERVERAGENT","master","False",,,"WindowsUser"
"KVZMEPKISFRAGE","MSSQLSERVER","KVZMEPKISFRAGE","NT SERVICE\SQLTELEMETRY","master","False",,,"WindowsUser"
"KVZMEPKISFRAGE","MSSQLSERVER","KVZMEPKISFRAGE","NT SERVICE\SQLWriter","master","False",,,"WindowsUser"
"KVZMEPKISFRAGE","MSSQLSERVER","KVZMEPKISFRAGE","NT SERVICE\Winmgmt","master","False",,,"WindowsUser"
"KVZMEPKISFRAGE","MSSQLSERVER","KVZMEPKISFRAGE","nwphkvz","master","False","False","False","SqlLogin"
"KVZMEPKISFRAGE","MSSQLSERVER","KVZMEPKISFRAGE","nwphkvz1","Ki2Da","False","False","True","SqlLogin"
"KVZMEPKISFRAGE","MSSQLSERVER","KVZMEPKISFRAGE","nwphkvz2","Ki2Da","False","False","False","SqlLogin"
"KVZMEPKISFRAGE","MSSQLSERVER","KVZMEPKISFRAGE","sa","master","False","False","False","SqlLogin"
"KVZMEPKISFRAGE","MSSQLSERVER","KVZMEPKISFRAGE","saKiss","master","False","False","False","SqlLogin"
