#TYPE Selected.System.Management.Automation.PSCustomObject
"ServerName","ComputerName","InstanceName","SqlInstance","Name","DisplayName","Description","ConfiguredValue","RunningValue","DefaultValue","IsRunningDefaultValue"
"KVZMEPKISFRAGE","KVZMEPKISFRAGE","MSSQLSERVER","KVZMEPKISFRAGE","DefaultLanguage","default language","default language","1","1","0","False"
"KVZMEPKISFRAGE","KVZMEPKISFRAGE","MSSQLSERVER","KVZMEPKISFRAGE","MaxServerMemory","max server memory (MB)","Maximum size of server memory (MB)","6144","6144","2147483647","False"
"KVZMEPKISFRAGE","KVZMEPKISFRAGE","MSSQLSERVER","KVZMEPKISFRAGE","AgentXPsEnabled","Agent XPs","Enable or disable Agent XPs","1","1","0","False"
