#TYPE Selected.System.Management.Automation.PSCustomObject
"ComputerName","InstanceName","SqlInstance","Object","Type","Member","RoleSecurableClass"
"KVZMEPKISFRAGE","MSSQLSERVER","KVZMEPKISFRAGE","SERVER","SERVER LOGINS","sa","sysadmin"
"KVZMEPKISFRAGE","MSSQLSERVER","KVZMEPKISFRAGE","SERVER","SERVER LOGINS","BUILTIN\Administrators","sysadmin"
"KVZMEPKISFRAGE","MSSQLSERVER","KVZMEPKISFRAGE","SERVER","SERVER LOGINS","nwphkvz","None"
"KVZMEPKISFRAGE","MSSQLSERVER","KVZMEPKISFRAGE","SERVER","SERVER LOGINS","kiss2020","None"
"KVZMEPKISFRAGE","MSSQLSERVER","KVZMEPKISFRAGE","SERVER","SERVER LOGINS","INTRA\nakarkac","None"
"KVZMEPKISFRAGE","MSSQLSERVER","KVZMEPKISFRAGE","SERVER","SERVER LOGINS","KVZMEPKISFRAGE\SQL-Admin","sysadmin"
"KVZMEPKISFRAGE","MSSQLSERVER","KVZMEPKISFRAGE","SERVER","SERVER LOGINS","INTRA\AHecht","None"
"KVZMEPKISFRAGE","MSSQLSERVER","KVZMEPKISFRAGE","SERVER","SERVER LOGINS","saKiss","sysadmin"
"KVZMEPKISFRAGE","MSSQLSERVER","KVZMEPKISFRAGE","SERVER","SERVER LOGINS","saKiss","serveradmin"
"KVZMEPKISFRAGE","MSSQLSERVER","KVZMEPKISFRAGE","SERVER","SERVER LOGINS","saKiss","dbcreator"
"KVZMEPKISFRAGE","MSSQLSERVER","KVZMEPKISFRAGE","SERVER","SERVER LOGINS","INTRA\SArbet","None"
"KVZMEPKISFRAGE","MSSQLSERVER","KVZMEPKISFRAGE","SERVER","SERVER LOGINS","nwphkvz1","dbcreator"
"KVZMEPKISFRAGE","MSSQLSERVER","KVZMEPKISFRAGE","SERVER","SERVER LOGINS","nwphkvz2","None"
"KVZMEPKISFRAGE","MSSQLSERVER","KVZMEPKISFRAGE","Ki2Da","DB ROLE MEMBERS","dbo","db_owner"
"KVZMEPKISFRAGE","MSSQLSERVER","KVZMEPKISFRAGE","Ki2Da","DB ROLE MEMBERS","nwphkvz","db_owner"
"KVZMEPKISFRAGE","MSSQLSERVER","KVZMEPKISFRAGE","Ki2Da","DB ROLE MEMBERS","kiss2020","db_datareader"
"KVZMEPKISFRAGE","MSSQLSERVER","KVZMEPKISFRAGE","Ki2Da","DB ROLE MEMBERS","nwphkvz2","db_owner"
"KVZMEPKISFRAGE","MSSQLSERVER","KVZMEPKISFRAGE","Ki2Da","DB ROLE MEMBERS","INTRA\nakarkac","db_datareader"
"KVZMEPKISFRAGE","MSSQLSERVER","KVZMEPKISFRAGE","Ki2Da","DB ROLE MEMBERS","INTRA\AHecht","ki2da_CreateObjects"
"KVZMEPKISFRAGE","MSSQLSERVER","KVZMEPKISFRAGE","Ki2Da","DB ROLE MEMBERS","INTRA\AHecht","db_datareader"
"KVZMEPKISFRAGE","MSSQLSERVER","KVZMEPKISFRAGE","Ki2Da","DB ROLE MEMBERS","INTRA\AHecht","db_datawriter"
"KVZMEPKISFRAGE","MSSQLSERVER","KVZMEPKISFRAGE","Ki2Da","DB ROLE MEMBERS","nwphkvz1","db_owner"
"KVZMEPKISFRAGE","MSSQLSERVER","KVZMEPKISFRAGE","Ki2DaSDI","DB ROLE MEMBERS","dbo","db_owner"
