#TYPE Selected.Microsoft.SqlServer.Management.Smo.Login
"ComputerName","InstanceName","SqlInstance","Name","DefaultDatabase","IsDisabled","IsLocked","IsPasswordExpired","LoginType"
"INTTESTDBAPPMV6","MSSQLSERVER","INTTESTDBAPPMV6","##MS_PolicyEventProcessingLogin##","master","True","False","False","SqlLogin"
"INTTESTDBAPPMV6","MSSQLSERVER","INTTESTDBAPPMV6","##MS_PolicyTsqlExecutionLogin##","master","True","False","False","SqlLogin"
"INTTESTDBAPPMV6","MSSQLSERVER","INTTESTDBAPPMV6","INTRA\admmku","master","False",,,"WindowsUser"
"INTTESTDBAPPMV6","MSSQLSERVER","INTTESTDBAPPMV6","INTRA\S_inf_SQLSRV-Supp","master","False",,,"WindowsGroup"
"INTTESTDBAPPMV6","MSSQLSERVER","INTTESTDBAPPMV6","INTTESTDBAPPMV6\SQL-Admin","master","False",,,"WindowsGroup"
"INTTESTDBAPPMV6","MSSQLSERVER","INTTESTDBAPPMV6","NT AUTHORITY\SYSTEM","master","False",,,"WindowsUser"
"INTTESTDBAPPMV6","MSSQLSERVER","INTTESTDBAPPMV6","NT SERVICE\MSSQLSERVER","master","False",,,"WindowsUser"
"INTTESTDBAPPMV6","MSSQLSERVER","INTTESTDBAPPMV6","NT SERVICE\SQLSERVERAGENT","master","False",,,"WindowsUser"
"INTTESTDBAPPMV6","MSSQLSERVER","INTTESTDBAPPMV6","NT SERVICE\SQLTELEMETRY","master","False",,,"WindowsUser"
"INTTESTDBAPPMV6","MSSQLSERVER","INTTESTDBAPPMV6","NT SERVICE\SQLWriter","master","False",,,"WindowsUser"
"INTTESTDBAPPMV6","MSSQLSERVER","INTTESTDBAPPMV6","NT SERVICE\Winmgmt","master","False",,,"WindowsUser"
"INTTESTDBAPPMV6","MSSQLSERVER","INTTESTDBAPPMV6","sa","master","True","False","False","SqlLogin"
