#TYPE Selected.System.Management.Automation.PSCustomObject
"ComputerName","InstanceName","SqlInstance","Object","Type","Member","RoleSecurableClass"
"INTTESTDBAPPMV6","MSSQLSERVER","INTTESTDBAPPMV6","SERVER","SERVER LOGINS","sa","sysadmin"
"INTTESTDBAPPMV6","MSSQLSERVER","INTTESTDBAPPMV6","SERVER","SERVER LOGINS","INTTESTDBAPPMV6\SQL-Admin","sysadmin"
"INTTESTDBAPPMV6","MSSQLSERVER","INTTESTDBAPPMV6","SERVER","SERVER LOGINS","INTRA\admmku","sysadmin"
"INTTESTDBAPPMV6","MSSQLSERVER","INTTESTDBAPPMV6","SERVER","SERVER LOGINS","INTRA\S_inf_SQLSRV-Supp","sysadmin"
