#TYPE Selected.Microsoft.SqlServer.Management.Smo.Database
"BackupStatus","ComputerName","InstanceName","SqlInstance","SizeMB","Compatibility","Encrypted","LastFullBackup","LastDiffBackup","LastLogBackup","Name"
,"sapmepdataserv","MSSQLSERVER","sapmepdataserv","144","Version150","False","07.03.2025 04:30:22","01.01.0001 00:00:00","01.01.0001 00:00:00","DS_INSTALL_PROD"
,"sapmepdataserv","MSSQLSERVER","sapmepdataserv","16","Version150","False","07.03.2025 04:30:22","01.01.0001 00:00:00","01.01.0001 00:00:00","DS_INSTALL_TEST"
,"sapmepdataserv","MSSQLSERVER","sapmepdataserv","140,1875","Version100","False","07.03.2025 04:30:22","01.01.0001 00:00:00","01.01.0001 00:00:00","DATASERVREPTEST"
,"sapmepdataserv","MSSQLSERVER","sapmepdataserv","140,1875","Version120","False","07.03.2025 04:30:22","01.01.0001 00:00:00","01.01.0001 00:00:00","DATASERVREPPROD"
,"sapmepdataserv","MSSQLSERVER","sapmepdataserv","58404,125","Version120","False","07.03.2025 04:30:22","01.01.0001 00:00:00","01.01.0001 00:00:00","BIPDATAPROD"
,"sapmepdataserv","MSSQLSERVER","sapmepdataserv","58265,75","Version120","False","07.03.2025 04:30:22","01.01.0001 00:00:00","01.01.0001 00:00:00","BIPDATATEST"
