#TYPE Selected.Microsoft.SqlServer.Management.Smo.Login
"ComputerName","InstanceName","SqlInstance","Name","DefaultDatabase","IsDisabled","IsLocked","IsPasswordExpired","LoginType"
"sapmepdataserv","MSSQLSERVER","sapmepdataserv","##MS_PolicyEventProcessingLogin##","master","True","False","False","SqlLogin"
"sapmepdataserv","MSSQLSERVER","sapmepdataserv","##MS_PolicyTsqlExecutionLogin##","master","True","False","False","SqlLogin"
"sapmepdataserv","MSSQLSERVER","sapmepdataserv","DSADMIN","master","False","False","False","SqlLogin"
"sapmepdataserv","MSSQLSERVER","sapmepdataserv","NT AUTHORITY\SYSTEM","master","False",,,"WindowsUser"
"sapmepdataserv","MSSQLSERVER","sapmepdataserv","NT SERVICE\MSSQLSERVER","master","False",,,"WindowsUser"
"sapmepdataserv","MSSQLSERVER","sapmepdataserv","NT SERVICE\SQLSERVERAGENT","master","False",,,"WindowsUser"
"sapmepdataserv","MSSQLSERVER","sapmepdataserv","NT SERVICE\SQLTELEMETRY","master","False",,,"WindowsUser"
"sapmepdataserv","MSSQLSERVER","sapmepdataserv","NT SERVICE\SQLWriter","master","False",,,"WindowsUser"
"sapmepdataserv","MSSQLSERVER","sapmepdataserv","NT SERVICE\Winmgmt","master","False",,,"WindowsUser"
"sapmepdataserv","MSSQLSERVER","sapmepdataserv","sa","master","True","False","False","SqlLogin"
"sapmepdataserv","MSSQLSERVER","sapmepdataserv","SAPMEPDATASERV\SQL-Admin","master","False",,,"WindowsGroup"
