#TYPE Selected.System.Management.Automation.PSCustomObject
"ComputerName","InstanceName","SqlInstance","Object","Type","Member","RoleSecurableClass"
"sapmepdataserv","MSSQLSERVER","sapmepdataserv","SERVER","SERVER LOGINS","sa","sysadmin"
"sapmepdataserv","MSSQLSERVER","sapmepdataserv","SERVER","SERVER LOGINS","SAPMEPDATASERV\SQL-Admin","sysadmin"
"sapmepdataserv","MSSQLSERVER","sapmepdataserv","SERVER","SERVER LOGINS","DSADMIN","sysadmin"
"sapmepdataserv","MSSQLSERVER","sapmepdataserv","SERVER","SERVER LOGINS","DSADMIN","securityadmin"
"sapmepdataserv","MSSQLSERVER","sapmepdataserv","SERVER","SERVER LOGINS","DSADMIN","serveradmin"
"sapmepdataserv","MSSQLSERVER","sapmepdataserv","SERVER","SERVER LOGINS","DSADMIN","setupadmin"
"sapmepdataserv","MSSQLSERVER","sapmepdataserv","SERVER","SERVER LOGINS","DSADMIN","processadmin"
"sapmepdataserv","MSSQLSERVER","sapmepdataserv","SERVER","SERVER LOGINS","DSADMIN","diskadmin"
"sapmepdataserv","MSSQLSERVER","sapmepdataserv","SERVER","SERVER LOGINS","DSADMIN","dbcreator"
"sapmepdataserv","MSSQLSERVER","sapmepdataserv","SERVER","SERVER LOGINS","DSADMIN","bulkadmin"
"sapmepdataserv","MSSQLSERVER","sapmepdataserv","BIPDATAPROD","DB ROLE MEMBERS","dbo","db_owner"
"sapmepdataserv","MSSQLSERVER","sapmepdataserv","BIPDATAPROD","DB ROLE MEMBERS","dsadmin","db_owner"
"sapmepdataserv","MSSQLSERVER","sapmepdataserv","BIPDATATEST","DB ROLE MEMBERS","dbo","db_owner"
"sapmepdataserv","MSSQLSERVER","sapmepdataserv","BIPDATATEST","DB ROLE MEMBERS","dsadmin","db_owner"
"sapmepdataserv","MSSQLSERVER","sapmepdataserv","DATASERVREPPROD","DB ROLE MEMBERS","dbo","db_owner"
"sapmepdataserv","MSSQLSERVER","sapmepdataserv","DATASERVREPPROD","DB ROLE MEMBERS","DSADMIN","db_owner"
"sapmepdataserv","MSSQLSERVER","sapmepdataserv","DATASERVREPPROD","DB ROLE MEMBERS","DSADMIN","db_accessadmin"
"sapmepdataserv","MSSQLSERVER","sapmepdataserv","DATASERVREPPROD","DB ROLE MEMBERS","DSADMIN","db_securityadmin"
"sapmepdataserv","MSSQLSERVER","sapmepdataserv","DATASERVREPPROD","DB ROLE MEMBERS","DSADMIN","db_ddladmin"
"sapmepdataserv","MSSQLSERVER","sapmepdataserv","DATASERVREPPROD","DB ROLE MEMBERS","DSADMIN","db_backupoperator"
"sapmepdataserv","MSSQLSERVER","sapmepdataserv","DATASERVREPPROD","DB ROLE MEMBERS","DSADMIN","db_datareader"
"sapmepdataserv","MSSQLSERVER","sapmepdataserv","DATASERVREPPROD","DB ROLE MEMBERS","DSADMIN","db_datawriter"
"sapmepdataserv","MSSQLSERVER","sapmepdataserv","DATASERVREPPROD","DB ROLE MEMBERS","DSADMIN","db_denydatareader"
"sapmepdataserv","MSSQLSERVER","sapmepdataserv","DATASERVREPPROD","DB ROLE MEMBERS","DSADMIN","db_denydatawriter"
"sapmepdataserv","MSSQLSERVER","sapmepdataserv","DATASERVREPTEST","DB ROLE MEMBERS","dbo","db_owner"
"sapmepdataserv","MSSQLSERVER","sapmepdataserv","DATASERVREPTEST","DB ROLE MEMBERS","DSADMIN","db_owner"
"sapmepdataserv","MSSQLSERVER","sapmepdataserv","DATASERVREPTEST","DB ROLE MEMBERS","DSADMIN","db_accessadmin"
"sapmepdataserv","MSSQLSERVER","sapmepdataserv","DATASERVREPTEST","DB ROLE MEMBERS","DSADMIN","db_securityadmin"
"sapmepdataserv","MSSQLSERVER","sapmepdataserv","DATASERVREPTEST","DB ROLE MEMBERS","DSADMIN","db_ddladmin"
"sapmepdataserv","MSSQLSERVER","sapmepdataserv","DATASERVREPTEST","DB ROLE MEMBERS","DSADMIN","db_backupoperator"
"sapmepdataserv","MSSQLSERVER","sapmepdataserv","DATASERVREPTEST","DB ROLE MEMBERS","DSADMIN","db_datareader"
"sapmepdataserv","MSSQLSERVER","sapmepdataserv","DATASERVREPTEST","DB ROLE MEMBERS","DSADMIN","db_datawriter"
"sapmepdataserv","MSSQLSERVER","sapmepdataserv","DATASERVREPTEST","DB ROLE MEMBERS","DSADMIN","db_denydatareader"
"sapmepdataserv","MSSQLSERVER","sapmepdataserv","DATASERVREPTEST","DB ROLE MEMBERS","DSADMIN","db_denydatawriter"
"sapmepdataserv","MSSQLSERVER","sapmepdataserv","DS_INSTALL_PROD","DB ROLE MEMBERS","dbo","db_owner"
"sapmepdataserv","MSSQLSERVER","sapmepdataserv","DS_INSTALL_TEST","DB ROLE MEMBERS","dbo","db_owner"
