#TYPE Selected.Microsoft.SqlServer.Management.Smo.Database
"BackupStatus","ComputerName","InstanceName","SqlInstance","SizeMB","Compatibility","Encrypted","LastFullBackup","LastDiffBackup","LastLogBackup","Name"
,"PACMEPUVDB","MSSQLSERVER","PACMEPUVDB","16","Version130","False","06.03.2025 22:04:45","01.01.0001 00:00:00","04.09.2024 01:52:12","ReportServer"
,"PACMEPUVDB","MSSQLSERVER","PACMEPUVDB","16","Version130","False","06.03.2025 22:04:45","01.01.0001 00:00:00","01.01.0001 00:00:00","ReportServerTempDB"
,"PACMEPUVDB","MSSQLSERVER","PACMEPUVDB","18","Version130","False","06.03.2025 22:04:45","01.01.0001 00:00:00","01.01.0001 00:00:00","IntegradMonitoring"
,"PACMEPUVDB","MSSQLSERVER","PACMEPUVDB","1542283,75","Version110","False","06.03.2025 22:04:45","01.01.0001 00:00:00","01.01.0001 00:00:00","IMAGE"
