#TYPE Selected.Dataplat.Dbatools.Database.BackupHistory
"ComputerName","InstanceName","SqlInstance","AvailabilityGroupName","Database","Start","End","Duration","TotalSize","CompressedBackupSize","CompressionRatio","Type","IsCopyOnly"
"PACMEPUVDB","MSSQLSERVER","PACMEPUVDB",,"IMAGE","06.03.2025 22:04:37","06.03.2025 22:04:45","00:00:08","1,47 TB","1,47 TB","1","Full","False"
"PACMEPUVDB","MSSQLSERVER","PACMEPUVDB",,"IMAGE","05.03.2025 22:10:40","05.03.2025 22:10:53","00:00:13","1,47 TB","1,47 TB","1","Full","False"
"PACMEPUVDB","MSSQLSERVER","PACMEPUVDB",,"IMAGE","04.03.2025 22:55:39","04.03.2025 22:55:59","00:00:20","1,47 TB","1,47 TB","1","Full","False"
"PACMEPUVDB","MSSQLSERVER","PACMEPUVDB",,"IMAGE","03.03.2025 22:05:06","03.03.2025 22:05:14","00:00:08","1,46 TB","1,46 TB","1","Full","False"
"PACMEPUVDB","MSSQLSERVER","PACMEPUVDB",,"IMAGE","02.03.2025 22:03:40","02.03.2025 22:03:55","00:00:15","1,46 TB","1,46 TB","1","Full","False"
"PACMEPUVDB","MSSQLSERVER","PACMEPUVDB",,"IMAGE","01.03.2025 22:04:00","01.03.2025 22:04:13","00:00:13","1,46 TB","1,46 TB","1","Full","False"
"PACMEPUVDB","MSSQLSERVER","PACMEPUVDB",,"IMAGE","01.03.2025 02:34:42","01.03.2025 02:35:00","00:00:18","1,46 TB","1,46 TB","1","Full","False"
"PACMEPUVDB","MSSQLSERVER","PACMEPUVDB",,"master","06.03.2025 22:04:38","06.03.2025 22:04:45","00:00:07","4,15 MB","4,15 MB","1","Full","False"
"PACMEPUVDB","MSSQLSERVER","PACMEPUVDB",,"master","05.03.2025 22:10:41","05.03.2025 22:10:53","00:00:12","4,15 MB","4,15 MB","1","Full","False"
"PACMEPUVDB","MSSQLSERVER","PACMEPUVDB",,"master","04.03.2025 22:55:40","04.03.2025 22:55:59","00:00:19","4,14 MB","4,14 MB","1","Full","False"
"PACMEPUVDB","MSSQLSERVER","PACMEPUVDB",,"master","03.03.2025 22:05:07","03.03.2025 22:05:14","00:00:07","4,15 MB","4,15 MB","1","Full","False"
"PACMEPUVDB","MSSQLSERVER","PACMEPUVDB",,"master","02.03.2025 22:03:40","02.03.2025 22:03:55","00:00:15","4,15 MB","4,15 MB","1","Full","False"
"PACMEPUVDB","MSSQLSERVER","PACMEPUVDB",,"master","01.03.2025 22:04:01","01.03.2025 22:04:13","00:00:12","4,15 MB","4,15 MB","1","Full","False"
"PACMEPUVDB","MSSQLSERVER","PACMEPUVDB",,"master","01.03.2025 02:34:43","01.03.2025 02:35:00","00:00:17","4,15 MB","4,15 MB","1","Full","False"
"PACMEPUVDB","MSSQLSERVER","PACMEPUVDB",,"msdb","06.03.2025 22:04:38","06.03.2025 22:04:45","00:00:07","44,21 MB","44,21 MB","1","Full","False"
"PACMEPUVDB","MSSQLSERVER","PACMEPUVDB",,"msdb","05.03.2025 22:10:41","05.03.2025 22:10:53","00:00:12","44,21 MB","44,21 MB","1","Full","False"
"PACMEPUVDB","MSSQLSERVER","PACMEPUVDB",,"msdb","04.03.2025 22:55:40","04.03.2025 22:55:59","00:00:19","44,15 MB","44,15 MB","1","Full","False"
"PACMEPUVDB","MSSQLSERVER","PACMEPUVDB",,"msdb","03.03.2025 22:05:07","03.03.2025 22:05:14","00:00:07","44,15 MB","44,15 MB","1","Full","False"
"PACMEPUVDB","MSSQLSERVER","PACMEPUVDB",,"msdb","02.03.2025 22:03:40","02.03.2025 22:03:55","00:00:15","44,15 MB","44,15 MB","1","Full","False"
"PACMEPUVDB","MSSQLSERVER","PACMEPUVDB",,"msdb","01.03.2025 22:04:01","01.03.2025 22:04:13","00:00:12","44,15 MB","44,15 MB","1","Full","False"
"PACMEPUVDB","MSSQLSERVER","PACMEPUVDB",,"msdb","01.03.2025 02:34:43","01.03.2025 02:35:00","00:00:17","44,15 MB","44,15 MB","1","Full","False"
"PACMEPUVDB","MSSQLSERVER","PACMEPUVDB",,"ReportServer","06.03.2025 22:04:38","06.03.2025 22:04:45","00:00:07","6,07 MB","6,07 MB","1","Full","False"
"PACMEPUVDB","MSSQLSERVER","PACMEPUVDB",,"ReportServer","05.03.2025 22:10:41","05.03.2025 22:10:53","00:00:12","6,07 MB","6,07 MB","1","Full","False"
"PACMEPUVDB","MSSQLSERVER","PACMEPUVDB",,"ReportServer","04.03.2025 22:55:40","04.03.2025 22:55:59","00:00:19","6,07 MB","6,07 MB","1","Full","False"
"PACMEPUVDB","MSSQLSERVER","PACMEPUVDB",,"ReportServer","03.03.2025 22:05:07","03.03.2025 22:05:14","00:00:07","6,07 MB","6,07 MB","1","Full","False"
"PACMEPUVDB","MSSQLSERVER","PACMEPUVDB",,"ReportServer","02.03.2025 22:03:40","02.03.2025 22:03:55","00:00:15","6,07 MB","6,07 MB","1","Full","False"
"PACMEPUVDB","MSSQLSERVER","PACMEPUVDB",,"ReportServer","01.03.2025 22:04:01","01.03.2025 22:04:13","00:00:12","6,07 MB","6,07 MB","1","Full","False"
"PACMEPUVDB","MSSQLSERVER","PACMEPUVDB",,"ReportServer","01.03.2025 02:34:43","01.03.2025 02:35:00","00:00:17","6,07 MB","6,07 MB","1","Full","False"
"PACMEPUVDB","MSSQLSERVER","PACMEPUVDB",,"ReportServerTempDB","06.03.2025 22:04:38","06.03.2025 22:04:45","00:00:07","3,63 MB","3,63 MB","1","Full","False"
"PACMEPUVDB","MSSQLSERVER","PACMEPUVDB",,"ReportServerTempDB","05.03.2025 22:10:41","05.03.2025 22:10:53","00:00:12","3,63 MB","3,63 MB","1","Full","False"
"PACMEPUVDB","MSSQLSERVER","PACMEPUVDB",,"ReportServerTempDB","04.03.2025 22:55:40","04.03.2025 22:55:59","00:00:19","3,63 MB","3,63 MB","1","Full","False"
"PACMEPUVDB","MSSQLSERVER","PACMEPUVDB",,"ReportServerTempDB","03.03.2025 22:05:07","03.03.2025 22:05:14","00:00:07","3,63 MB","3,63 MB","1","Full","False"
"PACMEPUVDB","MSSQLSERVER","PACMEPUVDB",,"ReportServerTempDB","02.03.2025 22:03:40","02.03.2025 22:03:55","00:00:15","3,63 MB","3,63 MB","1","Full","False"
"PACMEPUVDB","MSSQLSERVER","PACMEPUVDB",,"ReportServerTempDB","01.03.2025 22:04:01","01.03.2025 22:04:13","00:00:12","3,63 MB","3,63 MB","1","Full","False"
"PACMEPUVDB","MSSQLSERVER","PACMEPUVDB",,"ReportServerTempDB","01.03.2025 02:34:43","01.03.2025 02:35:00","00:00:17","3,63 MB","3,63 MB","1","Full","False"
"PACMEPUVDB","MSSQLSERVER","PACMEPUVDB",,"model","06.03.2025 22:04:38","06.03.2025 22:04:45","00:00:07","2,57 MB","2,57 MB","1","Full","False"
"PACMEPUVDB","MSSQLSERVER","PACMEPUVDB",,"model","05.03.2025 22:10:41","05.03.2025 22:10:53","00:00:12","2,57 MB","2,57 MB","1","Full","False"
"PACMEPUVDB","MSSQLSERVER","PACMEPUVDB",,"model","04.03.2025 22:55:40","04.03.2025 22:55:59","00:00:19","2,57 MB","2,57 MB","1","Full","False"
"PACMEPUVDB","MSSQLSERVER","PACMEPUVDB",,"model","03.03.2025 22:05:07","03.03.2025 22:05:14","00:00:07","2,57 MB","2,57 MB","1","Full","False"
"PACMEPUVDB","MSSQLSERVER","PACMEPUVDB",,"model","02.03.2025 22:03:40","02.03.2025 22:03:55","00:00:15","2,57 MB","2,57 MB","1","Full","False"
"PACMEPUVDB","MSSQLSERVER","PACMEPUVDB",,"model","01.03.2025 22:04:01","01.03.2025 22:04:13","00:00:12","2,57 MB","2,57 MB","1","Full","False"
"PACMEPUVDB","MSSQLSERVER","PACMEPUVDB",,"model","01.03.2025 02:34:43","01.03.2025 02:35:00","00:00:17","2,57 MB","2,57 MB","1","Full","False"
"PACMEPUVDB","MSSQLSERVER","PACMEPUVDB",,"IntegradMonitoring","06.03.2025 22:04:38","06.03.2025 22:04:45","00:00:07","3,70 MB","3,70 MB","1","Full","False"
"PACMEPUVDB","MSSQLSERVER","PACMEPUVDB",,"IntegradMonitoring","05.03.2025 22:10:41","05.03.2025 22:10:53","00:00:12","3,70 MB","3,70 MB","1","Full","False"
"PACMEPUVDB","MSSQLSERVER","PACMEPUVDB",,"IntegradMonitoring","04.03.2025 22:55:40","04.03.2025 22:55:59","00:00:19","3,70 MB","3,70 MB","1","Full","False"
"PACMEPUVDB","MSSQLSERVER","PACMEPUVDB",,"IntegradMonitoring","03.03.2025 22:05:07","03.03.2025 22:05:14","00:00:07","3,70 MB","3,70 MB","1","Full","False"
"PACMEPUVDB","MSSQLSERVER","PACMEPUVDB",,"IntegradMonitoring","02.03.2025 22:03:40","02.03.2025 22:03:55","00:00:15","3,70 MB","3,70 MB","1","Full","False"
"PACMEPUVDB","MSSQLSERVER","PACMEPUVDB",,"IntegradMonitoring","01.03.2025 22:04:01","01.03.2025 22:04:13","00:00:12","3,70 MB","3,70 MB","1","Full","False"
"PACMEPUVDB","MSSQLSERVER","PACMEPUVDB",,"IntegradMonitoring","01.03.2025 02:34:43","01.03.2025 02:35:00","00:00:17","3,70 MB","3,70 MB","1","Full","False"
