#TYPE Selected.Microsoft.SqlServer.Management.Smo.Login
"ComputerName","InstanceName","SqlInstance","Name","DefaultDatabase","IsDisabled","IsLocked","IsPasswordExpired","LoginType"
"PACMEPUVDB","MSSQLSERVER","PACMEPUVDB","##MS_PolicyEventProcessingLogin##","master","True","False","False","SqlLogin"
"PACMEPUVDB","MSSQLSERVER","PACMEPUVDB","##MS_PolicyTsqlExecutionLogin##","master","True","False","False","SqlLogin"
"PACMEPUVDB","MSSQLSERVER","PACMEPUVDB","BUILTIN\Administrators","master","False",,,"WindowsGroup"
"PACMEPUVDB","MSSQLSERVER","PACMEPUVDB","NT AUTHORITY\SYSTEM","master","False",,,"WindowsUser"
"PACMEPUVDB","MSSQLSERVER","PACMEPUVDB","NT Service\MSSQLSERVER","master","False",,,"WindowsUser"
"PACMEPUVDB","MSSQLSERVER","PACMEPUVDB","NT SERVICE\ReportServer","master","False",,,"WindowsUser"
"PACMEPUVDB","MSSQLSERVER","PACMEPUVDB","NT SERVICE\SQLSERVERAGENT","master","False",,,"WindowsUser"
"PACMEPUVDB","MSSQLSERVER","PACMEPUVDB","NT SERVICE\SQLTELEMETRY","master","False",,,"WindowsUser"
"PACMEPUVDB","MSSQLSERVER","PACMEPUVDB","NT SERVICE\SQLWriter","master","False",,,"WindowsUser"
"PACMEPUVDB","MSSQLSERVER","PACMEPUVDB","NT SERVICE\Winmgmt","master","False",,,"WindowsUser"
"PACMEPUVDB","MSSQLSERVER","PACMEPUVDB","onwatch","master","False","False","False","SqlLogin"
"PACMEPUVDB","MSSQLSERVER","PACMEPUVDB","PACMEPUVDB\sql-admin","master","False",,,"WindowsGroup"
"PACMEPUVDB","MSSQLSERVER","PACMEPUVDB","sa","master","False","False","False","SqlLogin"
"PACMEPUVDB","MSSQLSERVER","PACMEPUVDB","SYSADM","IMAGE","False","False","False","SqlLogin"
