#TYPE Selected.System.Management.Automation.PSCustomObject
"ServerName","ComputerName","InstanceName","SqlInstance","Name","DisplayName","Description","ConfiguredValue","RunningValue","DefaultValue","IsRunningDefaultValue"
"PACMEPUVDB","PACMEPUVDB","MSSQLSERVER","PACMEPUVDB","ShowAdvancedOptions","show advanced options","show advanced options","1","1","0","False"
"PACMEPUVDB","PACMEPUVDB","MSSQLSERVER","PACMEPUVDB","MinServerMemory","min server memory (MB)","Minimum size of server memory (MB)","59344","59344","0","False"
"PACMEPUVDB","PACMEPUVDB","MSSQLSERVER","PACMEPUVDB","MaxServerMemory","max server memory (MB)","Maximum size of server memory (MB)","59344","59344","2147483647","False"
"PACMEPUVDB","PACMEPUVDB","MSSQLSERVER","PACMEPUVDB","OptimizeAdhocWorkloads","optimize for ad hoc workloads","When this option is set, plan cache size is further reduced for single-use adhoc OLTP workload.","1","1","0","False"
"PACMEPUVDB","PACMEPUVDB","MSSQLSERVER","PACMEPUVDB","AgentXPsEnabled","Agent XPs","Enable or disable Agent XPs","1","1","0","False"
"PACMEPUVDB","PACMEPUVDB","MSSQLSERVER","PACMEPUVDB","XPCmdShellEnabled","xp_cmdshell","Enable or disable command shell","1","1","0","False"
