#TYPE Selected.System.Management.Automation.PSCustomObject
"ComputerName","InstanceName","SqlInstance","Object","Type","Member","RoleSecurableClass"
"PACMEPUVDB","MSSQLSERVER","PACMEPUVDB","SERVER","SERVER LOGINS","sa","sysadmin"
"PACMEPUVDB","MSSQLSERVER","PACMEPUVDB","SERVER","SERVER LOGINS","BUILTIN\Administrators","sysadmin"
"PACMEPUVDB","MSSQLSERVER","PACMEPUVDB","SERVER","SERVER LOGINS","SYSADM","sysadmin"
"PACMEPUVDB","MSSQLSERVER","PACMEPUVDB","SERVER","SERVER LOGINS","onwatch","sysadmin"
"PACMEPUVDB","MSSQLSERVER","PACMEPUVDB","SERVER","SERVER LOGINS","PACMEPUVDB\sql-admin","None"
"PACMEPUVDB","MSSQLSERVER","PACMEPUVDB","IMAGE","DB ROLE MEMBERS","dbo","db_owner"
"PACMEPUVDB","MSSQLSERVER","PACMEPUVDB","IMAGE","DB ROLE MEMBERS","SYSADM","db_owner"
"PACMEPUVDB","MSSQLSERVER","PACMEPUVDB","IMAGE","DB ROLE MEMBERS","onwatch","OnWatchMonitoringRole"
"PACMEPUVDB","MSSQLSERVER","PACMEPUVDB","IMAGE","DB ROLE MEMBERS","onwatch","db_datareader"
"PACMEPUVDB","MSSQLSERVER","PACMEPUVDB","IntegradMonitoring","DB ROLE MEMBERS","dbo","db_owner"
"PACMEPUVDB","MSSQLSERVER","PACMEPUVDB","IntegradMonitoring","DB ROLE MEMBERS","SYSADM","db_owner"
"PACMEPUVDB","MSSQLSERVER","PACMEPUVDB","ReportServer","DB ROLE MEMBERS","dbo","db_owner"
"PACMEPUVDB","MSSQLSERVER","PACMEPUVDB","ReportServer","DB ROLE MEMBERS","RSExecRole","db_owner"
"PACMEPUVDB","MSSQLSERVER","PACMEPUVDB","ReportServer","DB ROLE MEMBERS","NT SERVICE\ReportServer","RSExecRole"
"PACMEPUVDB","MSSQLSERVER","PACMEPUVDB","ReportServerTempDB","DB ROLE MEMBERS","NT SERVICE\ReportServer","RSExecRole"
"PACMEPUVDB","MSSQLSERVER","PACMEPUVDB","ReportServerTempDB","DB ROLE MEMBERS","dbo","db_owner"
"PACMEPUVDB","MSSQLSERVER","PACMEPUVDB","ReportServerTempDB","DB ROLE MEMBERS","RSExecRole","db_owner"
