#TYPE Selected.Microsoft.SqlServer.Management.Smo.Database
"BackupStatus","ComputerName","InstanceName","SqlInstance","SizeMB","Compatibility","Encrypted","LastFullBackup","LastDiffBackup","LastLogBackup","Name"
,"dmsmepdb5","MSSQLSERVER","dmsmepdb5","116,5625","Version150","False","07.03.2025 04:16:47","01.01.0001 00:00:00","07.03.2025 16:31:03","enaio_install"
,"dmsmepdb5","MSSQLSERVER","dmsmepdb5","244162,1875","Version110","False","07.03.2025 04:16:47","01.01.0001 00:00:00","07.03.2025 16:31:03","enaio_prod"
,"dmsmepdb5","MSSQLSERVER","dmsmepdb5","594","Version150","False","07.03.2025 04:16:47","01.01.0001 00:00:00","07.03.2025 16:31:04","SmartFix_Matching_DB"
,"dmsmepdb5","MSSQLSERVER","dmsmepdb5","3026","Version150","False","07.03.2025 04:16:47","01.01.0001 00:00:00","07.03.2025 16:31:04","SmartFix_Control_DB"
,"dmsmepdb5","MSSQLSERVER","dmsmepdb5","770","Version150","False","07.03.2025 04:16:47","01.01.0001 00:00:00","07.03.2025 16:31:04","SmartFix_Result_DB"
,"dmsmepdb5","MSSQLSERVER","dmsmepdb5","770","Version150","False","01.01.0001 00:00:00","01.01.0001 00:00:00","01.01.0001 00:00:00","SmartFix_Result_DB2"
