#TYPE Selected.Microsoft.SqlServer.Management.Smo.Login
"ComputerName","InstanceName","SqlInstance","Name","DefaultDatabase","IsDisabled","IsLocked","IsPasswordExpired","LoginType"
"dmsmepdb5","MSSQLSERVER","dmsmepdb5","##MS_PolicyEventProcessingLogin##","master","True","False","False","SqlLogin"
"dmsmepdb5","MSSQLSERVER","dmsmepdb5","##MS_PolicyTsqlExecutionLogin##","master","True","False","False","SqlLogin"
"dmsmepdb5","MSSQLSERVER","dmsmepdb5","BUILTIN\Administrators","master","False",,,"WindowsGroup"
"dmsmepdb5","MSSQLSERVER","dmsmepdb5","DMSMEPDB5\SQL-Admin","master","False",,,"WindowsGroup"
"dmsmepdb5","MSSQLSERVER","dmsmepdb5","enaio_install","master","False","False","False","SqlLogin"
"dmsmepdb5","MSSQLSERVER","dmsmepdb5","enaio_prod","master","False","False","False","SqlLogin"
"dmsmepdb5","MSSQLSERVER","dmsmepdb5","INTRA\admDP6","master","False",,,"WindowsUser"
"dmsmepdb5","MSSQLSERVER","dmsmepdb5","NT AUTHORITY\SYSTEM","master","False",,,"WindowsUser"
"dmsmepdb5","MSSQLSERVER","dmsmepdb5","NT SERVICE\MSSQLSERVER","master","False",,,"WindowsUser"
"dmsmepdb5","MSSQLSERVER","dmsmepdb5","NT SERVICE\SQLSERVERAGENT","master","False",,,"WindowsUser"
"dmsmepdb5","MSSQLSERVER","dmsmepdb5","NT SERVICE\SQLTELEMETRY","master","False",,,"WindowsUser"
"dmsmepdb5","MSSQLSERVER","dmsmepdb5","NT SERVICE\SQLWriter","master","False",,,"WindowsUser"
"dmsmepdb5","MSSQLSERVER","dmsmepdb5","NT SERVICE\Winmgmt","master","False",,,"WindowsUser"
"dmsmepdb5","MSSQLSERVER","dmsmepdb5","sa","master","False","False","False","SqlLogin"
"dmsmepdb5","MSSQLSERVER","dmsmepdb5","smartfix","master","False","False","False","SqlLogin"
"dmsmepdb5","MSSQLSERVER","dmsmepdb5","sysadm","master","False","False","False","SqlLogin"
