#TYPE Selected.System.Management.Automation.PSCustomObject
"ComputerName","InstanceName","SqlInstance","Object","Type","Member","RoleSecurableClass"
"dmsmepdb5","MSSQLSERVER","dmsmepdb5","SERVER","SERVER LOGINS","sa","sysadmin"
"dmsmepdb5","MSSQLSERVER","dmsmepdb5","SERVER","SERVER LOGINS","INTRA\admDP6","sysadmin"
"dmsmepdb5","MSSQLSERVER","dmsmepdb5","SERVER","SERVER LOGINS","BUILTIN\Administrators","sysadmin"
"dmsmepdb5","MSSQLSERVER","dmsmepdb5","SERVER","SERVER LOGINS","enaio_install","None"
"dmsmepdb5","MSSQLSERVER","dmsmepdb5","SERVER","SERVER LOGINS","sysadm","None"
"dmsmepdb5","MSSQLSERVER","dmsmepdb5","SERVER","SERVER LOGINS","enaio_prod","None"
"dmsmepdb5","MSSQLSERVER","dmsmepdb5","SERVER","SERVER LOGINS","smartfix","None"
"dmsmepdb5","MSSQLSERVER","dmsmepdb5","SERVER","SERVER LOGINS","DMSMEPDB5\SQL-Admin","sysadmin"
"dmsmepdb5","MSSQLSERVER","dmsmepdb5","enaio_install","DB ROLE MEMBERS","dbo","db_owner"
"dmsmepdb5","MSSQLSERVER","dmsmepdb5","enaio_install","DB ROLE MEMBERS","enaio_install","db_owner"
"dmsmepdb5","MSSQLSERVER","dmsmepdb5","enaio_prod","DB ROLE MEMBERS","dbo","db_owner"
"dmsmepdb5","MSSQLSERVER","dmsmepdb5","enaio_prod","DB ROLE MEMBERS","sysadm","db_owner"
"dmsmepdb5","MSSQLSERVER","dmsmepdb5","enaio_prod","DB ROLE MEMBERS","enaio_prod","db_owner"
"dmsmepdb5","MSSQLSERVER","dmsmepdb5","SmartFix_Control_DB","DB ROLE MEMBERS","dbo","db_owner"
"dmsmepdb5","MSSQLSERVER","dmsmepdb5","SmartFix_Control_DB","DB ROLE MEMBERS","smartfix","db_datareader"
"dmsmepdb5","MSSQLSERVER","dmsmepdb5","SmartFix_Control_DB","DB ROLE MEMBERS","smartfix","db_datawriter"
"dmsmepdb5","MSSQLSERVER","dmsmepdb5","SmartFix_Matching_DB","DB ROLE MEMBERS","dbo","db_owner"
"dmsmepdb5","MSSQLSERVER","dmsmepdb5","SmartFix_Matching_DB","DB ROLE MEMBERS","smartfix","db_datareader"
"dmsmepdb5","MSSQLSERVER","dmsmepdb5","SmartFix_Matching_DB","DB ROLE MEMBERS","smartfix","db_datawriter"
"dmsmepdb5","MSSQLSERVER","dmsmepdb5","SmartFix_Result_DB","DB ROLE MEMBERS","dbo","db_owner"
"dmsmepdb5","MSSQLSERVER","dmsmepdb5","SmartFix_Result_DB","DB ROLE MEMBERS","smartfix","db_datareader"
"dmsmepdb5","MSSQLSERVER","dmsmepdb5","SmartFix_Result_DB","DB ROLE MEMBERS","smartfix","db_datawriter"
"dmsmepdb5","MSSQLSERVER","dmsmepdb5","SmartFix_Result_DB2","DB ROLE MEMBERS","dbo","db_owner"
"dmsmepdb5","MSSQLSERVER","dmsmepdb5","SmartFix_Result_DB2","DB ROLE MEMBERS","smartfix","db_datareader"
"dmsmepdb5","MSSQLSERVER","dmsmepdb5","SmartFix_Result_DB2","DB ROLE MEMBERS","smartfix","db_datawriter"
