#TYPE Selected.Microsoft.SqlServer.Management.Smo.Database
"BackupStatus","ComputerName","InstanceName","SqlInstance","SizeMB","Compatibility","Encrypted","LastFullBackup","LastDiffBackup","LastLogBackup","Name"
,"KIDMEPASCODB","MSSQLSERVER","KIDMEPASCODB","16","Version140","False","07.03.2025 02:58:31","01.01.0001 00:00:00","01.01.0001 00:00:00","KodipCaseDb"
,"KIDMEPASCODB","MSSQLSERVER","KIDMEPASCODB","9","Version140","False","07.03.2025 02:58:31","01.01.0001 00:00:00","01.01.0001 00:00:00","KodipBase_2011"
,"KIDMEPASCODB","MSSQLSERVER","KIDMEPASCODB","173,9375","Version140","False","07.03.2025 02:58:31","01.01.0001 00:00:00","01.01.0001 00:00:00","KODIP_2012"
,"KIDMEPASCODB","MSSQLSERVER","KIDMEPASCODB","175,6875","Version140","False","07.03.2025 02:58:31","01.01.0001 00:00:00","01.01.0001 00:00:00","KODIP_2013"
,"KIDMEPASCODB","MSSQLSERVER","KIDMEPASCODB","184,3125","Version140","False","07.03.2025 02:58:31","01.01.0001 00:00:00","01.01.0001 00:00:00","KODIP_2014"
,"KIDMEPASCODB","MSSQLSERVER","KIDMEPASCODB","184,9375","Version140","False","07.03.2025 02:58:31","01.01.0001 00:00:00","01.01.0001 00:00:00","KODIP_2015"
,"KIDMEPASCODB","MSSQLSERVER","KIDMEPASCODB","487,1875","Version140","False","07.03.2025 02:58:31","01.01.0001 00:00:00","01.01.0001 00:00:00","KODIP_2016"
,"KIDMEPASCODB","MSSQLSERVER","KIDMEPASCODB","234,8125","Version140","False","07.03.2025 02:58:31","01.01.0001 00:00:00","01.01.0001 00:00:00","KODIP_2017"
,"KIDMEPASCODB","MSSQLSERVER","KIDMEPASCODB","645,125","Version140","False","07.03.2025 02:58:31","01.01.0001 00:00:00","01.01.0001 00:00:00","KODIP_2018"
,"KIDMEPASCODB","MSSQLSERVER","KIDMEPASCODB","755,9375","Version140","False","07.03.2025 02:58:31","01.01.0001 00:00:00","01.01.0001 00:00:00","KODIP_2019"
,"KIDMEPASCODB","MSSQLSERVER","KIDMEPASCODB","1031352,3125","Version140","False","07.03.2025 02:58:31","01.01.0001 00:00:00","07.03.2025 16:43:23","DocCoderDB"
,"KIDMEPASCODB","MSSQLSERVER","KIDMEPASCODB","666,25","Version140","False","07.03.2025 02:58:31","01.01.0001 00:00:00","01.01.0001 00:00:00","KODIP_2020"
,"KIDMEPASCODB","MSSQLSERVER","KIDMEPASCODB","707,5625","Version140","False","07.03.2025 02:58:31","01.01.0001 00:00:00","01.01.0001 00:00:00","KODIP_2021"
,"KIDMEPASCODB","MSSQLSERVER","KIDMEPASCODB","711,3125","Version140","False","07.03.2025 02:58:31","01.01.0001 00:00:00","01.01.0001 00:00:00","KODIP_2022"
