#TYPE Selected.Microsoft.SqlServer.Management.Smo.Login
"ComputerName","InstanceName","SqlInstance","Name","DefaultDatabase","IsDisabled","IsLocked","IsPasswordExpired","LoginType"
"KIDMEPASCODB","MSSQLSERVER","KIDMEPASCODB","##MS_PolicyEventProcessingLogin##","master","True","False","False","SqlLogin"
"KIDMEPASCODB","MSSQLSERVER","KIDMEPASCODB","##MS_PolicyTsqlExecutionLogin##","master","True","False","False","SqlLogin"
"KIDMEPASCODB","MSSQLSERVER","KIDMEPASCODB","ASCODBAdmin","master","False","False","False","SqlLogin"
"KIDMEPASCODB","MSSQLSERVER","KIDMEPASCODB","BUILTIN\Administrators","master","False",,,"WindowsGroup"
"KIDMEPASCODB","MSSQLSERVER","KIDMEPASCODB","INTRA\admVEEAM","master","False",,,"WindowsUser"
"KIDMEPASCODB","MSSQLSERVER","KIDMEPASCODB","INTRA\S_inf_SQLSRV-Supp","master","False",,,"WindowsGroup"
"KIDMEPASCODB","MSSQLSERVER","KIDMEPASCODB","KIDMEPASCODB\SQL-Admin","master","False",,,"WindowsGroup"
"KIDMEPASCODB","MSSQLSERVER","KIDMEPASCODB","NT AUTHORITY\SYSTEM","master","False",,,"WindowsUser"
"KIDMEPASCODB","MSSQLSERVER","KIDMEPASCODB","NT SERVICE\MSSQLSERVER","master","False",,,"WindowsUser"
"KIDMEPASCODB","MSSQLSERVER","KIDMEPASCODB","NT SERVICE\SQLSERVERAGENT","master","False",,,"WindowsUser"
"KIDMEPASCODB","MSSQLSERVER","KIDMEPASCODB","NT SERVICE\SQLTELEMETRY","master","False",,,"WindowsUser"
"KIDMEPASCODB","MSSQLSERVER","KIDMEPASCODB","NT SERVICE\SQLWriter","master","False",,,"WindowsUser"
"KIDMEPASCODB","MSSQLSERVER","KIDMEPASCODB","NT SERVICE\Winmgmt","master","False",,,"WindowsUser"
"KIDMEPASCODB","MSSQLSERVER","KIDMEPASCODB","sa","master","False","False","False","SqlLogin"
"KIDMEPASCODB","MSSQLSERVER","KIDMEPASCODB","SBG1908SQL","master","False","False","False","SqlLogin"
