#TYPE Selected.System.Management.Automation.PSCustomObject
"ComputerName","InstanceName","SqlInstance","Object","Type","Member","RoleSecurableClass"
"KIDMEPASCODB","MSSQLSERVER","KIDMEPASCODB","SERVER","SERVER LOGINS","sa","sysadmin"
"KIDMEPASCODB","MSSQLSERVER","KIDMEPASCODB","SERVER","SERVER LOGINS","BUILTIN\Administrators","sysadmin"
"KIDMEPASCODB","MSSQLSERVER","KIDMEPASCODB","SERVER","SERVER LOGINS","INTRA\admVEEAM","sysadmin"
"KIDMEPASCODB","MSSQLSERVER","KIDMEPASCODB","SERVER","SERVER LOGINS","ASCODBAdmin","sysadmin"
"KIDMEPASCODB","MSSQLSERVER","KIDMEPASCODB","SERVER","SERVER LOGINS","SBG1908SQL","sysadmin"
"KIDMEPASCODB","MSSQLSERVER","KIDMEPASCODB","SERVER","SERVER LOGINS","KIDMEPASCODB\SQL-Admin","None"
"KIDMEPASCODB","MSSQLSERVER","KIDMEPASCODB","SERVER","SERVER LOGINS","INTRA\S_inf_SQLSRV-Supp","sysadmin"
"KIDMEPASCODB","MSSQLSERVER","KIDMEPASCODB","DocCoderDB","DB ROLE MEMBERS","dbo","db_owner"
"KIDMEPASCODB","MSSQLSERVER","KIDMEPASCODB","DocCoderDB","DB ROLE MEMBERS","ASCODBAdmin","db_owner"
"KIDMEPASCODB","MSSQLSERVER","KIDMEPASCODB","KODIP_2012","DB ROLE MEMBERS","dbo","db_owner"
"KIDMEPASCODB","MSSQLSERVER","KIDMEPASCODB","KODIP_2012","DB ROLE MEMBERS","ASCODBAdmin","db_owner"
"KIDMEPASCODB","MSSQLSERVER","KIDMEPASCODB","KODIP_2012","DB ROLE MEMBERS","SBG1908SQL","db_owner"
"KIDMEPASCODB","MSSQLSERVER","KIDMEPASCODB","KODIP_2013","DB ROLE MEMBERS","dbo","db_owner"
"KIDMEPASCODB","MSSQLSERVER","KIDMEPASCODB","KODIP_2013","DB ROLE MEMBERS","ASCODBAdmin","db_owner"
"KIDMEPASCODB","MSSQLSERVER","KIDMEPASCODB","KODIP_2013","DB ROLE MEMBERS","SBG1908SQL","db_owner"
"KIDMEPASCODB","MSSQLSERVER","KIDMEPASCODB","KODIP_2014","DB ROLE MEMBERS","dbo","db_owner"
"KIDMEPASCODB","MSSQLSERVER","KIDMEPASCODB","KODIP_2014","DB ROLE MEMBERS","ASCODBAdmin","db_owner"
"KIDMEPASCODB","MSSQLSERVER","KIDMEPASCODB","KODIP_2014","DB ROLE MEMBERS","SBG1908SQL","db_owner"
"KIDMEPASCODB","MSSQLSERVER","KIDMEPASCODB","KODIP_2015","DB ROLE MEMBERS","dbo","db_owner"
"KIDMEPASCODB","MSSQLSERVER","KIDMEPASCODB","KODIP_2015","DB ROLE MEMBERS","ASCODBAdmin","db_owner"
"KIDMEPASCODB","MSSQLSERVER","KIDMEPASCODB","KODIP_2015","DB ROLE MEMBERS","SBG1908SQL","db_owner"
"KIDMEPASCODB","MSSQLSERVER","KIDMEPASCODB","KODIP_2016","DB ROLE MEMBERS","dbo","db_owner"
"KIDMEPASCODB","MSSQLSERVER","KIDMEPASCODB","KODIP_2016","DB ROLE MEMBERS","ASCODBAdmin","db_owner"
"KIDMEPASCODB","MSSQLSERVER","KIDMEPASCODB","KODIP_2016","DB ROLE MEMBERS","SBG1908SQL","db_owner"
"KIDMEPASCODB","MSSQLSERVER","KIDMEPASCODB","KODIP_2017","DB ROLE MEMBERS","dbo","db_owner"
"KIDMEPASCODB","MSSQLSERVER","KIDMEPASCODB","KODIP_2017","DB ROLE MEMBERS","ASCODBAdmin","db_owner"
"KIDMEPASCODB","MSSQLSERVER","KIDMEPASCODB","KODIP_2017","DB ROLE MEMBERS","SBG1908SQL","db_owner"
"KIDMEPASCODB","MSSQLSERVER","KIDMEPASCODB","KODIP_2018","DB ROLE MEMBERS","dbo","db_owner"
"KIDMEPASCODB","MSSQLSERVER","KIDMEPASCODB","KODIP_2018","DB ROLE MEMBERS","ASCODBAdmin","db_owner"
"KIDMEPASCODB","MSSQLSERVER","KIDMEPASCODB","KODIP_2018","DB ROLE MEMBERS","SBG1908SQL","db_owner"
"KIDMEPASCODB","MSSQLSERVER","KIDMEPASCODB","KODIP_2019","DB ROLE MEMBERS","dbo","db_owner"
"KIDMEPASCODB","MSSQLSERVER","KIDMEPASCODB","KODIP_2019","DB ROLE MEMBERS","ASCODBAdmin","db_owner"
"KIDMEPASCODB","MSSQLSERVER","KIDMEPASCODB","KODIP_2020","DB ROLE MEMBERS","dbo","db_owner"
"KIDMEPASCODB","MSSQLSERVER","KIDMEPASCODB","KODIP_2020","DB ROLE MEMBERS","ASCODBAdmin","db_owner"
"KIDMEPASCODB","MSSQLSERVER","KIDMEPASCODB","KODIP_2021","DB ROLE MEMBERS","dbo","db_owner"
"KIDMEPASCODB","MSSQLSERVER","KIDMEPASCODB","KODIP_2021","DB ROLE MEMBERS","ASCODBAdmin","db_owner"
"KIDMEPASCODB","MSSQLSERVER","KIDMEPASCODB","KODIP_2022","DB ROLE MEMBERS","dbo","db_owner"
"KIDMEPASCODB","MSSQLSERVER","KIDMEPASCODB","KODIP_2022","DB ROLE MEMBERS","ASCODBAdmin","db_owner"
"KIDMEPASCODB","MSSQLSERVER","KIDMEPASCODB","KodipBase_2011","DB ROLE MEMBERS","dbo","db_owner"
"KIDMEPASCODB","MSSQLSERVER","KIDMEPASCODB","KodipBase_2011","DB ROLE MEMBERS","ASCODBAdmin","db_owner"
"KIDMEPASCODB","MSSQLSERVER","KIDMEPASCODB","KodipBase_2011","DB ROLE MEMBERS","SBG1908SQL","db_owner"
"KIDMEPASCODB","MSSQLSERVER","KIDMEPASCODB","KodipCaseDb","DB ROLE MEMBERS","dbo","db_owner"
"KIDMEPASCODB","MSSQLSERVER","KIDMEPASCODB","KodipCaseDb","DB ROLE MEMBERS","ASCODBAdmin","db_owner"
"KIDMEPASCODB","MSSQLSERVER","KIDMEPASCODB","KodipCaseDb","DB ROLE MEMBERS","SBG1908SQL","db_owner"
