#TYPE Selected.Microsoft.SqlServer.Management.Smo.Login
"ComputerName","InstanceName","SqlInstance","Name","DefaultDatabase","IsDisabled","IsLocked","IsPasswordExpired","LoginType"
"KVZMEPEMSDB","MSSQLSERVER","KVZMEPEMSDB","##MS_PolicyEventProcessingLogin##","master","True","False","False","SqlLogin"
"KVZMEPEMSDB","MSSQLSERVER","KVZMEPEMSDB","##MS_PolicyTsqlExecutionLogin##","master","True","False","False","SqlLogin"
"KVZMEPEMSDB","MSSQLSERVER","KVZMEPEMSDB","BUILTIN\Administrators","master","False",,,"WindowsGroup"
"KVZMEPEMSDB","MSSQLSERVER","KVZMEPEMSDB","emsffm","ngs_ffm","False","False","False","SqlLogin"
"KVZMEPEMSDB","MSSQLSERVER","KVZMEPEMSDB","INTRA\admDP6","master","False",,,"WindowsUser"
"KVZMEPEMSDB","MSSQLSERVER","KVZMEPEMSDB","INTRA\s_ems","ngs_ffm","False",,,"WindowsGroup"
"KVZMEPEMSDB","MSSQLSERVER","KVZMEPEMSDB","KVZMEPEMSDB\SQL-Admin","master","False",,,"WindowsGroup"
"KVZMEPEMSDB","MSSQLSERVER","KVZMEPEMSDB","NT AUTHORITY\SYSTEM","master","False",,,"WindowsUser"
"KVZMEPEMSDB","MSSQLSERVER","KVZMEPEMSDB","NT SERVICE\MSSQLSERVER","master","False",,,"WindowsUser"
"KVZMEPEMSDB","MSSQLSERVER","KVZMEPEMSDB","NT SERVICE\SQLSERVERAGENT","master","False",,,"WindowsUser"
"KVZMEPEMSDB","MSSQLSERVER","KVZMEPEMSDB","NT SERVICE\SQLTELEMETRY","master","False",,,"WindowsUser"
"KVZMEPEMSDB","MSSQLSERVER","KVZMEPEMSDB","NT SERVICE\SQLWriter","master","False",,,"WindowsUser"
"KVZMEPEMSDB","MSSQLSERVER","KVZMEPEMSDB","NT SERVICE\Winmgmt","master","False",,,"WindowsUser"
"KVZMEPEMSDB","MSSQLSERVER","KVZMEPEMSDB","sa","master","True","False","False","SqlLogin"
