#TYPE Selected.System.Management.Automation.PSCustomObject
"ComputerName","InstanceName","SqlInstance","Object","Type","Member","RoleSecurableClass"
"KVZMEPEMSDB","MSSQLSERVER","KVZMEPEMSDB","SERVER","SERVER LOGINS","sa","sysadmin"
"KVZMEPEMSDB","MSSQLSERVER","KVZMEPEMSDB","SERVER","SERVER LOGINS","BUILTIN\Administrators","sysadmin"
"KVZMEPEMSDB","MSSQLSERVER","KVZMEPEMSDB","SERVER","SERVER LOGINS","INTRA\admDP6","sysadmin"
"KVZMEPEMSDB","MSSQLSERVER","KVZMEPEMSDB","SERVER","SERVER LOGINS","emsffm","None"
"KVZMEPEMSDB","MSSQLSERVER","KVZMEPEMSDB","SERVER","SERVER LOGINS","INTRA\s_ems","None"
"KVZMEPEMSDB","MSSQLSERVER","KVZMEPEMSDB","SERVER","SERVER LOGINS","KVZMEPEMSDB\SQL-Admin","sysadmin"
"KVZMEPEMSDB","MSSQLSERVER","KVZMEPEMSDB","ngs_ffm","DB ROLE MEMBERS","dbo","db_owner"
"KVZMEPEMSDB","MSSQLSERVER","KVZMEPEMSDB","ngs_ffm","DB ROLE MEMBERS","emsffm","db_owner"
"KVZMEPEMSDB","MSSQLSERVER","KVZMEPEMSDB","ngs_ffm","DB ROLE MEMBERS","emsffm","db_datareader"
"KVZMEPEMSDB","MSSQLSERVER","KVZMEPEMSDB","ngs_ffm","DB ROLE MEMBERS","emsffm","db_datawriter"
"KVZMEPEMSDB","MSSQLSERVER","KVZMEPEMSDB","ngs_ffm_test","DB ROLE MEMBERS","dbo","db_owner"
"KVZMEPEMSDB","MSSQLSERVER","KVZMEPEMSDB","ngs_ffm_test","DB ROLE MEMBERS","emsffm","db_owner"
"KVZMEPEMSDB","MSSQLSERVER","KVZMEPEMSDB","ngs_ffm_test","DB ROLE MEMBERS","emsffm","db_datareader"
"KVZMEPEMSDB","MSSQLSERVER","KVZMEPEMSDB","ngs_ffm_test","DB ROLE MEMBERS","emsffm","db_datawriter"
