#TYPE Selected.Microsoft.SqlServer.Management.Smo.Login
"ComputerName","InstanceName","SqlInstance","Name","DefaultDatabase","IsDisabled","IsLocked","IsPasswordExpired","LoginType"
"ihetestdb","MSSQLSERVER","ihetestdb","##MS_PolicyEventProcessingLogin##","master","True","False","False","SqlLogin"
"ihetestdb","MSSQLSERVER","ihetestdb","##MS_PolicyTsqlExecutionLogin##","master","True","False","False","SqlLogin"
"ihetestdb","MSSQLSERVER","ihetestdb","foraudit","master","False","False","False","SqlLogin"
"ihetestdb","MSSQLSERVER","ihetestdb","forindex","master","False","False","False","SqlLogin"
"ihetestdb","MSSQLSERVER","ihetestdb","IHETESTDB\SQL-Admin","master","False",,,"WindowsGroup"
"ihetestdb","MSSQLSERVER","ihetestdb","NT AUTHORITY\SYSTEM","master","False",,,"WindowsUser"
"ihetestdb","MSSQLSERVER","ihetestdb","NT SERVICE\MSSQLSERVER","master","False",,,"WindowsUser"
"ihetestdb","MSSQLSERVER","ihetestdb","NT SERVICE\SQLSERVERAGENT","master","False",,,"WindowsUser"
"ihetestdb","MSSQLSERVER","ihetestdb","NT SERVICE\SQLTELEMETRY","master","False",,,"WindowsUser"
"ihetestdb","MSSQLSERVER","ihetestdb","NT SERVICE\SQLWriter","master","False",,,"WindowsUser"
"ihetestdb","MSSQLSERVER","ihetestdb","NT SERVICE\Winmgmt","master","False",,,"WindowsUser"
"ihetestdb","MSSQLSERVER","ihetestdb","sa","master","True","False","False","SqlLogin"
