#TYPE Selected.System.Management.Automation.PSCustomObject
"ComputerName","InstanceName","SqlInstance","Object","Type","Member","RoleSecurableClass"
"ihetestdb","MSSQLSERVER","ihetestdb","SERVER","SERVER LOGINS","sa","sysadmin"
"ihetestdb","MSSQLSERVER","ihetestdb","SERVER","SERVER LOGINS","IHETESTDB\SQL-Admin","sysadmin"
"ihetestdb","MSSQLSERVER","ihetestdb","SERVER","SERVER LOGINS","forindex","None"
"ihetestdb","MSSQLSERVER","ihetestdb","SERVER","SERVER LOGINS","foraudit","None"
"ihetestdb","MSSQLSERVER","ihetestdb","foraudit","DB ROLE MEMBERS","dbo","db_owner"
"ihetestdb","MSSQLSERVER","ihetestdb","foraudit","DB ROLE MEMBERS","IHETESTDB\SQL-Admin","db_owner"
"ihetestdb","MSSQLSERVER","ihetestdb","foraudit","DB ROLE MEMBERS","foraudit","db_owner"
"ihetestdb","MSSQLSERVER","ihetestdb","foraudit","DB ROLE MEMBERS","foraudit","db_ddladmin"
"ihetestdb","MSSQLSERVER","ihetestdb","forindex","DB ROLE MEMBERS","dbo","db_owner"
"ihetestdb","MSSQLSERVER","ihetestdb","forindex","DB ROLE MEMBERS","IHETESTDB\SQL-Admin","db_owner"
"ihetestdb","MSSQLSERVER","ihetestdb","forindex","DB ROLE MEMBERS","forindex","db_owner"
"ihetestdb","MSSQLSERVER","ihetestdb","forindex","DB ROLE MEMBERS","forindex","db_ddladmin"
