#TYPE Selected.Microsoft.SqlServer.Management.Smo.Database
"BackupStatus","ComputerName","InstanceName","SqlInstance","SizeMB","Compatibility","Encrypted","LastFullBackup","LastDiffBackup","LastLogBackup","Name"
,"LABMEPBGADB","MSSQLSERVER","LABMEPBGADB","144","Version130","False","07.03.2025 03:32:37","01.01.0001 00:00:00","07.03.2025 16:44:58","ReportServer"
,"LABMEPBGADB","MSSQLSERVER","LABMEPBGADB","80","Version130","False","07.03.2025 03:32:37","01.01.0001 00:00:00","01.01.0001 00:00:00","ReportServerTempDB"
,"LABMEPBGADB","MSSQLSERVER","LABMEPBGADB","21239,625","Version100","False","07.03.2025 03:32:37","01.01.0001 00:00:00","07.03.2025 16:44:58","PocModelADTStore"
,"LABMEPBGADB","MSSQLSERVER","LABMEPBGADB","18348","Version130","False","07.03.2025 03:32:37","01.01.0001 00:00:00","07.03.2025 16:44:58","PocModelMirthDb"
,"LABMEPBGADB","MSSQLSERVER","LABMEPBGADB","242253,0625","Version100","False","07.03.2025 03:32:37","01.01.0001 00:00:00","07.03.2025 16:44:59","PocModel"
,"LABMEPBGADB","MSSQLSERVER","LABMEPBGADB","8,5625","Version100","False","07.03.2025 03:32:37","01.01.0001 00:00:00","07.03.2025 16:44:58","PocModelQC"
