#TYPE Selected.Microsoft.SqlServer.Management.Smo.Login
"ComputerName","InstanceName","SqlInstance","Name","DefaultDatabase","IsDisabled","IsLocked","IsPasswordExpired","LoginType"
"LABMEPBGADB","MSSQLSERVER","LABMEPBGADB","##MS_PolicyEventProcessingLogin##","master","True","False","False","SqlLogin"
"LABMEPBGADB","MSSQLSERVER","LABMEPBGADB","##MS_PolicyTsqlExecutionLogin##","master","True","False","False","SqlLogin"
"LABMEPBGADB","MSSQLSERVER","LABMEPBGADB","BUILTIN\Administrators","master","False",,,"WindowsGroup"
"LABMEPBGADB","MSSQLSERVER","LABMEPBGADB","INTRA\admDP6","master","False",,,"WindowsUser"
"LABMEPBGADB","MSSQLSERVER","LABMEPBGADB","INTRA\gMSASQL$","master","False",,,"WindowsUser"
"LABMEPBGADB","MSSQLSERVER","LABMEPBGADB","LABMEPBGADB\sql-admin","master","False",,,"WindowsGroup"
"LABMEPBGADB","MSSQLSERVER","LABMEPBGADB","NT AUTHORITY\SYSTEM","master","False",,,"WindowsUser"
"LABMEPBGADB","MSSQLSERVER","LABMEPBGADB","NT SERVICE\MSSQLSERVER","master","False",,,"WindowsUser"
"LABMEPBGADB","MSSQLSERVER","LABMEPBGADB","NT SERVICE\SQLSERVERAGENT","master","False",,,"WindowsUser"
"LABMEPBGADB","MSSQLSERVER","LABMEPBGADB","NT SERVICE\SQLTELEMETRY","master","False",,,"WindowsUser"
"LABMEPBGADB","MSSQLSERVER","LABMEPBGADB","NT SERVICE\SQLWriter","master","False",,,"WindowsUser"
"LABMEPBGADB","MSSQLSERVER","LABMEPBGADB","NT SERVICE\Winmgmt","master","False",,,"WindowsUser"
"LABMEPBGADB","MSSQLSERVER","LABMEPBGADB","ReportUser","master","False","False","False","SqlLogin"
"LABMEPBGADB","MSSQLSERVER","LABMEPBGADB","sa","master","False","False","False","SqlLogin"
