#TYPE Selected.System.Management.Automation.PSCustomObject
"ServerName","ComputerName","InstanceName","SqlInstance","Name","DisplayName","Description","ConfiguredValue","RunningValue","DefaultValue","IsRunningDefaultValue"
"LABMEPBGADB","LABMEPBGADB","MSSQLSERVER","LABMEPBGADB","MinServerMemory","min server memory (MB)","Minimum size of server memory (MB)","4096","4096","0","False"
"LABMEPBGADB","LABMEPBGADB","MSSQLSERVER","LABMEPBGADB","MaxServerMemory","max server memory (MB)","Maximum size of server memory (MB)","4096","4096","2147483647","False"
"LABMEPBGADB","LABMEPBGADB","MSSQLSERVER","LABMEPBGADB","AgentXPsEnabled","Agent XPs","Enable or disable Agent XPs","1","1","0","False"
