#TYPE Selected.System.Management.Automation.PSCustomObject
"ComputerName","InstanceName","SqlInstance","Object","Type","Member","RoleSecurableClass"
"LABMEPBGADB","MSSQLSERVER","LABMEPBGADB","SERVER","SERVER LOGINS","sa","sysadmin"
"LABMEPBGADB","MSSQLSERVER","LABMEPBGADB","SERVER","SERVER LOGINS","INTRA\admDP6","sysadmin"
"LABMEPBGADB","MSSQLSERVER","LABMEPBGADB","SERVER","SERVER LOGINS","BUILTIN\Administrators","sysadmin"
"LABMEPBGADB","MSSQLSERVER","LABMEPBGADB","SERVER","SERVER LOGINS","INTRA\gMSASQL$","None"
"LABMEPBGADB","MSSQLSERVER","LABMEPBGADB","SERVER","SERVER LOGINS","ReportUser","sysadmin"
"LABMEPBGADB","MSSQLSERVER","LABMEPBGADB","SERVER","SERVER LOGINS","LABMEPBGADB\sql-admin","None"
"LABMEPBGADB","MSSQLSERVER","LABMEPBGADB","PocModel","DB ROLE MEMBERS","dbo","db_owner"
"LABMEPBGADB","MSSQLSERVER","LABMEPBGADB","PocModel","DB ROLE MEMBERS","ReportUser","db_owner"
"LABMEPBGADB","MSSQLSERVER","LABMEPBGADB","PocModel","DB ROLE MEMBERS","ReportUser","db_datareader"
"LABMEPBGADB","MSSQLSERVER","LABMEPBGADB","PocModel","DB ROLE MEMBERS","ReportUser","db_datawriter"
"LABMEPBGADB","MSSQLSERVER","LABMEPBGADB","PocModelADTStore","DB ROLE MEMBERS","dbo","db_owner"
"LABMEPBGADB","MSSQLSERVER","LABMEPBGADB","PocModelADTStore","DB ROLE MEMBERS","ReportUser","db_datareader"
"LABMEPBGADB","MSSQLSERVER","LABMEPBGADB","PocModelADTStore","DB ROLE MEMBERS","ReportUser","db_datawriter"
"LABMEPBGADB","MSSQLSERVER","LABMEPBGADB","PocModelMirthDb","DB ROLE MEMBERS","dbo","db_owner"
"LABMEPBGADB","MSSQLSERVER","LABMEPBGADB","PocModelQC","DB ROLE MEMBERS","dbo","db_owner"
"LABMEPBGADB","MSSQLSERVER","LABMEPBGADB","PocModelQC","DB ROLE MEMBERS","ReportUser","db_datareader"
"LABMEPBGADB","MSSQLSERVER","LABMEPBGADB","PocModelQC","DB ROLE MEMBERS","ReportUser","db_datawriter"
"LABMEPBGADB","MSSQLSERVER","LABMEPBGADB","ReportServer","DB ROLE MEMBERS","dbo","db_owner"
"LABMEPBGADB","MSSQLSERVER","LABMEPBGADB","ReportServer","DB ROLE MEMBERS","RSExecRole","db_owner"
"LABMEPBGADB","MSSQLSERVER","LABMEPBGADB","ReportServer","DB ROLE MEMBERS","INTRA\gMSASQL$","RSExecRole"
"LABMEPBGADB","MSSQLSERVER","LABMEPBGADB","ReportServer","DB ROLE MEMBERS","ReportUser","db_owner"
"LABMEPBGADB","MSSQLSERVER","LABMEPBGADB","ReportServer","DB ROLE MEMBERS","ReportUser","db_datareader"
"LABMEPBGADB","MSSQLSERVER","LABMEPBGADB","ReportServer","DB ROLE MEMBERS","ReportUser","db_datawriter"
"LABMEPBGADB","MSSQLSERVER","LABMEPBGADB","ReportServerTempDB","DB ROLE MEMBERS","INTRA\gMSASQL$","RSExecRole"
"LABMEPBGADB","MSSQLSERVER","LABMEPBGADB","ReportServerTempDB","DB ROLE MEMBERS","dbo","db_owner"
"LABMEPBGADB","MSSQLSERVER","LABMEPBGADB","ReportServerTempDB","DB ROLE MEMBERS","RSExecRole","db_owner"
"LABMEPBGADB","MSSQLSERVER","LABMEPBGADB","ReportServerTempDB","DB ROLE MEMBERS","ReportUser","db_owner"
