#TYPE Selected.Microsoft.SqlServer.Management.Smo.Database
"BackupStatus","ComputerName","InstanceName","SqlInstance","SizeMB","Compatibility","Encrypted","LastFullBackup","LastDiffBackup","LastLogBackup","Name"
,"musemepsql","MSSQLSERVER","musemepsql","43420","Version110","False","07.03.2025 03:51:48","01.01.0001 00:00:00","07.03.2025 16:44:49","MUSE_Site0001"
,"musemepsql","MSSQLSERVER","musemepsql","66","Version110","False","07.03.2025 03:51:48","01.01.0001 00:00:00","07.03.2025 16:44:50","MUSE_Site0002"
,"musemepsql","MSSQLSERVER","musemepsql","51","Version110","False","07.03.2025 03:51:48","01.01.0001 00:00:00","07.03.2025 16:44:50","MUSE_SiteTemplate"
,"musemepsql","MSSQLSERVER","musemepsql","89072","Version110","False","07.03.2025 03:51:48","01.01.0001 00:00:00","07.03.2025 16:44:51","MUSE_System"
