#TYPE Selected.Microsoft.SqlServer.Management.Smo.Login
"ComputerName","InstanceName","SqlInstance","Name","DefaultDatabase","IsDisabled","IsLocked","IsPasswordExpired","LoginType"
"musemepsql","MSSQLSERVER","musemepsql","##MS_PolicyEventProcessingLogin##","master","True","False","False","SqlLogin"
"musemepsql","MSSQLSERVER","musemepsql","##MS_PolicyTsqlExecutionLogin##","master","True","False","False","SqlLogin"
"musemepsql","MSSQLSERVER","musemepsql","INTRA\admMuse","master","False",,,"WindowsUser"
"musemepsql","MSSQLSERVER","musemepsql","INTRA\DIEMuseBkgnd","master","False",,,"WindowsUser"
"musemepsql","MSSQLSERVER","musemepsql","INTRA\S_inf_SQLSRV-Supp","master","False",,,"WindowsGroup"
"musemepsql","MSSQLSERVER","musemepsql","MUSEMEPSQL\SQL-Admin","master","False",,,"WindowsGroup"
"musemepsql","MSSQLSERVER","musemepsql","NT AUTHORITY\SYSTEM","master","False",,,"WindowsUser"
"musemepsql","MSSQLSERVER","musemepsql","NT SERVICE\MSSQLSERVER","master","False",,,"WindowsUser"
"musemepsql","MSSQLSERVER","musemepsql","NT SERVICE\SQLSERVERAGENT","master","False",,,"WindowsUser"
"musemepsql","MSSQLSERVER","musemepsql","NT SERVICE\SQLTELEMETRY","master","False",,,"WindowsUser"
"musemepsql","MSSQLSERVER","musemepsql","NT SERVICE\SQLWriter","master","False",,,"WindowsUser"
"musemepsql","MSSQLSERVER","musemepsql","NT SERVICE\Winmgmt","master","False",,,"WindowsUser"
"musemepsql","MSSQLSERVER","musemepsql","sa","master","False","False","False","SqlLogin"
