#TYPE Selected.System.Management.Automation.PSCustomObject
"ComputerName","InstanceName","SqlInstance","Object","Type","Member","RoleSecurableClass"
"musemepsql","MSSQLSERVER","musemepsql","SERVER","SERVER LOGINS","sa","sysadmin"
"musemepsql","MSSQLSERVER","musemepsql","SERVER","SERVER LOGINS","MUSEMEPSQL\SQL-Admin","sysadmin"
"musemepsql","MSSQLSERVER","musemepsql","SERVER","SERVER LOGINS","INTRA\DIEMuseBkgnd","sysadmin"
"musemepsql","MSSQLSERVER","musemepsql","SERVER","SERVER LOGINS","INTRA\admMuse","sysadmin"
"musemepsql","MSSQLSERVER","musemepsql","SERVER","SERVER LOGINS","INTRA\S_inf_SQLSRV-Supp","sysadmin"
"musemepsql","MSSQLSERVER","musemepsql","MUSE_Site0001","DB ROLE MEMBERS","dbo","db_owner"
"musemepsql","MSSQLSERVER","musemepsql","MUSE_Site0001","DB ROLE MEMBERS","intra\admmuse","db_owner"
"musemepsql","MSSQLSERVER","musemepsql","MUSE_Site0002","DB ROLE MEMBERS","dbo","db_owner"
"musemepsql","MSSQLSERVER","musemepsql","MUSE_Site0002","DB ROLE MEMBERS","intra\admmuse","db_owner"
"musemepsql","MSSQLSERVER","musemepsql","MUSE_SiteTemplate","DB ROLE MEMBERS","dbo","db_owner"
"musemepsql","MSSQLSERVER","musemepsql","MUSE_SiteTemplate","DB ROLE MEMBERS","intra\admmuse","db_owner"
"musemepsql","MSSQLSERVER","musemepsql","MUSE_System","DB ROLE MEMBERS","dbo","db_owner"
"musemepsql","MSSQLSERVER","musemepsql","MUSE_System","DB ROLE MEMBERS","intra\admmuse","db_owner"
