#TYPE Selected.Dataplat.Dbatools.Database.BackupHistory
"ComputerName","InstanceName","SqlInstance","AvailabilityGroupName","Database","Start","End","Duration","TotalSize","CompressedBackupSize","CompressionRatio","Type","IsCopyOnly"
"NISXBOX","XPCONNECT","NISXBOX\XPCONNECT",,"msdb","07.03.2025 02:01:59","07.03.2025 02:02:05","00:00:06","40,16 MB","40,16 MB","1","Full","False"
"NISXBOX","XPCONNECT","NISXBOX\XPCONNECT",,"msdb","05.03.2025 21:10:51","05.03.2025 21:10:57","00:00:06","40,16 MB","40,16 MB","1","Full","False"
"NISXBOX","XPCONNECT","NISXBOX\XPCONNECT",,"msdb","04.03.2025 21:14:08","04.03.2025 21:14:15","00:00:07","40,16 MB","40,16 MB","1","Full","False"
"NISXBOX","XPCONNECT","NISXBOX\XPCONNECT",,"msdb","03.03.2025 21:12:21","03.03.2025 21:12:28","00:00:07","40,16 MB","40,16 MB","1","Full","False"
"NISXBOX","XPCONNECT","NISXBOX\XPCONNECT",,"msdb","02.03.2025 21:07:29","02.03.2025 21:07:45","00:00:16","40,16 MB","40,16 MB","1","Full","False"
"NISXBOX","XPCONNECT","NISXBOX\XPCONNECT",,"msdb","01.03.2025 21:06:21","01.03.2025 21:06:28","00:00:07","40,10 MB","40,10 MB","1","Full","False"
"NISXBOX","XPCONNECT","NISXBOX\XPCONNECT",,"msdb","28.02.2025 21:08:09","28.02.2025 21:08:20","00:00:11","40,10 MB","40,10 MB","1","Full","False"
"NISXBOX","XPCONNECT","NISXBOX\XPCONNECT",,"XPVDIR","07.03.2025 02:02:00","07.03.2025 02:02:05","00:00:05","7,68 MB","7,68 MB","1","Full","False"
"NISXBOX","XPCONNECT","NISXBOX\XPCONNECT",,"XPVDIR","05.03.2025 21:10:51","05.03.2025 21:10:57","00:00:06","7,62 MB","7,62 MB","1","Full","False"
"NISXBOX","XPCONNECT","NISXBOX\XPCONNECT",,"XPVDIR","04.03.2025 21:14:08","04.03.2025 21:14:15","00:00:07","7,62 MB","7,62 MB","1","Full","False"
"NISXBOX","XPCONNECT","NISXBOX\XPCONNECT",,"XPVDIR","03.03.2025 21:12:21","03.03.2025 21:12:28","00:00:07","7,74 MB","7,74 MB","1","Full","False"
"NISXBOX","XPCONNECT","NISXBOX\XPCONNECT",,"XPVDIR","02.03.2025 21:07:29","02.03.2025 21:07:45","00:00:16","7,68 MB","7,68 MB","1","Full","False"
"NISXBOX","XPCONNECT","NISXBOX\XPCONNECT",,"XPVDIR","01.03.2025 21:06:21","01.03.2025 21:06:28","00:00:07","7,68 MB","7,68 MB","1","Full","False"
"NISXBOX","XPCONNECT","NISXBOX\XPCONNECT",,"XPVDIR","28.02.2025 21:08:09","28.02.2025 21:08:20","00:00:11","7,56 MB","7,56 MB","1","Full","False"
"NISXBOX","XPCONNECT","NISXBOX\XPCONNECT",,"master","07.03.2025 02:02:00","07.03.2025 02:02:05","00:00:05","3,83 MB","3,83 MB","1","Full","False"
"NISXBOX","XPCONNECT","NISXBOX\XPCONNECT",,"master","05.03.2025 21:10:51","05.03.2025 21:10:57","00:00:06","3,83 MB","3,83 MB","1","Full","False"
"NISXBOX","XPCONNECT","NISXBOX\XPCONNECT",,"master","04.03.2025 21:14:08","04.03.2025 21:14:15","00:00:07","3,83 MB","3,83 MB","1","Full","False"
"NISXBOX","XPCONNECT","NISXBOX\XPCONNECT",,"master","03.03.2025 21:12:22","03.03.2025 21:12:28","00:00:06","3,83 MB","3,83 MB","1","Full","False"
"NISXBOX","XPCONNECT","NISXBOX\XPCONNECT",,"master","02.03.2025 21:07:29","02.03.2025 21:07:45","00:00:16","3,83 MB","3,83 MB","1","Full","False"
"NISXBOX","XPCONNECT","NISXBOX\XPCONNECT",,"master","01.03.2025 21:06:21","01.03.2025 21:06:28","00:00:07","3,83 MB","3,83 MB","1","Full","False"
"NISXBOX","XPCONNECT","NISXBOX\XPCONNECT",,"master","28.02.2025 21:08:09","28.02.2025 21:08:20","00:00:11","3,83 MB","3,83 MB","1","Full","False"
"NISXBOX","XPCONNECT","NISXBOX\XPCONNECT",,"XPDATA","07.03.2025 02:01:59","07.03.2025 02:02:05","00:00:06","248,55 MB","248,55 MB","1","Full","False"
"NISXBOX","XPCONNECT","NISXBOX\XPCONNECT",,"XPDATA","05.03.2025 21:10:51","05.03.2025 21:10:57","00:00:06","248,55 MB","248,55 MB","1","Full","False"
"NISXBOX","XPCONNECT","NISXBOX\XPCONNECT",,"XPDATA","04.03.2025 21:14:08","04.03.2025 21:14:15","00:00:07","248,55 MB","248,55 MB","1","Full","False"
"NISXBOX","XPCONNECT","NISXBOX\XPCONNECT",,"XPDATA","03.03.2025 21:12:21","03.03.2025 21:12:28","00:00:07","248,55 MB","248,55 MB","1","Full","False"
"NISXBOX","XPCONNECT","NISXBOX\XPCONNECT",,"XPDATA","02.03.2025 21:07:29","02.03.2025 21:07:45","00:00:16","248,53 MB","248,53 MB","1","Full","False"
"NISXBOX","XPCONNECT","NISXBOX\XPCONNECT",,"XPDATA","01.03.2025 21:06:21","01.03.2025 21:06:28","00:00:07","248,54 MB","248,54 MB","1","Full","False"
"NISXBOX","XPCONNECT","NISXBOX\XPCONNECT",,"XPDATA","28.02.2025 21:08:09","28.02.2025 21:08:20","00:00:11","248,55 MB","248,55 MB","1","Full","False"
"NISXBOX","XPCONNECT","NISXBOX\XPCONNECT",,"model","07.03.2025 02:01:59","07.03.2025 02:02:05","00:00:06","2,76 MB","2,76 MB","1","Full","False"
"NISXBOX","XPCONNECT","NISXBOX\XPCONNECT",,"model","05.03.2025 21:10:51","05.03.2025 21:10:57","00:00:06","2,76 MB","2,76 MB","1","Full","False"
"NISXBOX","XPCONNECT","NISXBOX\XPCONNECT",,"model","04.03.2025 21:14:08","04.03.2025 21:14:15","00:00:07","2,76 MB","2,76 MB","1","Full","False"
"NISXBOX","XPCONNECT","NISXBOX\XPCONNECT",,"model","03.03.2025 21:12:21","03.03.2025 21:12:28","00:00:07","2,76 MB","2,76 MB","1","Full","False"
"NISXBOX","XPCONNECT","NISXBOX\XPCONNECT",,"model","02.03.2025 21:07:29","02.03.2025 21:07:45","00:00:16","2,76 MB","2,76 MB","1","Full","False"
"NISXBOX","XPCONNECT","NISXBOX\XPCONNECT",,"model","01.03.2025 21:06:21","01.03.2025 21:06:28","00:00:07","2,76 MB","2,76 MB","1","Full","False"
"NISXBOX","XPCONNECT","NISXBOX\XPCONNECT",,"model","28.02.2025 21:08:09","28.02.2025 21:08:20","00:00:11","2,76 MB","2,76 MB","1","Full","False"
