#TYPE Selected.Microsoft.SqlServer.Management.Smo.Login
"ComputerName","InstanceName","SqlInstance","Name","DefaultDatabase","IsDisabled","IsLocked","IsPasswordExpired","LoginType"
"NISXBOX","XPCONNECT","NISXBOX\XPCONNECT","##MS_PolicyEventProcessingLogin##","master","True","False","False","SqlLogin"
"NISXBOX","XPCONNECT","NISXBOX\XPCONNECT","##MS_PolicyTsqlExecutionLogin##","master","True","False","False","SqlLogin"
"NISXBOX","XPCONNECT","NISXBOX\XPCONNECT","atlas","XPVDIR","False","False","False","SqlLogin"
"NISXBOX","XPCONNECT","NISXBOX\XPCONNECT","BUILTIN\Administrators","master","False",,,"WindowsGroup"
"NISXBOX","XPCONNECT","NISXBOX\XPCONNECT","BUILTIN\Users","master","False",,,"WindowsGroup"
"NISXBOX","XPCONNECT","NISXBOX\XPCONNECT","INTRA\DIEPLUTO","XPDATA","False",,,"WindowsUser"
"NISXBOX","XPCONNECT","NISXBOX\XPCONNECT","NT AUTHORITY\SYSTEM","master","False",,,"WindowsUser"
"NISXBOX","XPCONNECT","NISXBOX\XPCONNECT","NT SERVICE\MSSQL$XPCONNECT","master","False",,,"WindowsUser"
"NISXBOX","XPCONNECT","NISXBOX\XPCONNECT","NT SERVICE\SQLWriter","master","False",,,"WindowsUser"
"NISXBOX","XPCONNECT","NISXBOX\XPCONNECT","NT SERVICE\Winmgmt","master","False",,,"WindowsUser"
"NISXBOX","XPCONNECT","NISXBOX\XPCONNECT","sa","master","False","False","False","SqlLogin"
