#TYPE Selected.System.Management.Automation.PSCustomObject
"ComputerName","InstanceName","SqlInstance","Object","Type","Member","RoleSecurableClass"
"NISXBOX","XPCONNECT","NISXBOX\XPCONNECT","SERVER","SERVER LOGINS","sa","sysadmin"
"NISXBOX","XPCONNECT","NISXBOX\XPCONNECT","SERVER","SERVER LOGINS","BUILTIN\Administrators","sysadmin"
"NISXBOX","XPCONNECT","NISXBOX\XPCONNECT","SERVER","SERVER LOGINS","BUILTIN\Users","None"
"NISXBOX","XPCONNECT","NISXBOX\XPCONNECT","SERVER","SERVER LOGINS","atlas","sysadmin"
"NISXBOX","XPCONNECT","NISXBOX\XPCONNECT","SERVER","SERVER LOGINS","INTRA\DIEPLUTO","sysadmin"
"NISXBOX","XPCONNECT","NISXBOX\XPCONNECT","XPDATA","DB ROLE MEMBERS","dbo","db_owner"
"NISXBOX","XPCONNECT","NISXBOX\XPCONNECT","XPVDIR","DB ROLE MEMBERS","dbo","db_owner"
