#TYPE Selected.Microsoft.SqlServer.Management.Smo.Database
"BackupStatus","ComputerName","InstanceName","SqlInstance","SizeMB","Compatibility","Encrypted","LastFullBackup","LastDiffBackup","LastLogBackup","Name"
,"PDMTESTDB","MSSQLSERVER","PDMTESTDB","2955,4375","Version100","False","07.03.2025 05:01:05","01.01.0001 00:00:00","07.03.2025 15:41:07","KGU_Test_EMPI"
,"PDMTESTDB","MSSQLSERVER","PDMTESTDB","145842,375","Version100","False","07.03.2025 05:01:05","01.01.0001 00:00:00","07.03.2025 15:41:07","KGU_Test_PROD"
,"PDMTESTDB","MSSQLSERVER","PDMTESTDB","147890,375","Version100","False","07.03.2025 05:01:05","01.01.0001 00:00:00","07.03.2025 15:41:07","KGU_Test_PROD_HF"
,"PDMTESTDB","MSSQLSERVER","PDMTESTDB","2955,4375","Version100","False","07.03.2025 05:01:05","01.01.0001 00:00:00","07.03.2025 15:41:08","KGU_Test_EMPI_HF"
,"PDMTESTDB","MSSQLSERVER","PDMTESTDB","9562,4375","Version100","False","07.03.2025 05:01:05","01.01.0001 00:00:00","01.01.0001 00:00:00","MV_LEP"
,"PDMTESTDB","MSSQLSERVER","PDMTESTDB","1014,9375","Version100","False","07.03.2025 05:01:05","01.01.0001 00:00:00","01.01.0001 00:00:00","MV_LEP_Archiv"
,"PDMTESTDB","MSSQLSERVER","PDMTESTDB","1014,9375","Version100","False","07.03.2025 05:01:05","01.01.0001 00:00:00","01.01.0001 00:00:00","MV_LEP_A3"
,"PDMTESTDB","MSSQLSERVER","PDMTESTDB","1014,9375","Version100","False","07.03.2025 05:01:05","01.01.0001 00:00:00","01.01.0001 00:00:00","MV_LEP_B5"
,"PDMTESTDB","MSSQLSERVER","PDMTESTDB","1863,625","Version100","False","07.03.2025 05:01:05","01.01.0001 00:00:00","01.01.0001 00:00:00","MV_LEP2018"
,"PDMTESTDB","MSSQLSERVER","PDMTESTDB","1014,9375","Version100","False","07.03.2025 05:01:05","01.01.0001 00:00:00","01.01.0001 00:00:00","MV_LEP_alt"
,"PDMTESTDB","MSSQLSERVER","PDMTESTDB","1640742,5","Version100","False","07.03.2025 05:01:05","01.01.0001 00:00:00","07.03.2025 15:41:08","KGU_ARCHIVE2_DIZ"
,"PDMTESTDB","MSSQLSERVER","PDMTESTDB","1140129,625","Version100","False","07.03.2025 05:01:05","01.01.0001 00:00:00","01.01.0001 00:00:00","KGU_ARCHIVE1"
,"PDMTESTDB","MSSQLSERVER","PDMTESTDB","1121,625","Version100","False","07.03.2025 05:01:05","01.01.0001 00:00:00","07.03.2025 15:41:09","KGU_EMPI"
