#TYPE Selected.Dataplat.Dbatools.Database.BackupHistory
"ComputerName","InstanceName","SqlInstance","AvailabilityGroupName","Database","Start","End","Duration","TotalSize","CompressedBackupSize","CompressionRatio","Type","IsCopyOnly"
"PDMTESTDB","MSSQLSERVER","PDMTESTDB",,"KGU_ARCHIVE2_DIZ","07.03.2025 15:41:08","07.03.2025 15:41:08","00:00:00","3,60 MB","3,60 MB","1","Log","False"
"PDMTESTDB","MSSQLSERVER","PDMTESTDB",,"KGU_ARCHIVE2_DIZ","07.03.2025 14:08:01","07.03.2025 14:47:11","00:39:10","284,76 GB","284,76 GB","1","Log","False"
"PDMTESTDB","MSSQLSERVER","PDMTESTDB",,"KGU_ARCHIVE2_DIZ","07.03.2025 05:00:54","07.03.2025 05:01:05","00:00:11","862,39 GB","862,39 GB","1","Full","False"
"PDMTESTDB","MSSQLSERVER","PDMTESTDB",,"KGU_ARCHIVE2_DIZ","06.03.2025 13:41:22","06.03.2025 14:18:52","00:37:30","198,31 GB","198,31 GB","1","Log","False"
"PDMTESTDB","MSSQLSERVER","PDMTESTDB",,"KGU_ARCHIVE2_DIZ","06.03.2025 11:53:36","06.03.2025 12:31:21","00:37:45","118,96 GB","118,96 GB","1","Log","False"
"PDMTESTDB","MSSQLSERVER","PDMTESTDB",,"KGU_ARCHIVE2_DIZ","06.03.2025 09:41:21","06.03.2025 09:41:21","00:00:00","274,00 KB","274,00 KB","1","Log","False"
"PDMTESTDB","MSSQLSERVER","PDMTESTDB",,"KGU_ARCHIVE2_DIZ","06.03.2025 07:41:21","06.03.2025 07:41:21","00:00:00","274,00 KB","274,00 KB","1","Log","False"
"PDMTESTDB","MSSQLSERVER","PDMTESTDB",,"KGU_ARCHIVE2_DIZ","06.03.2025 05:41:21","06.03.2025 05:41:21","00:00:00","274,00 KB","274,00 KB","1","Log","False"
"PDMTESTDB","MSSQLSERVER","PDMTESTDB",,"KGU_ARCHIVE2_DIZ","06.03.2025 03:42:03","06.03.2025 03:42:03","00:00:00","274,00 KB","274,00 KB","1","Log","False"
"PDMTESTDB","MSSQLSERVER","PDMTESTDB",,"KGU_ARCHIVE2_DIZ","06.03.2025 03:41:50","06.03.2025 03:41:59","00:00:09","973,73 GB","973,73 GB","1","Full","False"
"PDMTESTDB","MSSQLSERVER","PDMTESTDB",,"KGU_ARCHIVE2_DIZ","06.03.2025 01:40:59","06.03.2025 01:40:59","00:00:00","274,00 KB","274,00 KB","1","Log","False"
"PDMTESTDB","MSSQLSERVER","PDMTESTDB",,"KGU_ARCHIVE2_DIZ","05.03.2025 23:40:59","05.03.2025 23:40:59","00:00:00","274,00 KB","274,00 KB","1","Log","False"
"PDMTESTDB","MSSQLSERVER","PDMTESTDB",,"KGU_ARCHIVE2_DIZ","05.03.2025 21:40:58","05.03.2025 21:40:58","00:00:00","274,00 KB","274,00 KB","1","Log","False"
"PDMTESTDB","MSSQLSERVER","PDMTESTDB",,"KGU_ARCHIVE2_DIZ","05.03.2025 19:40:58","05.03.2025 19:40:58","00:00:00","274,00 KB","274,00 KB","1","Log","False"
"PDMTESTDB","MSSQLSERVER","PDMTESTDB",,"KGU_ARCHIVE2_DIZ","05.03.2025 17:40:58","05.03.2025 17:40:58","00:00:00","274,00 KB","274,00 KB","1","Log","False"
"PDMTESTDB","MSSQLSERVER","PDMTESTDB",,"KGU_ARCHIVE2_DIZ","05.03.2025 15:40:58","05.03.2025 15:40:58","00:00:00","274,00 KB","274,00 KB","1","Log","False"
"PDMTESTDB","MSSQLSERVER","PDMTESTDB",,"KGU_ARCHIVE2_DIZ","05.03.2025 13:40:57","05.03.2025 13:40:57","00:00:00","274,00 KB","274,00 KB","1","Log","False"
"PDMTESTDB","MSSQLSERVER","PDMTESTDB",,"KGU_ARCHIVE2_DIZ","05.03.2025 11:40:57","05.03.2025 11:40:57","00:00:00","274,00 KB","274,00 KB","1","Log","False"
"PDMTESTDB","MSSQLSERVER","PDMTESTDB",,"KGU_ARCHIVE2_DIZ","05.03.2025 09:40:57","05.03.2025 09:40:57","00:00:00","274,00 KB","274,00 KB","1","Log","False"
"PDMTESTDB","MSSQLSERVER","PDMTESTDB",,"KGU_ARCHIVE2_DIZ","05.03.2025 07:40:57","05.03.2025 07:40:57","00:00:00","274,00 KB","274,00 KB","1","Log","False"
"PDMTESTDB","MSSQLSERVER","PDMTESTDB",,"KGU_ARCHIVE2_DIZ","05.03.2025 05:40:56","05.03.2025 05:40:56","00:00:00","466,00 KB","466,00 KB","1","Log","False"
"PDMTESTDB","MSSQLSERVER","PDMTESTDB",,"KGU_ARCHIVE2_DIZ","05.03.2025 03:42:01","05.03.2025 03:42:14","00:00:13","973,73 GB","973,73 GB","1","Full","False"
"PDMTESTDB","MSSQLSERVER","PDMTESTDB",,"KGU_ARCHIVE1","07.03.2025 05:00:53","07.03.2025 05:01:05","00:00:12","821,69 GB","821,69 GB","1","Full","False"
"PDMTESTDB","MSSQLSERVER","PDMTESTDB",,"KGU_ARCHIVE1","06.03.2025 03:41:49","06.03.2025 03:41:59","00:00:10","821,69 GB","821,69 GB","1","Full","False"
"PDMTESTDB","MSSQLSERVER","PDMTESTDB",,"KGU_ARCHIVE1","05.03.2025 03:42:00","05.03.2025 03:42:14","00:00:14","821,69 GB","821,69 GB","1","Full","False"
"PDMTESTDB","MSSQLSERVER","PDMTESTDB",,"KGU_ARCHIVE1","04.03.2025 03:41:42","04.03.2025 03:41:56","00:00:14","821,69 GB","821,69 GB","1","Full","False"
"PDMTESTDB","MSSQLSERVER","PDMTESTDB",,"KGU_ARCHIVE1","03.03.2025 03:41:37","03.03.2025 03:41:50","00:00:13","821,69 GB","821,69 GB","1","Full","False"
"PDMTESTDB","MSSQLSERVER","PDMTESTDB",,"KGU_ARCHIVE1","02.03.2025 11:10:54","02.03.2025 11:11:13","00:00:19","836,24 GB","836,24 GB","1","Full","False"
"PDMTESTDB","MSSQLSERVER","PDMTESTDB",,"KGU_ARCHIVE1","01.03.2025 03:41:34","01.03.2025 03:41:45","00:00:11","821,69 GB","821,69 GB","1","Full","False"
"PDMTESTDB","MSSQLSERVER","PDMTESTDB",,"KGU_Test_PROD_HF","07.03.2025 15:41:07","07.03.2025 15:41:07","00:00:00","179,00 KB","179,00 KB","1","Log","False"
"PDMTESTDB","MSSQLSERVER","PDMTESTDB",,"KGU_Test_PROD_HF","07.03.2025 13:41:06","07.03.2025 13:41:06","00:00:00","179,00 KB","179,00 KB","1","Log","False"
"PDMTESTDB","MSSQLSERVER","PDMTESTDB",,"KGU_Test_PROD_HF","07.03.2025 11:41:05","07.03.2025 11:41:05","00:00:00","179,00 KB","179,00 KB","1","Log","False"
"PDMTESTDB","MSSQLSERVER","PDMTESTDB",,"KGU_Test_PROD_HF","07.03.2025 09:41:05","07.03.2025 09:41:05","00:00:00","179,00 KB","179,00 KB","1","Log","False"
"PDMTESTDB","MSSQLSERVER","PDMTESTDB",,"KGU_Test_PROD_HF","07.03.2025 07:41:05","07.03.2025 07:41:05","00:00:00","179,00 KB","179,00 KB","1","Log","False"
"PDMTESTDB","MSSQLSERVER","PDMTESTDB",,"KGU_Test_PROD_HF","07.03.2025 05:41:04","07.03.2025 05:41:05","00:00:01","243,00 KB","243,00 KB","1","Log","False"
"PDMTESTDB","MSSQLSERVER","PDMTESTDB",,"KGU_Test_PROD_HF","07.03.2025 05:00:56","07.03.2025 05:01:05","00:00:09","20,24 GB","20,24 GB","1","Full","False"
"PDMTESTDB","MSSQLSERVER","PDMTESTDB",,"KGU_Test_PROD_HF","07.03.2025 03:41:27","07.03.2025 03:41:27","00:00:00","179,00 KB","179,00 KB","1","Log","False"
"PDMTESTDB","MSSQLSERVER","PDMTESTDB",,"KGU_Test_PROD_HF","07.03.2025 01:41:22","07.03.2025 01:41:22","00:00:00","179,00 KB","179,00 KB","1","Log","False"
"PDMTESTDB","MSSQLSERVER","PDMTESTDB",,"KGU_Test_PROD_HF","06.03.2025 23:41:22","06.03.2025 23:41:22","00:00:00","179,00 KB","179,00 KB","1","Log","False"
"PDMTESTDB","MSSQLSERVER","PDMTESTDB",,"KGU_Test_PROD_HF","06.03.2025 21:41:21","06.03.2025 21:41:21","00:00:00","179,00 KB","179,00 KB","1","Log","False"
"PDMTESTDB","MSSQLSERVER","PDMTESTDB",,"KGU_Test_PROD_HF","06.03.2025 19:41:21","06.03.2025 19:41:21","00:00:00","179,00 KB","179,00 KB","1","Log","False"
"PDMTESTDB","MSSQLSERVER","PDMTESTDB",,"KGU_Test_PROD_HF","06.03.2025 17:41:21","06.03.2025 17:41:21","00:00:00","179,00 KB","179,00 KB","1","Log","False"
"PDMTESTDB","MSSQLSERVER","PDMTESTDB",,"KGU_Test_PROD_HF","06.03.2025 15:41:21","06.03.2025 15:41:21","00:00:00","179,00 KB","179,00 KB","1","Log","False"
"PDMTESTDB","MSSQLSERVER","PDMTESTDB",,"KGU_Test_PROD_HF","06.03.2025 13:41:21","06.03.2025 13:41:21","00:00:00","179,00 KB","179,00 KB","1","Log","False"
"PDMTESTDB","MSSQLSERVER","PDMTESTDB",,"KGU_Test_PROD_HF","06.03.2025 11:46:58","06.03.2025 11:53:33","00:06:35","15,31 GB","15,31 GB","1","Log","False"
"PDMTESTDB","MSSQLSERVER","PDMTESTDB",,"KGU_Test_PROD_HF","06.03.2025 09:41:21","06.03.2025 09:41:21","00:00:00","179,00 KB","179,00 KB","1","Log","False"
"PDMTESTDB","MSSQLSERVER","PDMTESTDB",,"KGU_Test_PROD_HF","06.03.2025 07:41:21","06.03.2025 07:41:21","00:00:00","179,00 KB","179,00 KB","1","Log","False"
"PDMTESTDB","MSSQLSERVER","PDMTESTDB",,"KGU_Test_PROD_HF","06.03.2025 05:41:20","06.03.2025 05:41:20","00:00:00","179,00 KB","179,00 KB","1","Log","False"
"PDMTESTDB","MSSQLSERVER","PDMTESTDB",,"KGU_Test_PROD_HF","06.03.2025 03:42:03","06.03.2025 03:42:03","00:00:00","179,00 KB","179,00 KB","1","Log","False"
"PDMTESTDB","MSSQLSERVER","PDMTESTDB",,"KGU_Test_PROD_HF","06.03.2025 03:41:51","06.03.2025 03:41:59","00:00:08","20,24 GB","20,24 GB","1","Full","False"
"PDMTESTDB","MSSQLSERVER","PDMTESTDB",,"KGU_Test_PROD_HF","06.03.2025 01:40:59","06.03.2025 01:40:59","00:00:00","179,00 KB","179,00 KB","1","Log","False"
"PDMTESTDB","MSSQLSERVER","PDMTESTDB",,"KGU_Test_PROD_HF","05.03.2025 23:40:58","05.03.2025 23:40:58","00:00:00","179,00 KB","179,00 KB","1","Log","False"
"PDMTESTDB","MSSQLSERVER","PDMTESTDB",,"KGU_Test_PROD_HF","05.03.2025 21:40:58","05.03.2025 21:40:58","00:00:00","179,00 KB","179,00 KB","1","Log","False"
"PDMTESTDB","MSSQLSERVER","PDMTESTDB",,"KGU_Test_PROD_HF","05.03.2025 19:40:58","05.03.2025 19:40:58","00:00:00","179,00 KB","179,00 KB","1","Log","False"
"PDMTESTDB","MSSQLSERVER","PDMTESTDB",,"KGU_Test_PROD_HF","05.03.2025 17:40:57","05.03.2025 17:40:57","00:00:00","179,00 KB","179,00 KB","1","Log","False"
"PDMTESTDB","MSSQLSERVER","PDMTESTDB",,"KGU_Test_PROD_HF","05.03.2025 15:40:57","05.03.2025 15:40:57","00:00:00","179,00 KB","179,00 KB","1","Log","False"
"PDMTESTDB","MSSQLSERVER","PDMTESTDB",,"KGU_Test_PROD_HF","05.03.2025 13:40:57","05.03.2025 13:40:57","00:00:00","179,00 KB","179,00 KB","1","Log","False"
"PDMTESTDB","MSSQLSERVER","PDMTESTDB",,"KGU_Test_PROD_HF","05.03.2025 11:40:56","05.03.2025 11:40:56","00:00:00","179,00 KB","179,00 KB","1","Log","False"
"PDMTESTDB","MSSQLSERVER","PDMTESTDB",,"KGU_Test_PROD_HF","05.03.2025 09:40:57","05.03.2025 09:40:57","00:00:00","179,00 KB","179,00 KB","1","Log","False"
"PDMTESTDB","MSSQLSERVER","PDMTESTDB",,"KGU_Test_PROD_HF","05.03.2025 07:40:56","05.03.2025 07:40:56","00:00:00","179,00 KB","179,00 KB","1","Log","False"
"PDMTESTDB","MSSQLSERVER","PDMTESTDB",,"KGU_Test_PROD_HF","05.03.2025 05:40:56","05.03.2025 05:40:56","00:00:00","371,00 KB","371,00 KB","1","Log","False"
"PDMTESTDB","MSSQLSERVER","PDMTESTDB",,"KGU_Test_PROD_HF","05.03.2025 03:42:04","05.03.2025 03:42:14","00:00:10","20,24 GB","20,24 GB","1","Full","False"
"PDMTESTDB","MSSQLSERVER","PDMTESTDB",,"KGU_Test_PROD_HF","05.03.2025 03:41:25","05.03.2025 03:41:25","00:00:00","179,00 KB","179,00 KB","1","Log","False"
"PDMTESTDB","MSSQLSERVER","PDMTESTDB",,"KGU_Test_PROD_HF","05.03.2025 01:41:18","05.03.2025 01:41:18","00:00:00","179,00 KB","179,00 KB","1","Log","False"
"PDMTESTDB","MSSQLSERVER","PDMTESTDB",,"KGU_Test_PROD_HF","04.03.2025 23:41:17","04.03.2025 23:41:17","00:00:00","179,00 KB","179,00 KB","1","Log","False"
"PDMTESTDB","MSSQLSERVER","PDMTESTDB",,"KGU_Test_PROD_HF","04.03.2025 21:41:17","04.03.2025 21:41:17","00:00:00","179,00 KB","179,00 KB","1","Log","False"
"PDMTESTDB","MSSQLSERVER","PDMTESTDB",,"KGU_Test_PROD_HF","04.03.2025 19:41:17","04.03.2025 19:41:17","00:00:00","179,00 KB","179,00 KB","1","Log","False"
"PDMTESTDB","MSSQLSERVER","PDMTESTDB",,"KGU_Test_PROD_HF","04.03.2025 17:41:17","04.03.2025 17:41:17","00:00:00","179,00 KB","179,00 KB","1","Log","False"
"PDMTESTDB","MSSQLSERVER","PDMTESTDB",,"KGU_Test_PROD_HF","04.03.2025 15:41:17","04.03.2025 15:41:17","00:00:00","179,00 KB","179,00 KB","1","Log","False"
"PDMTESTDB","MSSQLSERVER","PDMTESTDB",,"KGU_Test_PROD_HF","04.03.2025 13:41:16","04.03.2025 13:41:16","00:00:00","179,00 KB","179,00 KB","1","Log","False"
"PDMTESTDB","MSSQLSERVER","PDMTESTDB",,"KGU_Test_PROD_HF","04.03.2025 11:41:16","04.03.2025 11:41:16","00:00:00","2,42 MB","2,42 MB","1","Log","False"
"PDMTESTDB","MSSQLSERVER","PDMTESTDB",,"KGU_Test_PROD_HF","04.03.2025 09:44:20","04.03.2025 09:49:19","00:04:59","15,31 GB","15,31 GB","1","Log","False"
"PDMTESTDB","MSSQLSERVER","PDMTESTDB",,"KGU_Test_PROD_HF","04.03.2025 07:41:15","04.03.2025 07:41:15","00:00:00","179,00 KB","179,00 KB","1","Log","False"
"PDMTESTDB","MSSQLSERVER","PDMTESTDB",,"KGU_Test_PROD_HF","04.03.2025 05:41:15","04.03.2025 05:41:15","00:00:00","179,00 KB","179,00 KB","1","Log","False"
"PDMTESTDB","MSSQLSERVER","PDMTESTDB",,"KGU_Test_PROD_HF","04.03.2025 03:42:01","04.03.2025 03:42:01","00:00:00","179,00 KB","179,00 KB","1","Log","False"
"PDMTESTDB","MSSQLSERVER","PDMTESTDB",,"KGU_Test_PROD_HF","04.03.2025 03:41:46","04.03.2025 03:41:56","00:00:10","20,24 GB","20,24 GB","1","Full","False"
"PDMTESTDB","MSSQLSERVER","PDMTESTDB",,"KGU_Test_PROD_HF","04.03.2025 01:40:59","04.03.2025 01:40:59","00:00:00","179,00 KB","179,00 KB","1","Log","False"
"PDMTESTDB","MSSQLSERVER","PDMTESTDB",,"KGU_Test_PROD_HF","03.03.2025 23:40:58","03.03.2025 23:40:58","00:00:00","179,00 KB","179,00 KB","1","Log","False"
"PDMTESTDB","MSSQLSERVER","PDMTESTDB",,"KGU_Test_PROD_HF","03.03.2025 21:41:00","03.03.2025 21:41:00","00:00:00","179,00 KB","179,00 KB","1","Log","False"
"PDMTESTDB","MSSQLSERVER","PDMTESTDB",,"KGU_Test_PROD_HF","03.03.2025 19:41:02","03.03.2025 19:41:02","00:00:00","179,00 KB","179,00 KB","1","Log","False"
"PDMTESTDB","MSSQLSERVER","PDMTESTDB",,"KGU_Test_PROD_HF","03.03.2025 17:40:57","03.03.2025 17:40:57","00:00:00","179,00 KB","179,00 KB","1","Log","False"
"PDMTESTDB","MSSQLSERVER","PDMTESTDB",,"KGU_Test_PROD_HF","03.03.2025 15:40:58","03.03.2025 15:40:58","00:00:00","179,00 KB","179,00 KB","1","Log","False"
"PDMTESTDB","MSSQLSERVER","PDMTESTDB",,"KGU_Test_PROD_HF","03.03.2025 13:40:58","03.03.2025 13:40:58","00:00:00","179,00 KB","179,00 KB","1","Log","False"
"PDMTESTDB","MSSQLSERVER","PDMTESTDB",,"KGU_Test_PROD_HF","03.03.2025 11:40:58","03.03.2025 11:40:58","00:00:00","179,00 KB","179,00 KB","1","Log","False"
"PDMTESTDB","MSSQLSERVER","PDMTESTDB",,"KGU_Test_PROD_HF","03.03.2025 09:40:58","03.03.2025 09:40:58","00:00:00","179,00 KB","179,00 KB","1","Log","False"
"PDMTESTDB","MSSQLSERVER","PDMTESTDB",,"KGU_Test_PROD_HF","03.03.2025 07:40:57","03.03.2025 07:40:57","00:00:00","179,00 KB","179,00 KB","1","Log","False"
"PDMTESTDB","MSSQLSERVER","PDMTESTDB",,"KGU_Test_PROD_HF","03.03.2025 05:40:57","03.03.2025 05:40:57","00:00:00","179,00 KB","179,00 KB","1","Log","False"
"PDMTESTDB","MSSQLSERVER","PDMTESTDB",,"KGU_Test_PROD_HF","03.03.2025 03:41:53","03.03.2025 03:41:53","00:00:00","179,00 KB","179,00 KB","1","Log","False"
"PDMTESTDB","MSSQLSERVER","PDMTESTDB",,"KGU_Test_PROD_HF","03.03.2025 03:41:40","03.03.2025 03:41:50","00:00:10","20,24 GB","20,24 GB","1","Full","False"
"PDMTESTDB","MSSQLSERVER","PDMTESTDB",,"KGU_Test_PROD_HF","03.03.2025 01:41:15","03.03.2025 01:41:15","00:00:00","179,00 KB","179,00 KB","1","Log","False"
"PDMTESTDB","MSSQLSERVER","PDMTESTDB",,"KGU_Test_PROD_HF","02.03.2025 23:41:14","02.03.2025 23:41:14","00:00:00","179,00 KB","179,00 KB","1","Log","False"
"PDMTESTDB","MSSQLSERVER","PDMTESTDB",,"KGU_Test_PROD_HF","02.03.2025 21:41:13","02.03.2025 21:41:13","00:00:00","179,00 KB","179,00 KB","1","Log","False"
"PDMTESTDB","MSSQLSERVER","PDMTESTDB",,"KGU_Test_PROD_HF","02.03.2025 19:41:13","02.03.2025 19:41:13","00:00:00","179,00 KB","179,00 KB","1","Log","False"
"PDMTESTDB","MSSQLSERVER","PDMTESTDB",,"KGU_Test_PROD_HF","02.03.2025 17:41:13","02.03.2025 17:41:13","00:00:00","179,00 KB","179,00 KB","1","Log","False"
"PDMTESTDB","MSSQLSERVER","PDMTESTDB",,"KGU_Test_PROD_HF","02.03.2025 15:41:15","02.03.2025 15:41:15","00:00:00","179,00 KB","179,00 KB","1","Log","False"
"PDMTESTDB","MSSQLSERVER","PDMTESTDB",,"KGU_Test_PROD_HF","02.03.2025 13:41:12","02.03.2025 13:41:12","00:00:00","179,00 KB","179,00 KB","1","Log","False"
"PDMTESTDB","MSSQLSERVER","PDMTESTDB",,"KGU_Test_PROD_HF","02.03.2025 11:41:14","02.03.2025 11:41:14","00:00:00","371,00 KB","371,00 KB","1","Log","False"
"PDMTESTDB","MSSQLSERVER","PDMTESTDB",,"KGU_Test_PROD_HF","02.03.2025 11:10:57","02.03.2025 11:11:13","00:00:16","20,24 GB","20,24 GB","1","Full","False"
"PDMTESTDB","MSSQLSERVER","PDMTESTDB",,"KGU_Test_PROD_HF","02.03.2025 09:43:31","02.03.2025 09:45:33","00:02:02","15,31 GB","15,31 GB","1","Log","False"
"PDMTESTDB","MSSQLSERVER","PDMTESTDB",,"KGU_Test_PROD_HF","02.03.2025 07:41:14","02.03.2025 07:41:14","00:00:00","179,00 KB","179,00 KB","1","Log","False"
"PDMTESTDB","MSSQLSERVER","PDMTESTDB",,"KGU_Test_PROD_HF","02.03.2025 05:41:14","02.03.2025 05:41:14","00:00:00","179,00 KB","179,00 KB","1","Log","False"
"PDMTESTDB","MSSQLSERVER","PDMTESTDB",,"KGU_Test_PROD_HF","02.03.2025 03:41:42","02.03.2025 03:41:42","00:00:00","179,00 KB","179,00 KB","1","Log","False"
"PDMTESTDB","MSSQLSERVER","PDMTESTDB",,"KGU_Test_PROD_HF","02.03.2025 01:41:09","02.03.2025 01:41:09","00:00:00","179,00 KB","179,00 KB","1","Log","False"
"PDMTESTDB","MSSQLSERVER","PDMTESTDB",,"KGU_Test_PROD_HF","01.03.2025 23:41:09","01.03.2025 23:41:09","00:00:00","179,00 KB","179,00 KB","1","Log","False"
"PDMTESTDB","MSSQLSERVER","PDMTESTDB",,"KGU_Test_PROD_HF","01.03.2025 21:41:13","01.03.2025 21:41:13","00:00:00","179,00 KB","179,00 KB","1","Log","False"
"PDMTESTDB","MSSQLSERVER","PDMTESTDB",,"KGU_Test_PROD_HF","01.03.2025 19:41:09","01.03.2025 19:41:09","00:00:00","179,00 KB","179,00 KB","1","Log","False"
"PDMTESTDB","MSSQLSERVER","PDMTESTDB",,"KGU_Test_PROD_HF","01.03.2025 17:41:09","01.03.2025 17:41:09","00:00:00","179,00 KB","179,00 KB","1","Log","False"
"PDMTESTDB","MSSQLSERVER","PDMTESTDB",,"KGU_Test_PROD_HF","01.03.2025 15:41:08","01.03.2025 15:41:08","00:00:00","179,00 KB","179,00 KB","1","Log","False"
"PDMTESTDB","MSSQLSERVER","PDMTESTDB",,"KGU_Test_PROD_HF","01.03.2025 13:41:08","01.03.2025 13:41:08","00:00:00","179,00 KB","179,00 KB","1","Log","False"
"PDMTESTDB","MSSQLSERVER","PDMTESTDB",,"KGU_Test_PROD_HF","01.03.2025 11:41:07","01.03.2025 11:41:07","00:00:00","179,00 KB","179,00 KB","1","Log","False"
"PDMTESTDB","MSSQLSERVER","PDMTESTDB",,"KGU_Test_PROD_HF","01.03.2025 09:41:07","01.03.2025 09:41:07","00:00:00","179,00 KB","179,00 KB","1","Log","False"
"PDMTESTDB","MSSQLSERVER","PDMTESTDB",,"KGU_Test_PROD_HF","01.03.2025 07:41:07","01.03.2025 07:41:07","00:00:00","179,00 KB","179,00 KB","1","Log","False"
"PDMTESTDB","MSSQLSERVER","PDMTESTDB",,"KGU_Test_PROD_HF","01.03.2025 05:41:07","01.03.2025 05:41:07","00:00:00","179,00 KB","179,00 KB","1","Log","False"
"PDMTESTDB","MSSQLSERVER","PDMTESTDB",,"KGU_Test_PROD_HF","01.03.2025 03:41:48","01.03.2025 03:41:48","00:00:00","179,00 KB","179,00 KB","1","Log","False"
"PDMTESTDB","MSSQLSERVER","PDMTESTDB",,"KGU_Test_PROD_HF","01.03.2025 03:41:37","01.03.2025 03:41:45","00:00:08","20,24 GB","20,24 GB","1","Full","False"
"PDMTESTDB","MSSQLSERVER","PDMTESTDB",,"KGU_Test_PROD_HF","01.03.2025 01:41:10","01.03.2025 01:41:10","00:00:00","179,00 KB","179,00 KB","1","Log","False"
"PDMTESTDB","MSSQLSERVER","PDMTESTDB",,"KGU_Test_PROD_HF","28.02.2025 23:41:10","28.02.2025 23:41:10","00:00:00","179,00 KB","179,00 KB","1","Log","False"
"PDMTESTDB","MSSQLSERVER","PDMTESTDB",,"KGU_Test_PROD_HF","28.02.2025 21:41:09","28.02.2025 21:41:09","00:00:00","179,00 KB","179,00 KB","1","Log","False"
"PDMTESTDB","MSSQLSERVER","PDMTESTDB",,"KGU_Test_PROD_HF","28.02.2025 19:41:09","28.02.2025 19:41:09","00:00:00","179,00 KB","179,00 KB","1","Log","False"
"PDMTESTDB","MSSQLSERVER","PDMTESTDB",,"KGU_Test_PROD_HF","28.02.2025 17:41:09","28.02.2025 17:41:09","00:00:00","179,00 KB","179,00 KB","1","Log","False"
"PDMTESTDB","MSSQLSERVER","PDMTESTDB",,"KGU_Test_PROD","07.03.2025 15:41:07","07.03.2025 15:41:07","00:00:00","175,00 KB","175,00 KB","1","Log","False"
"PDMTESTDB","MSSQLSERVER","PDMTESTDB",,"KGU_Test_PROD","07.03.2025 13:41:06","07.03.2025 13:41:06","00:00:00","175,00 KB","175,00 KB","1","Log","False"
"PDMTESTDB","MSSQLSERVER","PDMTESTDB",,"KGU_Test_PROD","07.03.2025 11:41:05","07.03.2025 11:41:05","00:00:00","175,00 KB","175,00 KB","1","Log","False"
"PDMTESTDB","MSSQLSERVER","PDMTESTDB",,"KGU_Test_PROD","07.03.2025 09:41:05","07.03.2025 09:41:05","00:00:00","175,00 KB","175,00 KB","1","Log","False"
"PDMTESTDB","MSSQLSERVER","PDMTESTDB",,"KGU_Test_PROD","07.03.2025 07:41:05","07.03.2025 07:41:05","00:00:00","175,00 KB","175,00 KB","1","Log","False"
"PDMTESTDB","MSSQLSERVER","PDMTESTDB",,"KGU_Test_PROD","07.03.2025 05:41:04","07.03.2025 05:41:04","00:00:00","239,00 KB","239,00 KB","1","Log","False"
"PDMTESTDB","MSSQLSERVER","PDMTESTDB",,"KGU_Test_PROD","07.03.2025 05:00:55","07.03.2025 05:01:05","00:00:10","22,34 GB","22,34 GB","1","Full","False"
"PDMTESTDB","MSSQLSERVER","PDMTESTDB",,"KGU_Test_PROD","07.03.2025 03:41:27","07.03.2025 03:41:27","00:00:00","175,00 KB","175,00 KB","1","Log","False"
"PDMTESTDB","MSSQLSERVER","PDMTESTDB",,"KGU_Test_PROD","07.03.2025 01:41:22","07.03.2025 01:41:22","00:00:00","175,00 KB","175,00 KB","1","Log","False"
"PDMTESTDB","MSSQLSERVER","PDMTESTDB",,"KGU_Test_PROD","06.03.2025 23:41:21","06.03.2025 23:41:21","00:00:00","175,00 KB","175,00 KB","1","Log","False"
"PDMTESTDB","MSSQLSERVER","PDMTESTDB",,"KGU_Test_PROD","06.03.2025 21:41:21","06.03.2025 21:41:21","00:00:00","175,00 KB","175,00 KB","1","Log","False"
"PDMTESTDB","MSSQLSERVER","PDMTESTDB",,"KGU_Test_PROD","06.03.2025 19:41:21","06.03.2025 19:41:21","00:00:00","175,00 KB","175,00 KB","1","Log","False"
"PDMTESTDB","MSSQLSERVER","PDMTESTDB",,"KGU_Test_PROD","06.03.2025 17:41:21","06.03.2025 17:41:21","00:00:00","175,00 KB","175,00 KB","1","Log","False"
"PDMTESTDB","MSSQLSERVER","PDMTESTDB",,"KGU_Test_PROD","06.03.2025 15:41:20","06.03.2025 15:41:20","00:00:00","175,00 KB","175,00 KB","1","Log","False"
"PDMTESTDB","MSSQLSERVER","PDMTESTDB",,"KGU_Test_PROD","06.03.2025 13:41:21","06.03.2025 13:41:21","00:00:00","175,00 KB","175,00 KB","1","Log","False"
"PDMTESTDB","MSSQLSERVER","PDMTESTDB",,"KGU_Test_PROD","06.03.2025 11:41:21","06.03.2025 11:46:58","00:05:37","17,60 GB","17,60 GB","1","Log","False"
"PDMTESTDB","MSSQLSERVER","PDMTESTDB",,"KGU_Test_PROD","06.03.2025 09:41:21","06.03.2025 09:41:21","00:00:00","175,00 KB","175,00 KB","1","Log","False"
"PDMTESTDB","MSSQLSERVER","PDMTESTDB",,"KGU_Test_PROD","06.03.2025 07:41:20","06.03.2025 07:41:20","00:00:00","175,00 KB","175,00 KB","1","Log","False"
"PDMTESTDB","MSSQLSERVER","PDMTESTDB",,"KGU_Test_PROD","06.03.2025 05:41:20","06.03.2025 05:41:20","00:00:00","175,00 KB","175,00 KB","1","Log","False"
"PDMTESTDB","MSSQLSERVER","PDMTESTDB",,"KGU_Test_PROD","06.03.2025 03:42:02","06.03.2025 03:42:02","00:00:00","175,00 KB","175,00 KB","1","Log","False"
"PDMTESTDB","MSSQLSERVER","PDMTESTDB",,"KGU_Test_PROD","06.03.2025 03:41:50","06.03.2025 03:41:59","00:00:09","22,34 GB","22,34 GB","1","Full","False"
"PDMTESTDB","MSSQLSERVER","PDMTESTDB",,"KGU_Test_PROD","06.03.2025 01:40:58","06.03.2025 01:40:58","00:00:00","175,00 KB","175,00 KB","1","Log","False"
"PDMTESTDB","MSSQLSERVER","PDMTESTDB",,"KGU_Test_PROD","05.03.2025 23:40:58","05.03.2025 23:40:58","00:00:00","175,00 KB","175,00 KB","1","Log","False"
"PDMTESTDB","MSSQLSERVER","PDMTESTDB",,"KGU_Test_PROD","05.03.2025 21:40:58","05.03.2025 21:40:58","00:00:00","175,00 KB","175,00 KB","1","Log","False"
"PDMTESTDB","MSSQLSERVER","PDMTESTDB",,"KGU_Test_PROD","05.03.2025 19:40:57","05.03.2025 19:40:57","00:00:00","175,00 KB","175,00 KB","1","Log","False"
"PDMTESTDB","MSSQLSERVER","PDMTESTDB",,"KGU_Test_PROD","05.03.2025 17:40:57","05.03.2025 17:40:57","00:00:00","175,00 KB","175,00 KB","1","Log","False"
"PDMTESTDB","MSSQLSERVER","PDMTESTDB",,"KGU_Test_PROD","05.03.2025 15:40:57","05.03.2025 15:40:57","00:00:00","175,00 KB","175,00 KB","1","Log","False"
"PDMTESTDB","MSSQLSERVER","PDMTESTDB",,"KGU_Test_PROD","05.03.2025 13:40:57","05.03.2025 13:40:57","00:00:00","175,00 KB","175,00 KB","1","Log","False"
"PDMTESTDB","MSSQLSERVER","PDMTESTDB",,"KGU_Test_PROD","05.03.2025 11:40:56","05.03.2025 11:40:56","00:00:00","175,00 KB","175,00 KB","1","Log","False"
"PDMTESTDB","MSSQLSERVER","PDMTESTDB",,"KGU_Test_PROD","05.03.2025 09:40:57","05.03.2025 09:40:57","00:00:00","175,00 KB","175,00 KB","1","Log","False"
"PDMTESTDB","MSSQLSERVER","PDMTESTDB",,"KGU_Test_PROD","05.03.2025 07:40:56","05.03.2025 07:40:56","00:00:00","175,00 KB","175,00 KB","1","Log","False"
"PDMTESTDB","MSSQLSERVER","PDMTESTDB",,"KGU_Test_PROD","05.03.2025 05:40:56","05.03.2025 05:40:56","00:00:00","239,00 KB","239,00 KB","1","Log","False"
"PDMTESTDB","MSSQLSERVER","PDMTESTDB",,"KGU_Test_PROD","05.03.2025 03:42:03","05.03.2025 03:42:14","00:00:11","22,34 GB","22,34 GB","1","Full","False"
"PDMTESTDB","MSSQLSERVER","PDMTESTDB",,"KGU_Test_PROD","05.03.2025 03:41:25","05.03.2025 03:41:25","00:00:00","175,00 KB","175,00 KB","1","Log","False"
"PDMTESTDB","MSSQLSERVER","PDMTESTDB",,"KGU_Test_PROD","05.03.2025 01:41:18","05.03.2025 01:41:18","00:00:00","175,00 KB","175,00 KB","1","Log","False"
"PDMTESTDB","MSSQLSERVER","PDMTESTDB",,"KGU_Test_PROD","04.03.2025 23:41:17","04.03.2025 23:41:17","00:00:00","175,00 KB","175,00 KB","1","Log","False"
"PDMTESTDB","MSSQLSERVER","PDMTESTDB",,"KGU_Test_PROD","04.03.2025 21:41:17","04.03.2025 21:41:17","00:00:00","175,00 KB","175,00 KB","1","Log","False"
"PDMTESTDB","MSSQLSERVER","PDMTESTDB",,"KGU_Test_PROD","04.03.2025 19:41:17","04.03.2025 19:41:17","00:00:00","175,00 KB","175,00 KB","1","Log","False"
"PDMTESTDB","MSSQLSERVER","PDMTESTDB",,"KGU_Test_PROD","04.03.2025 17:41:16","04.03.2025 17:41:16","00:00:00","175,00 KB","175,00 KB","1","Log","False"
"PDMTESTDB","MSSQLSERVER","PDMTESTDB",,"KGU_Test_PROD","04.03.2025 15:41:16","04.03.2025 15:41:16","00:00:00","175,00 KB","175,00 KB","1","Log","False"
"PDMTESTDB","MSSQLSERVER","PDMTESTDB",,"KGU_Test_PROD","04.03.2025 13:41:16","04.03.2025 13:41:16","00:00:00","175,00 KB","175,00 KB","1","Log","False"
"PDMTESTDB","MSSQLSERVER","PDMTESTDB",,"KGU_Test_PROD","04.03.2025 11:41:16","04.03.2025 11:41:16","00:00:00","239,00 KB","239,00 KB","1","Log","False"
"PDMTESTDB","MSSQLSERVER","PDMTESTDB",,"KGU_Test_PROD","04.03.2025 09:41:15","04.03.2025 09:44:18","00:03:03","17,60 GB","17,60 GB","1","Log","False"
"PDMTESTDB","MSSQLSERVER","PDMTESTDB",,"KGU_Test_PROD","04.03.2025 07:41:15","04.03.2025 07:41:15","00:00:00","175,00 KB","175,00 KB","1","Log","False"
"PDMTESTDB","MSSQLSERVER","PDMTESTDB",,"KGU_Test_PROD","04.03.2025 05:41:16","04.03.2025 05:41:16","00:00:00","175,00 KB","175,00 KB","1","Log","False"
"PDMTESTDB","MSSQLSERVER","PDMTESTDB",,"KGU_Test_PROD","04.03.2025 03:42:01","04.03.2025 03:42:01","00:00:00","175,00 KB","175,00 KB","1","Log","False"
"PDMTESTDB","MSSQLSERVER","PDMTESTDB",,"KGU_Test_PROD","04.03.2025 03:41:45","04.03.2025 03:41:56","00:00:11","22,34 GB","22,34 GB","1","Full","False"
"PDMTESTDB","MSSQLSERVER","PDMTESTDB",,"KGU_Test_PROD","04.03.2025 01:40:58","04.03.2025 01:40:58","00:00:00","175,00 KB","175,00 KB","1","Log","False"
"PDMTESTDB","MSSQLSERVER","PDMTESTDB",,"KGU_Test_PROD","03.03.2025 23:40:58","03.03.2025 23:40:58","00:00:00","175,00 KB","175,00 KB","1","Log","False"
"PDMTESTDB","MSSQLSERVER","PDMTESTDB",,"KGU_Test_PROD","03.03.2025 21:40:59","03.03.2025 21:40:59","00:00:00","175,00 KB","175,00 KB","1","Log","False"
"PDMTESTDB","MSSQLSERVER","PDMTESTDB",,"KGU_Test_PROD","03.03.2025 19:41:01","03.03.2025 19:41:02","00:00:01","175,00 KB","175,00 KB","1","Log","False"
"PDMTESTDB","MSSQLSERVER","PDMTESTDB",,"KGU_Test_PROD","03.03.2025 17:40:57","03.03.2025 17:40:57","00:00:00","175,00 KB","175,00 KB","1","Log","False"
"PDMTESTDB","MSSQLSERVER","PDMTESTDB",,"KGU_Test_PROD","03.03.2025 15:40:58","03.03.2025 15:40:58","00:00:00","175,00 KB","175,00 KB","1","Log","False"
"PDMTESTDB","MSSQLSERVER","PDMTESTDB",,"KGU_Test_PROD","03.03.2025 13:40:58","03.03.2025 13:40:58","00:00:00","175,00 KB","175,00 KB","1","Log","False"
"PDMTESTDB","MSSQLSERVER","PDMTESTDB",,"KGU_Test_PROD","03.03.2025 11:40:57","03.03.2025 11:40:57","00:00:00","175,00 KB","175,00 KB","1","Log","False"
"PDMTESTDB","MSSQLSERVER","PDMTESTDB",,"KGU_Test_PROD","03.03.2025 09:40:58","03.03.2025 09:40:58","00:00:00","175,00 KB","175,00 KB","1","Log","False"
"PDMTESTDB","MSSQLSERVER","PDMTESTDB",,"KGU_Test_PROD","03.03.2025 07:40:57","03.03.2025 07:40:57","00:00:00","175,00 KB","175,00 KB","1","Log","False"
"PDMTESTDB","MSSQLSERVER","PDMTESTDB",,"KGU_Test_PROD","03.03.2025 05:40:57","03.03.2025 05:40:57","00:00:00","175,00 KB","175,00 KB","1","Log","False"
"PDMTESTDB","MSSQLSERVER","PDMTESTDB",,"KGU_Test_PROD","03.03.2025 03:41:53","03.03.2025 03:41:53","00:00:00","175,00 KB","175,00 KB","1","Log","False"
"PDMTESTDB","MSSQLSERVER","PDMTESTDB",,"KGU_Test_PROD","03.03.2025 03:41:39","03.03.2025 03:41:50","00:00:11","22,34 GB","22,34 GB","1","Full","False"
"PDMTESTDB","MSSQLSERVER","PDMTESTDB",,"KGU_Test_PROD","03.03.2025 01:41:15","03.03.2025 01:41:15","00:00:00","175,00 KB","175,00 KB","1","Log","False"
"PDMTESTDB","MSSQLSERVER","PDMTESTDB",,"KGU_Test_PROD","02.03.2025 23:41:13","02.03.2025 23:41:13","00:00:00","175,00 KB","175,00 KB","1","Log","False"
"PDMTESTDB","MSSQLSERVER","PDMTESTDB",,"KGU_Test_PROD","02.03.2025 21:41:13","02.03.2025 21:41:13","00:00:00","175,00 KB","175,00 KB","1","Log","False"
"PDMTESTDB","MSSQLSERVER","PDMTESTDB",,"KGU_Test_PROD","02.03.2025 19:41:13","02.03.2025 19:41:13","00:00:00","175,00 KB","175,00 KB","1","Log","False"
"PDMTESTDB","MSSQLSERVER","PDMTESTDB",,"KGU_Test_PROD","02.03.2025 17:41:12","02.03.2025 17:41:12","00:00:00","175,00 KB","175,00 KB","1","Log","False"
"PDMTESTDB","MSSQLSERVER","PDMTESTDB",,"KGU_Test_PROD","02.03.2025 15:41:13","02.03.2025 15:41:13","00:00:00","175,00 KB","175,00 KB","1","Log","False"
"PDMTESTDB","MSSQLSERVER","PDMTESTDB",,"KGU_Test_PROD","02.03.2025 13:41:12","02.03.2025 13:41:12","00:00:00","175,00 KB","175,00 KB","1","Log","False"
"PDMTESTDB","MSSQLSERVER","PDMTESTDB",,"KGU_Test_PROD","02.03.2025 11:41:13","02.03.2025 11:41:13","00:00:00","367,00 KB","367,00 KB","1","Log","False"
"PDMTESTDB","MSSQLSERVER","PDMTESTDB",,"KGU_Test_PROD","02.03.2025 11:10:56","02.03.2025 11:11:13","00:00:17","22,34 GB","22,34 GB","1","Full","False"
"PDMTESTDB","MSSQLSERVER","PDMTESTDB",,"KGU_Test_PROD","02.03.2025 09:41:14","02.03.2025 09:43:31","00:02:17","17,60 GB","17,60 GB","1","Log","False"
"PDMTESTDB","MSSQLSERVER","PDMTESTDB",,"KGU_Test_PROD","02.03.2025 07:41:14","02.03.2025 07:41:14","00:00:00","175,00 KB","175,00 KB","1","Log","False"
"PDMTESTDB","MSSQLSERVER","PDMTESTDB",,"KGU_Test_PROD","02.03.2025 05:41:14","02.03.2025 05:41:14","00:00:00","175,00 KB","175,00 KB","1","Log","False"
"PDMTESTDB","MSSQLSERVER","PDMTESTDB",,"KGU_Test_PROD","02.03.2025 03:41:43","02.03.2025 03:41:43","00:00:00","175,00 KB","175,00 KB","1","Log","False"
"PDMTESTDB","MSSQLSERVER","PDMTESTDB",,"KGU_Test_PROD","02.03.2025 01:41:09","02.03.2025 01:41:09","00:00:00","175,00 KB","175,00 KB","1","Log","False"
"PDMTESTDB","MSSQLSERVER","PDMTESTDB",,"KGU_Test_PROD","01.03.2025 23:41:09","01.03.2025 23:41:09","00:00:00","175,00 KB","175,00 KB","1","Log","False"
"PDMTESTDB","MSSQLSERVER","PDMTESTDB",,"KGU_Test_PROD","01.03.2025 21:41:12","01.03.2025 21:41:12","00:00:00","175,00 KB","175,00 KB","1","Log","False"
"PDMTESTDB","MSSQLSERVER","PDMTESTDB",,"KGU_Test_PROD","01.03.2025 19:41:08","01.03.2025 19:41:08","00:00:00","175,00 KB","175,00 KB","1","Log","False"
"PDMTESTDB","MSSQLSERVER","PDMTESTDB",,"KGU_Test_PROD","01.03.2025 17:41:08","01.03.2025 17:41:08","00:00:00","175,00 KB","175,00 KB","1","Log","False"
"PDMTESTDB","MSSQLSERVER","PDMTESTDB",,"KGU_Test_PROD","01.03.2025 15:41:08","01.03.2025 15:41:08","00:00:00","175,00 KB","175,00 KB","1","Log","False"
"PDMTESTDB","MSSQLSERVER","PDMTESTDB",,"KGU_Test_PROD","01.03.2025 13:41:08","01.03.2025 13:41:08","00:00:00","175,00 KB","175,00 KB","1","Log","False"
"PDMTESTDB","MSSQLSERVER","PDMTESTDB",,"KGU_Test_PROD","01.03.2025 11:41:07","01.03.2025 11:41:07","00:00:00","175,00 KB","175,00 KB","1","Log","False"
"PDMTESTDB","MSSQLSERVER","PDMTESTDB",,"KGU_Test_PROD","01.03.2025 09:41:07","01.03.2025 09:41:07","00:00:00","175,00 KB","175,00 KB","1","Log","False"
"PDMTESTDB","MSSQLSERVER","PDMTESTDB",,"KGU_Test_PROD","01.03.2025 07:41:07","01.03.2025 07:41:07","00:00:00","175,00 KB","175,00 KB","1","Log","False"
"PDMTESTDB","MSSQLSERVER","PDMTESTDB",,"KGU_Test_PROD","01.03.2025 05:41:07","01.03.2025 05:41:07","00:00:00","175,00 KB","175,00 KB","1","Log","False"
"PDMTESTDB","MSSQLSERVER","PDMTESTDB",,"KGU_Test_PROD","01.03.2025 03:41:48","01.03.2025 03:41:48","00:00:00","175,00 KB","175,00 KB","1","Log","False"
"PDMTESTDB","MSSQLSERVER","PDMTESTDB",,"KGU_Test_PROD","01.03.2025 03:41:36","01.03.2025 03:41:45","00:00:09","22,34 GB","22,34 GB","1","Full","False"
"PDMTESTDB","MSSQLSERVER","PDMTESTDB",,"KGU_Test_PROD","01.03.2025 01:41:10","01.03.2025 01:41:10","00:00:00","175,00 KB","175,00 KB","1","Log","False"
"PDMTESTDB","MSSQLSERVER","PDMTESTDB",,"KGU_Test_PROD","28.02.2025 23:41:09","28.02.2025 23:41:09","00:00:00","175,00 KB","175,00 KB","1","Log","False"
"PDMTESTDB","MSSQLSERVER","PDMTESTDB",,"KGU_Test_PROD","28.02.2025 21:41:09","28.02.2025 21:41:09","00:00:00","175,00 KB","175,00 KB","1","Log","False"
"PDMTESTDB","MSSQLSERVER","PDMTESTDB",,"KGU_Test_PROD","28.02.2025 19:41:10","28.02.2025 19:41:10","00:00:00","175,00 KB","175,00 KB","1","Log","False"
"PDMTESTDB","MSSQLSERVER","PDMTESTDB",,"KGU_Test_PROD","28.02.2025 17:41:09","28.02.2025 17:41:09","00:00:00","175,00 KB","175,00 KB","1","Log","False"
"PDMTESTDB","MSSQLSERVER","PDMTESTDB",,"KGU_Test_EMPI_HF","07.03.2025 15:41:08","07.03.2025 15:41:08","00:00:00","150,00 KB","150,00 KB","1","Log","False"
"PDMTESTDB","MSSQLSERVER","PDMTESTDB",,"KGU_Test_EMPI_HF","07.03.2025 13:41:06","07.03.2025 13:41:06","00:00:00","150,00 KB","150,00 KB","1","Log","False"
"PDMTESTDB","MSSQLSERVER","PDMTESTDB",,"KGU_Test_EMPI_HF","07.03.2025 11:41:06","07.03.2025 11:41:06","00:00:00","150,00 KB","150,00 KB","1","Log","False"
"PDMTESTDB","MSSQLSERVER","PDMTESTDB",,"KGU_Test_EMPI_HF","07.03.2025 09:41:06","07.03.2025 09:41:06","00:00:00","150,00 KB","150,00 KB","1","Log","False"
"PDMTESTDB","MSSQLSERVER","PDMTESTDB",,"KGU_Test_EMPI_HF","07.03.2025 07:41:05","07.03.2025 07:41:05","00:00:00","150,00 KB","150,00 KB","1","Log","False"
"PDMTESTDB","MSSQLSERVER","PDMTESTDB",,"KGU_Test_EMPI_HF","07.03.2025 05:41:05","07.03.2025 05:41:05","00:00:00","150,00 KB","150,00 KB","1","Log","False"
"PDMTESTDB","MSSQLSERVER","PDMTESTDB",,"KGU_Test_EMPI_HF","07.03.2025 05:00:55","07.03.2025 05:01:05","00:00:10","376,72 MB","376,72 MB","1","Full","False"
"PDMTESTDB","MSSQLSERVER","PDMTESTDB",,"KGU_Test_EMPI_HF","07.03.2025 03:41:27","07.03.2025 03:41:27","00:00:00","150,00 KB","150,00 KB","1","Log","False"
"PDMTESTDB","MSSQLSERVER","PDMTESTDB",,"KGU_Test_EMPI_HF","07.03.2025 01:41:23","07.03.2025 01:41:23","00:00:00","150,00 KB","150,00 KB","1","Log","False"
"PDMTESTDB","MSSQLSERVER","PDMTESTDB",,"KGU_Test_EMPI_HF","06.03.2025 23:41:22","06.03.2025 23:41:22","00:00:00","150,00 KB","150,00 KB","1","Log","False"
"PDMTESTDB","MSSQLSERVER","PDMTESTDB",,"KGU_Test_EMPI_HF","06.03.2025 21:41:22","06.03.2025 21:41:22","00:00:00","150,00 KB","150,00 KB","1","Log","False"
"PDMTESTDB","MSSQLSERVER","PDMTESTDB",,"KGU_Test_EMPI_HF","06.03.2025 19:41:22","06.03.2025 19:41:22","00:00:00","150,00 KB","150,00 KB","1","Log","False"
"PDMTESTDB","MSSQLSERVER","PDMTESTDB",,"KGU_Test_EMPI_HF","06.03.2025 17:41:22","06.03.2025 17:41:22","00:00:00","150,00 KB","150,00 KB","1","Log","False"
"PDMTESTDB","MSSQLSERVER","PDMTESTDB",,"KGU_Test_EMPI_HF","06.03.2025 15:41:22","06.03.2025 15:41:22","00:00:00","150,00 KB","150,00 KB","1","Log","False"
"PDMTESTDB","MSSQLSERVER","PDMTESTDB",,"KGU_Test_EMPI_HF","06.03.2025 13:41:22","06.03.2025 13:41:22","00:00:00","150,00 KB","150,00 KB","1","Log","False"
"PDMTESTDB","MSSQLSERVER","PDMTESTDB",,"KGU_Test_EMPI_HF","06.03.2025 11:53:35","06.03.2025 11:53:36","00:00:01","27,40 MB","27,40 MB","1","Log","False"
"PDMTESTDB","MSSQLSERVER","PDMTESTDB",,"KGU_Test_EMPI_HF","06.03.2025 09:41:21","06.03.2025 09:41:21","00:00:00","150,00 KB","150,00 KB","1","Log","False"
"PDMTESTDB","MSSQLSERVER","PDMTESTDB",,"KGU_Test_EMPI_HF","06.03.2025 07:41:21","06.03.2025 07:41:21","00:00:00","150,00 KB","150,00 KB","1","Log","False"
"PDMTESTDB","MSSQLSERVER","PDMTESTDB",,"KGU_Test_EMPI_HF","06.03.2025 05:41:21","06.03.2025 05:41:21","00:00:00","150,00 KB","150,00 KB","1","Log","False"
"PDMTESTDB","MSSQLSERVER","PDMTESTDB",,"KGU_Test_EMPI_HF","06.03.2025 03:42:03","06.03.2025 03:42:03","00:00:00","150,00 KB","150,00 KB","1","Log","False"
"PDMTESTDB","MSSQLSERVER","PDMTESTDB",,"KGU_Test_EMPI_HF","06.03.2025 03:41:50","06.03.2025 03:41:59","00:00:09","376,63 MB","376,63 MB","1","Full","False"
"PDMTESTDB","MSSQLSERVER","PDMTESTDB",,"KGU_Test_EMPI_HF","06.03.2025 01:41:00","06.03.2025 01:41:00","00:00:00","150,00 KB","150,00 KB","1","Log","False"
"PDMTESTDB","MSSQLSERVER","PDMTESTDB",,"KGU_Test_EMPI_HF","05.03.2025 23:40:58","05.03.2025 23:40:58","00:00:00","150,00 KB","150,00 KB","1","Log","False"
"PDMTESTDB","MSSQLSERVER","PDMTESTDB",,"KGU_Test_EMPI_HF","05.03.2025 21:40:58","05.03.2025 21:40:58","00:00:00","150,00 KB","150,00 KB","1","Log","False"
"PDMTESTDB","MSSQLSERVER","PDMTESTDB",,"KGU_Test_EMPI_HF","05.03.2025 19:40:58","05.03.2025 19:40:58","00:00:00","150,00 KB","150,00 KB","1","Log","False"
"PDMTESTDB","MSSQLSERVER","PDMTESTDB",,"KGU_Test_EMPI_HF","05.03.2025 17:40:58","05.03.2025 17:40:58","00:00:00","150,00 KB","150,00 KB","1","Log","False"
"PDMTESTDB","MSSQLSERVER","PDMTESTDB",,"KGU_Test_EMPI_HF","05.03.2025 15:40:57","05.03.2025 15:40:57","00:00:00","150,00 KB","150,00 KB","1","Log","False"
"PDMTESTDB","MSSQLSERVER","PDMTESTDB",,"KGU_Test_EMPI_HF","05.03.2025 13:40:57","05.03.2025 13:40:57","00:00:00","150,00 KB","150,00 KB","1","Log","False"
"PDMTESTDB","MSSQLSERVER","PDMTESTDB",,"KGU_Test_EMPI_HF","05.03.2025 11:40:57","05.03.2025 11:40:57","00:00:00","150,00 KB","150,00 KB","1","Log","False"
"PDMTESTDB","MSSQLSERVER","PDMTESTDB",,"KGU_Test_EMPI_HF","05.03.2025 09:40:57","05.03.2025 09:40:57","00:00:00","150,00 KB","150,00 KB","1","Log","False"
"PDMTESTDB","MSSQLSERVER","PDMTESTDB",,"KGU_Test_EMPI_HF","05.03.2025 07:40:56","05.03.2025 07:40:56","00:00:00","150,00 KB","150,00 KB","1","Log","False"
"PDMTESTDB","MSSQLSERVER","PDMTESTDB",,"KGU_Test_EMPI_HF","05.03.2025 05:40:56","05.03.2025 05:40:56","00:00:00","150,00 KB","150,00 KB","1","Log","False"
"PDMTESTDB","MSSQLSERVER","PDMTESTDB",,"KGU_Test_EMPI_HF","05.03.2025 03:42:02","05.03.2025 03:42:14","00:00:12","376,66 MB","376,66 MB","1","Full","False"
"PDMTESTDB","MSSQLSERVER","PDMTESTDB",,"KGU_Test_EMPI_HF","05.03.2025 03:41:26","05.03.2025 03:41:26","00:00:00","150,00 KB","150,00 KB","1","Log","False"
"PDMTESTDB","MSSQLSERVER","PDMTESTDB",,"KGU_Test_EMPI_HF","05.03.2025 01:41:18","05.03.2025 01:41:18","00:00:00","150,00 KB","150,00 KB","1","Log","False"
"PDMTESTDB","MSSQLSERVER","PDMTESTDB",,"KGU_Test_EMPI_HF","04.03.2025 23:41:18","04.03.2025 23:41:18","00:00:00","150,00 KB","150,00 KB","1","Log","False"
"PDMTESTDB","MSSQLSERVER","PDMTESTDB",,"KGU_Test_EMPI_HF","04.03.2025 21:41:18","04.03.2025 21:41:18","00:00:00","150,00 KB","150,00 KB","1","Log","False"
"PDMTESTDB","MSSQLSERVER","PDMTESTDB",,"KGU_Test_EMPI_HF","04.03.2025 19:41:17","04.03.2025 19:41:17","00:00:00","150,00 KB","150,00 KB","1","Log","False"
"PDMTESTDB","MSSQLSERVER","PDMTESTDB",,"KGU_Test_EMPI_HF","04.03.2025 17:41:17","04.03.2025 17:41:17","00:00:00","150,00 KB","150,00 KB","1","Log","False"
"PDMTESTDB","MSSQLSERVER","PDMTESTDB",,"KGU_Test_EMPI_HF","04.03.2025 15:41:17","04.03.2025 15:41:17","00:00:00","150,00 KB","150,00 KB","1","Log","False"
"PDMTESTDB","MSSQLSERVER","PDMTESTDB",,"KGU_Test_EMPI_HF","04.03.2025 13:41:16","04.03.2025 13:41:16","00:00:00","150,00 KB","150,00 KB","1","Log","False"
"PDMTESTDB","MSSQLSERVER","PDMTESTDB",,"KGU_Test_EMPI_HF","04.03.2025 11:41:17","04.03.2025 11:41:17","00:00:00","150,00 KB","150,00 KB","1","Log","False"
"PDMTESTDB","MSSQLSERVER","PDMTESTDB",,"KGU_Test_EMPI_HF","04.03.2025 09:49:22","04.03.2025 09:49:22","00:00:00","27,27 MB","27,27 MB","1","Log","False"
"PDMTESTDB","MSSQLSERVER","PDMTESTDB",,"KGU_Test_EMPI_HF","04.03.2025 07:41:16","04.03.2025 07:41:16","00:00:00","150,00 KB","150,00 KB","1","Log","False"
"PDMTESTDB","MSSQLSERVER","PDMTESTDB",,"KGU_Test_EMPI_HF","04.03.2025 05:41:16","04.03.2025 05:41:16","00:00:00","150,00 KB","150,00 KB","1","Log","False"
"PDMTESTDB","MSSQLSERVER","PDMTESTDB",,"KGU_Test_EMPI_HF","04.03.2025 03:42:04","04.03.2025 03:42:04","00:00:00","150,00 KB","150,00 KB","1","Log","False"
"PDMTESTDB","MSSQLSERVER","PDMTESTDB",,"KGU_Test_EMPI_HF","04.03.2025 03:41:45","04.03.2025 03:41:56","00:00:11","376,70 MB","376,70 MB","1","Full","False"
"PDMTESTDB","MSSQLSERVER","PDMTESTDB",,"KGU_Test_EMPI_HF","04.03.2025 01:40:59","04.03.2025 01:40:59","00:00:00","150,00 KB","150,00 KB","1","Log","False"
"PDMTESTDB","MSSQLSERVER","PDMTESTDB",,"KGU_Test_EMPI_HF","03.03.2025 23:40:59","03.03.2025 23:40:59","00:00:00","150,00 KB","150,00 KB","1","Log","False"
"PDMTESTDB","MSSQLSERVER","PDMTESTDB",,"KGU_Test_EMPI_HF","03.03.2025 21:41:01","03.03.2025 21:41:01","00:00:00","150,00 KB","150,00 KB","1","Log","False"
"PDMTESTDB","MSSQLSERVER","PDMTESTDB",,"KGU_Test_EMPI_HF","03.03.2025 19:41:04","03.03.2025 19:41:04","00:00:00","150,00 KB","150,00 KB","1","Log","False"
"PDMTESTDB","MSSQLSERVER","PDMTESTDB",,"KGU_Test_EMPI_HF","03.03.2025 17:40:58","03.03.2025 17:40:58","00:00:00","150,00 KB","150,00 KB","1","Log","False"
"PDMTESTDB","MSSQLSERVER","PDMTESTDB",,"KGU_Test_EMPI_HF","03.03.2025 15:40:59","03.03.2025 15:40:59","00:00:00","150,00 KB","150,00 KB","1","Log","False"
"PDMTESTDB","MSSQLSERVER","PDMTESTDB",,"KGU_Test_EMPI_HF","03.03.2025 13:40:58","03.03.2025 13:40:58","00:00:00","150,00 KB","150,00 KB","1","Log","False"
"PDMTESTDB","MSSQLSERVER","PDMTESTDB",,"KGU_Test_EMPI_HF","03.03.2025 11:40:58","03.03.2025 11:40:58","00:00:00","150,00 KB","150,00 KB","1","Log","False"
"PDMTESTDB","MSSQLSERVER","PDMTESTDB",,"KGU_Test_EMPI_HF","03.03.2025 09:40:58","03.03.2025 09:40:58","00:00:00","150,00 KB","150,00 KB","1","Log","False"
"PDMTESTDB","MSSQLSERVER","PDMTESTDB",,"KGU_Test_EMPI_HF","03.03.2025 07:40:58","03.03.2025 07:40:58","00:00:00","150,00 KB","150,00 KB","1","Log","False"
"PDMTESTDB","MSSQLSERVER","PDMTESTDB",,"KGU_Test_EMPI_HF","03.03.2025 05:40:57","03.03.2025 05:40:57","00:00:00","150,00 KB","150,00 KB","1","Log","False"
"PDMTESTDB","MSSQLSERVER","PDMTESTDB",,"KGU_Test_EMPI_HF","03.03.2025 03:41:54","03.03.2025 03:41:54","00:00:00","150,00 KB","150,00 KB","1","Log","False"
"PDMTESTDB","MSSQLSERVER","PDMTESTDB",,"KGU_Test_EMPI_HF","03.03.2025 03:41:39","03.03.2025 03:41:50","00:00:11","376,70 MB","376,70 MB","1","Full","False"
"PDMTESTDB","MSSQLSERVER","PDMTESTDB",,"KGU_Test_EMPI_HF","03.03.2025 01:41:15","03.03.2025 01:41:15","00:00:00","150,00 KB","150,00 KB","1","Log","False"
"PDMTESTDB","MSSQLSERVER","PDMTESTDB",,"KGU_Test_EMPI_HF","02.03.2025 23:41:14","02.03.2025 23:41:14","00:00:00","150,00 KB","150,00 KB","1","Log","False"
"PDMTESTDB","MSSQLSERVER","PDMTESTDB",,"KGU_Test_EMPI_HF","02.03.2025 21:41:14","02.03.2025 21:41:14","00:00:00","150,00 KB","150,00 KB","1","Log","False"
"PDMTESTDB","MSSQLSERVER","PDMTESTDB",,"KGU_Test_EMPI_HF","02.03.2025 19:41:13","02.03.2025 19:41:13","00:00:00","150,00 KB","150,00 KB","1","Log","False"
"PDMTESTDB","MSSQLSERVER","PDMTESTDB",,"KGU_Test_EMPI_HF","02.03.2025 17:41:13","02.03.2025 17:41:13","00:00:00","150,00 KB","150,00 KB","1","Log","False"
"PDMTESTDB","MSSQLSERVER","PDMTESTDB",,"KGU_Test_EMPI_HF","02.03.2025 15:41:15","02.03.2025 15:41:15","00:00:00","150,00 KB","150,00 KB","1","Log","False"
"PDMTESTDB","MSSQLSERVER","PDMTESTDB",,"KGU_Test_EMPI_HF","02.03.2025 13:41:12","02.03.2025 13:41:12","00:00:00","150,00 KB","150,00 KB","1","Log","False"
"PDMTESTDB","MSSQLSERVER","PDMTESTDB",,"KGU_Test_EMPI_HF","02.03.2025 11:41:15","02.03.2025 11:41:15","00:00:00","150,00 KB","150,00 KB","1","Log","False"
"PDMTESTDB","MSSQLSERVER","PDMTESTDB",,"KGU_Test_EMPI_HF","02.03.2025 11:10:56","02.03.2025 11:11:13","00:00:17","376,72 MB","376,72 MB","1","Full","False"
"PDMTESTDB","MSSQLSERVER","PDMTESTDB",,"KGU_Test_EMPI_HF","02.03.2025 09:45:35","02.03.2025 09:45:35","00:00:00","27,21 MB","27,21 MB","1","Log","False"
"PDMTESTDB","MSSQLSERVER","PDMTESTDB",,"KGU_Test_EMPI_HF","02.03.2025 07:41:15","02.03.2025 07:41:15","00:00:00","150,00 KB","150,00 KB","1","Log","False"
"PDMTESTDB","MSSQLSERVER","PDMTESTDB",,"KGU_Test_EMPI_HF","02.03.2025 05:41:15","02.03.2025 05:41:15","00:00:00","150,00 KB","150,00 KB","1","Log","False"
"PDMTESTDB","MSSQLSERVER","PDMTESTDB",,"KGU_Test_EMPI_HF","02.03.2025 03:41:44","02.03.2025 03:41:44","00:00:00","150,00 KB","150,00 KB","1","Log","False"
"PDMTESTDB","MSSQLSERVER","PDMTESTDB",,"KGU_Test_EMPI_HF","02.03.2025 01:41:10","02.03.2025 01:41:10","00:00:00","150,00 KB","150,00 KB","1","Log","False"
"PDMTESTDB","MSSQLSERVER","PDMTESTDB",,"KGU_Test_EMPI_HF","01.03.2025 23:41:09","01.03.2025 23:41:09","00:00:00","150,00 KB","150,00 KB","1","Log","False"
"PDMTESTDB","MSSQLSERVER","PDMTESTDB",,"KGU_Test_EMPI_HF","01.03.2025 21:41:14","01.03.2025 21:41:14","00:00:00","150,00 KB","150,00 KB","1","Log","False"
"PDMTESTDB","MSSQLSERVER","PDMTESTDB",,"KGU_Test_EMPI_HF","01.03.2025 19:41:09","01.03.2025 19:41:09","00:00:00","150,00 KB","150,00 KB","1","Log","False"
"PDMTESTDB","MSSQLSERVER","PDMTESTDB",,"KGU_Test_EMPI_HF","01.03.2025 17:41:09","01.03.2025 17:41:09","00:00:00","150,00 KB","150,00 KB","1","Log","False"
"PDMTESTDB","MSSQLSERVER","PDMTESTDB",,"KGU_Test_EMPI_HF","01.03.2025 15:41:09","01.03.2025 15:41:09","00:00:00","150,00 KB","150,00 KB","1","Log","False"
"PDMTESTDB","MSSQLSERVER","PDMTESTDB",,"KGU_Test_EMPI_HF","01.03.2025 13:41:08","01.03.2025 13:41:08","00:00:00","150,00 KB","150,00 KB","1","Log","False"
"PDMTESTDB","MSSQLSERVER","PDMTESTDB",,"KGU_Test_EMPI_HF","01.03.2025 11:41:08","01.03.2025 11:41:08","00:00:00","150,00 KB","150,00 KB","1","Log","False"
"PDMTESTDB","MSSQLSERVER","PDMTESTDB",,"KGU_Test_EMPI_HF","01.03.2025 09:41:08","01.03.2025 09:41:08","00:00:00","150,00 KB","150,00 KB","1","Log","False"
"PDMTESTDB","MSSQLSERVER","PDMTESTDB",,"KGU_Test_EMPI_HF","01.03.2025 07:41:08","01.03.2025 07:41:08","00:00:00","150,00 KB","150,00 KB","1","Log","False"
"PDMTESTDB","MSSQLSERVER","PDMTESTDB",,"KGU_Test_EMPI_HF","01.03.2025 05:41:07","01.03.2025 05:41:07","00:00:00","150,00 KB","150,00 KB","1","Log","False"
"PDMTESTDB","MSSQLSERVER","PDMTESTDB",,"KGU_Test_EMPI_HF","01.03.2025 03:41:49","01.03.2025 03:41:49","00:00:00","150,00 KB","150,00 KB","1","Log","False"
"PDMTESTDB","MSSQLSERVER","PDMTESTDB",,"KGU_Test_EMPI_HF","01.03.2025 03:41:36","01.03.2025 03:41:45","00:00:09","376,63 MB","376,63 MB","1","Full","False"
"PDMTESTDB","MSSQLSERVER","PDMTESTDB",,"KGU_Test_EMPI_HF","01.03.2025 01:41:11","01.03.2025 01:41:11","00:00:00","150,00 KB","150,00 KB","1","Log","False"
"PDMTESTDB","MSSQLSERVER","PDMTESTDB",,"KGU_Test_EMPI_HF","28.02.2025 23:41:10","28.02.2025 23:41:10","00:00:00","150,00 KB","150,00 KB","1","Log","False"
"PDMTESTDB","MSSQLSERVER","PDMTESTDB",,"KGU_Test_EMPI_HF","28.02.2025 21:41:10","28.02.2025 21:41:10","00:00:00","150,00 KB","150,00 KB","1","Log","False"
"PDMTESTDB","MSSQLSERVER","PDMTESTDB",,"KGU_Test_EMPI_HF","28.02.2025 19:41:10","28.02.2025 19:41:10","00:00:00","150,00 KB","150,00 KB","1","Log","False"
"PDMTESTDB","MSSQLSERVER","PDMTESTDB",,"KGU_Test_EMPI_HF","28.02.2025 17:41:09","28.02.2025 17:41:09","00:00:00","150,00 KB","150,00 KB","1","Log","False"
"PDMTESTDB","MSSQLSERVER","PDMTESTDB",,"KGU_Test_EMPI","07.03.2025 15:41:07","07.03.2025 15:41:07","00:00:00","150,00 KB","150,00 KB","1","Log","False"
"PDMTESTDB","MSSQLSERVER","PDMTESTDB",,"KGU_Test_EMPI","07.03.2025 13:41:06","07.03.2025 13:41:06","00:00:00","150,00 KB","150,00 KB","1","Log","False"
"PDMTESTDB","MSSQLSERVER","PDMTESTDB",,"KGU_Test_EMPI","07.03.2025 11:41:06","07.03.2025 11:41:06","00:00:00","150,00 KB","150,00 KB","1","Log","False"
"PDMTESTDB","MSSQLSERVER","PDMTESTDB",,"KGU_Test_EMPI","07.03.2025 09:41:05","07.03.2025 09:41:05","00:00:00","150,00 KB","150,00 KB","1","Log","False"
"PDMTESTDB","MSSQLSERVER","PDMTESTDB",,"KGU_Test_EMPI","07.03.2025 07:41:05","07.03.2025 07:41:05","00:00:00","150,00 KB","150,00 KB","1","Log","False"
"PDMTESTDB","MSSQLSERVER","PDMTESTDB",,"KGU_Test_EMPI","07.03.2025 05:41:04","07.03.2025 05:41:04","00:00:00","150,00 KB","150,00 KB","1","Log","False"
"PDMTESTDB","MSSQLSERVER","PDMTESTDB",,"KGU_Test_EMPI","07.03.2025 05:00:55","07.03.2025 05:01:05","00:00:10","374,45 MB","374,45 MB","1","Full","False"
"PDMTESTDB","MSSQLSERVER","PDMTESTDB",,"KGU_Test_EMPI","07.03.2025 03:41:26","07.03.2025 03:41:26","00:00:00","150,00 KB","150,00 KB","1","Log","False"
"PDMTESTDB","MSSQLSERVER","PDMTESTDB",,"KGU_Test_EMPI","07.03.2025 01:41:22","07.03.2025 01:41:22","00:00:00","150,00 KB","150,00 KB","1","Log","False"
"PDMTESTDB","MSSQLSERVER","PDMTESTDB",,"KGU_Test_EMPI","06.03.2025 23:41:22","06.03.2025 23:41:22","00:00:00","150,00 KB","150,00 KB","1","Log","False"
"PDMTESTDB","MSSQLSERVER","PDMTESTDB",,"KGU_Test_EMPI","06.03.2025 21:41:21","06.03.2025 21:41:21","00:00:00","150,00 KB","150,00 KB","1","Log","False"
"PDMTESTDB","MSSQLSERVER","PDMTESTDB",,"KGU_Test_EMPI","06.03.2025 19:41:21","06.03.2025 19:41:21","00:00:00","150,00 KB","150,00 KB","1","Log","False"
"PDMTESTDB","MSSQLSERVER","PDMTESTDB",,"KGU_Test_EMPI","06.03.2025 17:41:21","06.03.2025 17:41:21","00:00:00","150,00 KB","150,00 KB","1","Log","False"
"PDMTESTDB","MSSQLSERVER","PDMTESTDB",,"KGU_Test_EMPI","06.03.2025 15:41:21","06.03.2025 15:41:21","00:00:00","150,00 KB","150,00 KB","1","Log","False"
"PDMTESTDB","MSSQLSERVER","PDMTESTDB",,"KGU_Test_EMPI","06.03.2025 13:41:22","06.03.2025 13:41:22","00:00:00","150,00 KB","150,00 KB","1","Log","False"
"PDMTESTDB","MSSQLSERVER","PDMTESTDB",,"KGU_Test_EMPI","06.03.2025 11:53:33","06.03.2025 11:53:34","00:00:01","25,78 MB","25,78 MB","1","Log","False"
"PDMTESTDB","MSSQLSERVER","PDMTESTDB",,"KGU_Test_EMPI","06.03.2025 09:41:21","06.03.2025 09:41:21","00:00:00","150,00 KB","150,00 KB","1","Log","False"
"PDMTESTDB","MSSQLSERVER","PDMTESTDB",,"KGU_Test_EMPI","06.03.2025 07:41:21","06.03.2025 07:41:21","00:00:00","150,00 KB","150,00 KB","1","Log","False"
"PDMTESTDB","MSSQLSERVER","PDMTESTDB",,"KGU_Test_EMPI","06.03.2025 05:41:21","06.03.2025 05:41:21","00:00:00","150,00 KB","150,00 KB","1","Log","False"
"PDMTESTDB","MSSQLSERVER","PDMTESTDB",,"KGU_Test_EMPI","06.03.2025 03:42:02","06.03.2025 03:42:02","00:00:00","150,00 KB","150,00 KB","1","Log","False"
"PDMTESTDB","MSSQLSERVER","PDMTESTDB",,"KGU_Test_EMPI","06.03.2025 03:41:50","06.03.2025 03:41:59","00:00:09","374,38 MB","374,38 MB","1","Full","False"
"PDMTESTDB","MSSQLSERVER","PDMTESTDB",,"KGU_Test_EMPI","06.03.2025 01:40:59","06.03.2025 01:40:59","00:00:00","150,00 KB","150,00 KB","1","Log","False"
"PDMTESTDB","MSSQLSERVER","PDMTESTDB",,"KGU_Test_EMPI","05.03.2025 23:40:58","05.03.2025 23:40:58","00:00:00","150,00 KB","150,00 KB","1","Log","False"
"PDMTESTDB","MSSQLSERVER","PDMTESTDB",,"KGU_Test_EMPI","05.03.2025 21:40:58","05.03.2025 21:40:58","00:00:00","150,00 KB","150,00 KB","1","Log","False"
"PDMTESTDB","MSSQLSERVER","PDMTESTDB",,"KGU_Test_EMPI","05.03.2025 19:40:58","05.03.2025 19:40:58","00:00:00","150,00 KB","150,00 KB","1","Log","False"
"PDMTESTDB","MSSQLSERVER","PDMTESTDB",,"KGU_Test_EMPI","05.03.2025 17:40:57","05.03.2025 17:40:57","00:00:00","150,00 KB","150,00 KB","1","Log","False"
"PDMTESTDB","MSSQLSERVER","PDMTESTDB",,"KGU_Test_EMPI","05.03.2025 15:40:57","05.03.2025 15:40:57","00:00:00","150,00 KB","150,00 KB","1","Log","False"
"PDMTESTDB","MSSQLSERVER","PDMTESTDB",,"KGU_Test_EMPI","05.03.2025 13:40:57","05.03.2025 13:40:57","00:00:00","150,00 KB","150,00 KB","1","Log","False"
"PDMTESTDB","MSSQLSERVER","PDMTESTDB",,"KGU_Test_EMPI","05.03.2025 11:40:57","05.03.2025 11:40:57","00:00:00","150,00 KB","150,00 KB","1","Log","False"
"PDMTESTDB","MSSQLSERVER","PDMTESTDB",,"KGU_Test_EMPI","05.03.2025 09:40:56","05.03.2025 09:40:56","00:00:00","150,00 KB","150,00 KB","1","Log","False"
"PDMTESTDB","MSSQLSERVER","PDMTESTDB",,"KGU_Test_EMPI","05.03.2025 07:40:56","05.03.2025 07:40:56","00:00:00","150,00 KB","150,00 KB","1","Log","False"
"PDMTESTDB","MSSQLSERVER","PDMTESTDB",,"KGU_Test_EMPI","05.03.2025 05:40:56","05.03.2025 05:40:56","00:00:00","150,00 KB","150,00 KB","1","Log","False"
"PDMTESTDB","MSSQLSERVER","PDMTESTDB",,"KGU_Test_EMPI","05.03.2025 03:42:02","05.03.2025 03:42:14","00:00:12","374,41 MB","374,41 MB","1","Full","False"
"PDMTESTDB","MSSQLSERVER","PDMTESTDB",,"KGU_Test_EMPI","05.03.2025 03:41:25","05.03.2025 03:41:25","00:00:00","150,00 KB","150,00 KB","1","Log","False"
"PDMTESTDB","MSSQLSERVER","PDMTESTDB",,"KGU_Test_EMPI","05.03.2025 01:41:18","05.03.2025 01:41:18","00:00:00","150,00 KB","150,00 KB","1","Log","False"
"PDMTESTDB","MSSQLSERVER","PDMTESTDB",,"KGU_Test_EMPI","04.03.2025 23:41:17","04.03.2025 23:41:17","00:00:00","150,00 KB","150,00 KB","1","Log","False"
"PDMTESTDB","MSSQLSERVER","PDMTESTDB",,"KGU_Test_EMPI","04.03.2025 21:41:17","04.03.2025 21:41:17","00:00:00","150,00 KB","150,00 KB","1","Log","False"
"PDMTESTDB","MSSQLSERVER","PDMTESTDB",,"KGU_Test_EMPI","04.03.2025 19:41:17","04.03.2025 19:41:17","00:00:00","150,00 KB","150,00 KB","1","Log","False"
"PDMTESTDB","MSSQLSERVER","PDMTESTDB",,"KGU_Test_EMPI","04.03.2025 17:41:17","04.03.2025 17:41:17","00:00:00","150,00 KB","150,00 KB","1","Log","False"
"PDMTESTDB","MSSQLSERVER","PDMTESTDB",,"KGU_Test_EMPI","04.03.2025 15:41:17","04.03.2025 15:41:17","00:00:00","150,00 KB","150,00 KB","1","Log","False"
"PDMTESTDB","MSSQLSERVER","PDMTESTDB",,"KGU_Test_EMPI","04.03.2025 13:41:16","04.03.2025 13:41:16","00:00:00","150,00 KB","150,00 KB","1","Log","False"
"PDMTESTDB","MSSQLSERVER","PDMTESTDB",,"KGU_Test_EMPI","04.03.2025 11:41:16","04.03.2025 11:41:16","00:00:00","150,00 KB","150,00 KB","1","Log","False"
"PDMTESTDB","MSSQLSERVER","PDMTESTDB",,"KGU_Test_EMPI","04.03.2025 09:49:19","04.03.2025 09:49:20","00:00:01","25,58 MB","25,58 MB","1","Log","False"
"PDMTESTDB","MSSQLSERVER","PDMTESTDB",,"KGU_Test_EMPI","04.03.2025 07:41:15","04.03.2025 07:41:15","00:00:00","150,00 KB","150,00 KB","1","Log","False"
"PDMTESTDB","MSSQLSERVER","PDMTESTDB",,"KGU_Test_EMPI","04.03.2025 05:41:15","04.03.2025 05:41:15","00:00:00","150,00 KB","150,00 KB","1","Log","False"
"PDMTESTDB","MSSQLSERVER","PDMTESTDB",,"KGU_Test_EMPI","04.03.2025 03:42:00","04.03.2025 03:42:01","00:00:01","150,00 KB","150,00 KB","1","Log","False"
"PDMTESTDB","MSSQLSERVER","PDMTESTDB",,"KGU_Test_EMPI","04.03.2025 03:41:44","04.03.2025 03:41:56","00:00:12","374,38 MB","374,38 MB","1","Full","False"
"PDMTESTDB","MSSQLSERVER","PDMTESTDB",,"KGU_Test_EMPI","04.03.2025 01:40:59","04.03.2025 01:40:59","00:00:00","150,00 KB","150,00 KB","1","Log","False"
"PDMTESTDB","MSSQLSERVER","PDMTESTDB",,"KGU_Test_EMPI","03.03.2025 23:40:58","03.03.2025 23:40:58","00:00:00","150,00 KB","150,00 KB","1","Log","False"
"PDMTESTDB","MSSQLSERVER","PDMTESTDB",,"KGU_Test_EMPI","03.03.2025 21:41:00","03.03.2025 21:41:00","00:00:00","150,00 KB","150,00 KB","1","Log","False"
"PDMTESTDB","MSSQLSERVER","PDMTESTDB",,"KGU_Test_EMPI","03.03.2025 19:41:02","03.03.2025 19:41:02","00:00:00","150,00 KB","150,00 KB","1","Log","False"
"PDMTESTDB","MSSQLSERVER","PDMTESTDB",,"KGU_Test_EMPI","03.03.2025 17:40:57","03.03.2025 17:40:57","00:00:00","150,00 KB","150,00 KB","1","Log","False"
"PDMTESTDB","MSSQLSERVER","PDMTESTDB",,"KGU_Test_EMPI","03.03.2025 15:40:58","03.03.2025 15:40:58","00:00:00","150,00 KB","150,00 KB","1","Log","False"
"PDMTESTDB","MSSQLSERVER","PDMTESTDB",,"KGU_Test_EMPI","03.03.2025 13:40:58","03.03.2025 13:40:58","00:00:00","150,00 KB","150,00 KB","1","Log","False"
"PDMTESTDB","MSSQLSERVER","PDMTESTDB",,"KGU_Test_EMPI","03.03.2025 11:40:58","03.03.2025 11:40:58","00:00:00","150,00 KB","150,00 KB","1","Log","False"
"PDMTESTDB","MSSQLSERVER","PDMTESTDB",,"KGU_Test_EMPI","03.03.2025 09:40:57","03.03.2025 09:40:57","00:00:00","150,00 KB","150,00 KB","1","Log","False"
"PDMTESTDB","MSSQLSERVER","PDMTESTDB",,"KGU_Test_EMPI","03.03.2025 07:40:57","03.03.2025 07:40:57","00:00:00","150,00 KB","150,00 KB","1","Log","False"
"PDMTESTDB","MSSQLSERVER","PDMTESTDB",,"KGU_Test_EMPI","03.03.2025 05:40:57","03.03.2025 05:40:57","00:00:00","150,00 KB","150,00 KB","1","Log","False"
"PDMTESTDB","MSSQLSERVER","PDMTESTDB",,"KGU_Test_EMPI","03.03.2025 03:41:53","03.03.2025 03:41:53","00:00:00","150,00 KB","150,00 KB","1","Log","False"
"PDMTESTDB","MSSQLSERVER","PDMTESTDB",,"KGU_Test_EMPI","03.03.2025 03:41:39","03.03.2025 03:41:50","00:00:11","374,38 MB","374,38 MB","1","Full","False"
"PDMTESTDB","MSSQLSERVER","PDMTESTDB",,"KGU_Test_EMPI","03.03.2025 01:41:14","03.03.2025 01:41:14","00:00:00","150,00 KB","150,00 KB","1","Log","False"
"PDMTESTDB","MSSQLSERVER","PDMTESTDB",,"KGU_Test_EMPI","02.03.2025 23:41:13","02.03.2025 23:41:13","00:00:00","150,00 KB","150,00 KB","1","Log","False"
"PDMTESTDB","MSSQLSERVER","PDMTESTDB",,"KGU_Test_EMPI","02.03.2025 21:41:13","02.03.2025 21:41:13","00:00:00","150,00 KB","150,00 KB","1","Log","False"
"PDMTESTDB","MSSQLSERVER","PDMTESTDB",,"KGU_Test_EMPI","02.03.2025 19:41:13","02.03.2025 19:41:13","00:00:00","150,00 KB","150,00 KB","1","Log","False"
"PDMTESTDB","MSSQLSERVER","PDMTESTDB",,"KGU_Test_EMPI","02.03.2025 17:41:13","02.03.2025 17:41:13","00:00:00","150,00 KB","150,00 KB","1","Log","False"
"PDMTESTDB","MSSQLSERVER","PDMTESTDB",,"KGU_Test_EMPI","02.03.2025 15:41:14","02.03.2025 15:41:14","00:00:00","150,00 KB","150,00 KB","1","Log","False"
"PDMTESTDB","MSSQLSERVER","PDMTESTDB",,"KGU_Test_EMPI","02.03.2025 13:41:12","02.03.2025 13:41:12","00:00:00","150,00 KB","150,00 KB","1","Log","False"
"PDMTESTDB","MSSQLSERVER","PDMTESTDB",,"KGU_Test_EMPI","02.03.2025 11:41:12","02.03.2025 11:41:12","00:00:00","150,00 KB","150,00 KB","1","Log","False"
"PDMTESTDB","MSSQLSERVER","PDMTESTDB",,"KGU_Test_EMPI","02.03.2025 11:10:56","02.03.2025 11:11:13","00:00:17","374,41 MB","374,41 MB","1","Full","False"
"PDMTESTDB","MSSQLSERVER","PDMTESTDB",,"KGU_Test_EMPI","02.03.2025 09:45:34","02.03.2025 09:45:34","00:00:00","25,58 MB","25,58 MB","1","Log","False"
"PDMTESTDB","MSSQLSERVER","PDMTESTDB",,"KGU_Test_EMPI","02.03.2025 07:41:14","02.03.2025 07:41:14","00:00:00","150,00 KB","150,00 KB","1","Log","False"
"PDMTESTDB","MSSQLSERVER","PDMTESTDB",,"KGU_Test_EMPI","02.03.2025 05:41:14","02.03.2025 05:41:14","00:00:00","150,00 KB","150,00 KB","1","Log","False"
"PDMTESTDB","MSSQLSERVER","PDMTESTDB",,"KGU_Test_EMPI","02.03.2025 03:41:42","02.03.2025 03:41:42","00:00:00","150,00 KB","150,00 KB","1","Log","False"
"PDMTESTDB","MSSQLSERVER","PDMTESTDB",,"KGU_Test_EMPI","02.03.2025 01:41:09","02.03.2025 01:41:09","00:00:00","150,00 KB","150,00 KB","1","Log","False"
"PDMTESTDB","MSSQLSERVER","PDMTESTDB",,"KGU_Test_EMPI","01.03.2025 23:41:09","01.03.2025 23:41:09","00:00:00","150,00 KB","150,00 KB","1","Log","False"
"PDMTESTDB","MSSQLSERVER","PDMTESTDB",,"KGU_Test_EMPI","01.03.2025 21:41:13","01.03.2025 21:41:13","00:00:00","150,00 KB","150,00 KB","1","Log","False"
"PDMTESTDB","MSSQLSERVER","PDMTESTDB",,"KGU_Test_EMPI","01.03.2025 19:41:09","01.03.2025 19:41:09","00:00:00","150,00 KB","150,00 KB","1","Log","False"
"PDMTESTDB","MSSQLSERVER","PDMTESTDB",,"KGU_Test_EMPI","01.03.2025 17:41:08","01.03.2025 17:41:08","00:00:00","150,00 KB","150,00 KB","1","Log","False"
"PDMTESTDB","MSSQLSERVER","PDMTESTDB",,"KGU_Test_EMPI","01.03.2025 15:41:08","01.03.2025 15:41:08","00:00:00","150,00 KB","150,00 KB","1","Log","False"
"PDMTESTDB","MSSQLSERVER","PDMTESTDB",,"KGU_Test_EMPI","01.03.2025 13:41:08","01.03.2025 13:41:08","00:00:00","150,00 KB","150,00 KB","1","Log","False"
"PDMTESTDB","MSSQLSERVER","PDMTESTDB",,"KGU_Test_EMPI","01.03.2025 11:41:08","01.03.2025 11:41:08","00:00:00","150,00 KB","150,00 KB","1","Log","False"
"PDMTESTDB","MSSQLSERVER","PDMTESTDB",,"KGU_Test_EMPI","01.03.2025 09:41:08","01.03.2025 09:41:08","00:00:00","150,00 KB","150,00 KB","1","Log","False"
"PDMTESTDB","MSSQLSERVER","PDMTESTDB",,"KGU_Test_EMPI","01.03.2025 07:41:07","01.03.2025 07:41:07","00:00:00","150,00 KB","150,00 KB","1","Log","False"
"PDMTESTDB","MSSQLSERVER","PDMTESTDB",,"KGU_Test_EMPI","01.03.2025 05:41:07","01.03.2025 05:41:07","00:00:00","150,00 KB","150,00 KB","1","Log","False"
"PDMTESTDB","MSSQLSERVER","PDMTESTDB",,"KGU_Test_EMPI","01.03.2025 03:41:48","01.03.2025 03:41:48","00:00:00","150,00 KB","150,00 KB","1","Log","False"
"PDMTESTDB","MSSQLSERVER","PDMTESTDB",,"KGU_Test_EMPI","01.03.2025 03:41:36","01.03.2025 03:41:45","00:00:09","374,45 MB","374,45 MB","1","Full","False"
"PDMTESTDB","MSSQLSERVER","PDMTESTDB",,"KGU_Test_EMPI","01.03.2025 01:41:10","01.03.2025 01:41:10","00:00:00","150,00 KB","150,00 KB","1","Log","False"
"PDMTESTDB","MSSQLSERVER","PDMTESTDB",,"KGU_Test_EMPI","28.02.2025 23:41:10","28.02.2025 23:41:10","00:00:00","150,00 KB","150,00 KB","1","Log","False"
"PDMTESTDB","MSSQLSERVER","PDMTESTDB",,"KGU_Test_EMPI","28.02.2025 21:41:09","28.02.2025 21:41:09","00:00:00","150,00 KB","150,00 KB","1","Log","False"
"PDMTESTDB","MSSQLSERVER","PDMTESTDB",,"KGU_Test_EMPI","28.02.2025 19:41:09","28.02.2025 19:41:09","00:00:00","150,00 KB","150,00 KB","1","Log","False"
"PDMTESTDB","MSSQLSERVER","PDMTESTDB",,"KGU_Test_EMPI","28.02.2025 17:41:09","28.02.2025 17:41:09","00:00:00","150,00 KB","150,00 KB","1","Log","False"
"PDMTESTDB","MSSQLSERVER","PDMTESTDB",,"KGU_EMPI","07.03.2025 15:41:09","07.03.2025 15:41:09","00:00:00","230,00 KB","230,00 KB","1","Log","False"
"PDMTESTDB","MSSQLSERVER","PDMTESTDB",,"KGU_EMPI","07.03.2025 14:07:44","07.03.2025 14:08:00","00:00:16","37,78 MB","37,78 MB","1","Log","False"
"PDMTESTDB","MSSQLSERVER","PDMTESTDB",,"KGU_EMPI","07.03.2025 05:00:55","07.03.2025 05:01:05","00:00:10","862,57 MB","862,57 MB","1","Full","False"
"PDMTESTDB","MSSQLSERVER","PDMTESTDB",,"KGU_EMPI","06.03.2025 17:41:22","06.03.2025 17:41:22","00:00:00","230,00 KB","230,00 KB","1","Log","False"
"PDMTESTDB","MSSQLSERVER","PDMTESTDB",,"KGU_EMPI","06.03.2025 15:41:22","06.03.2025 15:41:22","00:00:00","230,00 KB","230,00 KB","1","Log","False"
"PDMTESTDB","MSSQLSERVER","PDMTESTDB",,"KGU_EMPI","06.03.2025 14:18:56","06.03.2025 14:18:56","00:00:00","230,00 KB","230,00 KB","1","Log","False"
"PDMTESTDB","MSSQLSERVER","PDMTESTDB",,"KGU_EMPI","06.03.2025 12:31:22","06.03.2025 12:31:22","00:00:00","230,00 KB","230,00 KB","1","Log","False"
"PDMTESTDB","MSSQLSERVER","PDMTESTDB",,"KGU_EMPI","06.03.2025 09:41:22","06.03.2025 09:41:22","00:00:00","230,00 KB","230,00 KB","1","Log","False"
"PDMTESTDB","MSSQLSERVER","PDMTESTDB",,"KGU_EMPI","06.03.2025 07:41:21","06.03.2025 07:41:21","00:00:00","230,00 KB","230,00 KB","1","Log","False"
"PDMTESTDB","MSSQLSERVER","PDMTESTDB",,"KGU_EMPI","06.03.2025 05:41:21","06.03.2025 05:41:21","00:00:00","230,00 KB","230,00 KB","1","Log","False"
"PDMTESTDB","MSSQLSERVER","PDMTESTDB",,"KGU_EMPI","06.03.2025 03:42:03","06.03.2025 03:42:03","00:00:00","230,00 KB","230,00 KB","1","Log","False"
"PDMTESTDB","MSSQLSERVER","PDMTESTDB",,"KGU_EMPI","06.03.2025 03:41:50","06.03.2025 03:41:59","00:00:09","862,57 MB","862,57 MB","1","Full","False"
"PDMTESTDB","MSSQLSERVER","PDMTESTDB",,"KGU_EMPI","06.03.2025 01:40:59","06.03.2025 01:40:59","00:00:00","230,00 KB","230,00 KB","1","Log","False"
"PDMTESTDB","MSSQLSERVER","PDMTESTDB",,"KGU_EMPI","05.03.2025 23:40:59","05.03.2025 23:40:59","00:00:00","230,00 KB","230,00 KB","1","Log","False"
"PDMTESTDB","MSSQLSERVER","PDMTESTDB",,"KGU_EMPI","05.03.2025 21:40:58","05.03.2025 21:40:58","00:00:00","230,00 KB","230,00 KB","1","Log","False"
"PDMTESTDB","MSSQLSERVER","PDMTESTDB",,"KGU_EMPI","05.03.2025 19:40:58","05.03.2025 19:40:58","00:00:00","230,00 KB","230,00 KB","1","Log","False"
"PDMTESTDB","MSSQLSERVER","PDMTESTDB",,"KGU_EMPI","05.03.2025 17:40:58","05.03.2025 17:40:58","00:00:00","230,00 KB","230,00 KB","1","Log","False"
"PDMTESTDB","MSSQLSERVER","PDMTESTDB",,"KGU_EMPI","05.03.2025 15:40:58","05.03.2025 15:40:58","00:00:00","230,00 KB","230,00 KB","1","Log","False"
"PDMTESTDB","MSSQLSERVER","PDMTESTDB",,"KGU_EMPI","05.03.2025 13:40:57","05.03.2025 13:40:57","00:00:00","230,00 KB","230,00 KB","1","Log","False"
"PDMTESTDB","MSSQLSERVER","PDMTESTDB",,"KGU_EMPI","05.03.2025 11:40:57","05.03.2025 11:40:57","00:00:00","230,00 KB","230,00 KB","1","Log","False"
"PDMTESTDB","MSSQLSERVER","PDMTESTDB",,"KGU_EMPI","05.03.2025 09:40:57","05.03.2025 09:40:57","00:00:00","230,00 KB","230,00 KB","1","Log","False"
"PDMTESTDB","MSSQLSERVER","PDMTESTDB",,"KGU_EMPI","05.03.2025 07:40:57","05.03.2025 07:40:57","00:00:00","230,00 KB","230,00 KB","1","Log","False"
"PDMTESTDB","MSSQLSERVER","PDMTESTDB",,"KGU_EMPI","05.03.2025 05:40:57","05.03.2025 05:40:57","00:00:00","230,00 KB","230,00 KB","1","Log","False"
"PDMTESTDB","MSSQLSERVER","PDMTESTDB",,"KGU_EMPI","05.03.2025 03:42:02","05.03.2025 03:42:14","00:00:12","862,57 MB","862,57 MB","1","Full","False"
"PDMTESTDB","MSSQLSERVER","PDMTESTDB",,"KGU_EMPI","05.03.2025 03:41:26","05.03.2025 03:41:26","00:00:00","230,00 KB","230,00 KB","1","Log","False"
"PDMTESTDB","MSSQLSERVER","PDMTESTDB",,"KGU_EMPI","05.03.2025 01:41:19","05.03.2025 01:41:19","00:00:00","230,00 KB","230,00 KB","1","Log","False"
"PDMTESTDB","MSSQLSERVER","PDMTESTDB",,"KGU_EMPI","04.03.2025 23:41:18","04.03.2025 23:41:18","00:00:00","230,00 KB","230,00 KB","1","Log","False"
"PDMTESTDB","MSSQLSERVER","PDMTESTDB",,"KGU_EMPI","04.03.2025 21:41:18","04.03.2025 21:41:18","00:00:00","230,00 KB","230,00 KB","1","Log","False"
"PDMTESTDB","MSSQLSERVER","PDMTESTDB",,"KGU_EMPI","04.03.2025 19:41:17","04.03.2025 19:41:17","00:00:00","230,00 KB","230,00 KB","1","Log","False"
"PDMTESTDB","MSSQLSERVER","PDMTESTDB",,"KGU_EMPI","04.03.2025 17:41:17","04.03.2025 17:41:17","00:00:00","230,00 KB","230,00 KB","1","Log","False"
"PDMTESTDB","MSSQLSERVER","PDMTESTDB",,"KGU_EMPI","04.03.2025 15:41:17","04.03.2025 15:41:17","00:00:00","230,00 KB","230,00 KB","1","Log","False"
"PDMTESTDB","MSSQLSERVER","PDMTESTDB",,"KGU_EMPI","04.03.2025 13:41:17","04.03.2025 13:41:17","00:00:00","36,92 MB","36,92 MB","1","Log","False"
"PDMTESTDB","MSSQLSERVER","PDMTESTDB",,"KGU_EMPI","04.03.2025 11:41:17","04.03.2025 11:41:17","00:00:00","230,00 KB","230,00 KB","1","Log","False"
"PDMTESTDB","MSSQLSERVER","PDMTESTDB",,"KGU_EMPI","04.03.2025 09:49:22","04.03.2025 09:49:23","00:00:01","230,00 KB","230,00 KB","1","Log","False"
"PDMTESTDB","MSSQLSERVER","PDMTESTDB",,"KGU_EMPI","04.03.2025 07:41:16","04.03.2025 07:41:16","00:00:00","230,00 KB","230,00 KB","1","Log","False"
"PDMTESTDB","MSSQLSERVER","PDMTESTDB",,"KGU_EMPI","04.03.2025 05:41:16","04.03.2025 05:41:16","00:00:00","230,00 KB","230,00 KB","1","Log","False"
"PDMTESTDB","MSSQLSERVER","PDMTESTDB",,"KGU_EMPI","04.03.2025 03:42:05","04.03.2025 03:42:05","00:00:00","230,00 KB","230,00 KB","1","Log","False"
"PDMTESTDB","MSSQLSERVER","PDMTESTDB",,"KGU_EMPI","04.03.2025 03:41:44","04.03.2025 03:41:56","00:00:12","862,51 MB","862,51 MB","1","Full","False"
"PDMTESTDB","MSSQLSERVER","PDMTESTDB",,"KGU_EMPI","04.03.2025 01:40:59","04.03.2025 01:40:59","00:00:00","230,00 KB","230,00 KB","1","Log","False"
"PDMTESTDB","MSSQLSERVER","PDMTESTDB",,"KGU_EMPI","03.03.2025 23:40:59","03.03.2025 23:40:59","00:00:00","230,00 KB","230,00 KB","1","Log","False"
"PDMTESTDB","MSSQLSERVER","PDMTESTDB",,"KGU_EMPI","03.03.2025 21:41:02","03.03.2025 21:41:02","00:00:00","230,00 KB","230,00 KB","1","Log","False"
"PDMTESTDB","MSSQLSERVER","PDMTESTDB",,"KGU_EMPI","03.03.2025 19:41:05","03.03.2025 19:41:05","00:00:00","230,00 KB","230,00 KB","1","Log","False"
"PDMTESTDB","MSSQLSERVER","PDMTESTDB",,"KGU_EMPI","03.03.2025 17:40:58","03.03.2025 17:40:58","00:00:00","230,00 KB","230,00 KB","1","Log","False"
"PDMTESTDB","MSSQLSERVER","PDMTESTDB",,"KGU_EMPI","03.03.2025 15:40:59","03.03.2025 15:40:59","00:00:00","230,00 KB","230,00 KB","1","Log","False"
"PDMTESTDB","MSSQLSERVER","PDMTESTDB",,"KGU_EMPI","03.03.2025 13:40:59","03.03.2025 13:40:59","00:00:00","230,00 KB","230,00 KB","1","Log","False"
"PDMTESTDB","MSSQLSERVER","PDMTESTDB",,"KGU_EMPI","03.03.2025 11:40:58","03.03.2025 11:40:58","00:00:00","230,00 KB","230,00 KB","1","Log","False"
"PDMTESTDB","MSSQLSERVER","PDMTESTDB",,"KGU_EMPI","03.03.2025 09:40:58","03.03.2025 09:40:58","00:00:00","230,00 KB","230,00 KB","1","Log","False"
"PDMTESTDB","MSSQLSERVER","PDMTESTDB",,"KGU_EMPI","03.03.2025 07:40:58","03.03.2025 07:40:58","00:00:00","230,00 KB","230,00 KB","1","Log","False"
"PDMTESTDB","MSSQLSERVER","PDMTESTDB",,"KGU_EMPI","03.03.2025 05:40:58","03.03.2025 05:40:58","00:00:00","230,00 KB","230,00 KB","1","Log","False"
"PDMTESTDB","MSSQLSERVER","PDMTESTDB",,"KGU_EMPI","03.03.2025 03:41:54","03.03.2025 03:41:54","00:00:00","230,00 KB","230,00 KB","1","Log","False"
"PDMTESTDB","MSSQLSERVER","PDMTESTDB",,"KGU_EMPI","03.03.2025 03:41:39","03.03.2025 03:41:50","00:00:11","862,51 MB","862,51 MB","1","Full","False"
"PDMTESTDB","MSSQLSERVER","PDMTESTDB",,"KGU_EMPI","03.03.2025 01:41:15","03.03.2025 01:41:15","00:00:00","230,00 KB","230,00 KB","1","Log","False"
"PDMTESTDB","MSSQLSERVER","PDMTESTDB",,"KGU_EMPI","02.03.2025 23:41:14","02.03.2025 23:41:14","00:00:00","230,00 KB","230,00 KB","1","Log","False"
"PDMTESTDB","MSSQLSERVER","PDMTESTDB",,"KGU_EMPI","02.03.2025 21:41:14","02.03.2025 21:41:14","00:00:00","230,00 KB","230,00 KB","1","Log","False"
"PDMTESTDB","MSSQLSERVER","PDMTESTDB",,"KGU_EMPI","02.03.2025 19:41:13","02.03.2025 19:41:13","00:00:00","230,00 KB","230,00 KB","1","Log","False"
"PDMTESTDB","MSSQLSERVER","PDMTESTDB",,"KGU_EMPI","02.03.2025 17:41:13","02.03.2025 17:41:13","00:00:00","230,00 KB","230,00 KB","1","Log","False"
"PDMTESTDB","MSSQLSERVER","PDMTESTDB",,"KGU_EMPI","02.03.2025 15:41:15","02.03.2025 15:41:15","00:00:00","230,00 KB","230,00 KB","1","Log","False"
"PDMTESTDB","MSSQLSERVER","PDMTESTDB",,"KGU_EMPI","02.03.2025 13:41:13","02.03.2025 13:41:13","00:00:00","36,99 MB","36,99 MB","1","Log","False"
"PDMTESTDB","MSSQLSERVER","PDMTESTDB",,"KGU_EMPI","02.03.2025 11:41:15","02.03.2025 11:41:15","00:00:00","230,00 KB","230,00 KB","1","Log","False"
"PDMTESTDB","MSSQLSERVER","PDMTESTDB",,"KGU_EMPI","02.03.2025 11:10:56","02.03.2025 11:11:13","00:00:17","862,57 MB","862,57 MB","1","Full","False"
"PDMTESTDB","MSSQLSERVER","PDMTESTDB",,"KGU_EMPI","02.03.2025 09:45:35","02.03.2025 09:45:35","00:00:00","230,00 KB","230,00 KB","1","Log","False"
"PDMTESTDB","MSSQLSERVER","PDMTESTDB",,"KGU_EMPI","02.03.2025 07:41:15","02.03.2025 07:41:15","00:00:00","230,00 KB","230,00 KB","1","Log","False"
"PDMTESTDB","MSSQLSERVER","PDMTESTDB",,"KGU_EMPI","02.03.2025 05:41:15","02.03.2025 05:41:15","00:00:00","230,00 KB","230,00 KB","1","Log","False"
"PDMTESTDB","MSSQLSERVER","PDMTESTDB",,"KGU_EMPI","02.03.2025 03:41:44","02.03.2025 03:41:44","00:00:00","230,00 KB","230,00 KB","1","Log","False"
"PDMTESTDB","MSSQLSERVER","PDMTESTDB",,"KGU_EMPI","02.03.2025 01:41:10","02.03.2025 01:41:10","00:00:00","230,00 KB","230,00 KB","1","Log","False"
"PDMTESTDB","MSSQLSERVER","PDMTESTDB",,"KGU_EMPI","01.03.2025 23:41:09","01.03.2025 23:41:09","00:00:00","230,00 KB","230,00 KB","1","Log","False"
"PDMTESTDB","MSSQLSERVER","PDMTESTDB",,"KGU_EMPI","01.03.2025 21:41:14","01.03.2025 21:41:14","00:00:00","230,00 KB","230,00 KB","1","Log","False"
"PDMTESTDB","MSSQLSERVER","PDMTESTDB",,"KGU_EMPI","01.03.2025 19:41:09","01.03.2025 19:41:09","00:00:00","230,00 KB","230,00 KB","1","Log","False"
"PDMTESTDB","MSSQLSERVER","PDMTESTDB",,"KGU_EMPI","01.03.2025 17:41:09","01.03.2025 17:41:09","00:00:00","230,00 KB","230,00 KB","1","Log","False"
"PDMTESTDB","MSSQLSERVER","PDMTESTDB",,"KGU_EMPI","01.03.2025 15:41:09","01.03.2025 15:41:09","00:00:00","230,00 KB","230,00 KB","1","Log","False"
"PDMTESTDB","MSSQLSERVER","PDMTESTDB",,"KGU_EMPI","01.03.2025 13:41:08","01.03.2025 13:41:08","00:00:00","230,00 KB","230,00 KB","1","Log","False"
"PDMTESTDB","MSSQLSERVER","PDMTESTDB",,"KGU_EMPI","01.03.2025 11:41:08","01.03.2025 11:41:08","00:00:00","230,00 KB","230,00 KB","1","Log","False"
"PDMTESTDB","MSSQLSERVER","PDMTESTDB",,"KGU_EMPI","01.03.2025 09:41:08","01.03.2025 09:41:08","00:00:00","230,00 KB","230,00 KB","1","Log","False"
"PDMTESTDB","MSSQLSERVER","PDMTESTDB",,"KGU_EMPI","01.03.2025 07:41:08","01.03.2025 07:41:08","00:00:00","230,00 KB","230,00 KB","1","Log","False"
"PDMTESTDB","MSSQLSERVER","PDMTESTDB",,"KGU_EMPI","01.03.2025 05:41:07","01.03.2025 05:41:07","00:00:00","230,00 KB","230,00 KB","1","Log","False"
"PDMTESTDB","MSSQLSERVER","PDMTESTDB",,"KGU_EMPI","01.03.2025 03:41:49","01.03.2025 03:41:49","00:00:00","230,00 KB","230,00 KB","1","Log","False"
"PDMTESTDB","MSSQLSERVER","PDMTESTDB",,"KGU_EMPI","01.03.2025 03:41:36","01.03.2025 03:41:45","00:00:09","862,57 MB","862,57 MB","1","Full","False"
"PDMTESTDB","MSSQLSERVER","PDMTESTDB",,"KGU_EMPI","01.03.2025 01:41:11","01.03.2025 01:41:11","00:00:00","230,00 KB","230,00 KB","1","Log","False"
"PDMTESTDB","MSSQLSERVER","PDMTESTDB",,"KGU_EMPI","28.02.2025 23:41:10","28.02.2025 23:41:10","00:00:00","230,00 KB","230,00 KB","1","Log","False"
"PDMTESTDB","MSSQLSERVER","PDMTESTDB",,"KGU_EMPI","28.02.2025 21:41:10","28.02.2025 21:41:10","00:00:00","230,00 KB","230,00 KB","1","Log","False"
"PDMTESTDB","MSSQLSERVER","PDMTESTDB",,"KGU_EMPI","28.02.2025 19:41:10","28.02.2025 19:41:10","00:00:00","230,00 KB","230,00 KB","1","Log","False"
"PDMTESTDB","MSSQLSERVER","PDMTESTDB",,"KGU_EMPI","28.02.2025 17:41:09","28.02.2025 17:41:09","00:00:00","230,00 KB","230,00 KB","1","Log","False"
"PDMTESTDB","MSSQLSERVER","PDMTESTDB",,"MV_LEP","07.03.2025 05:00:56","07.03.2025 05:01:05","00:00:09","4,64 GB","4,64 GB","1","Full","False"
"PDMTESTDB","MSSQLSERVER","PDMTESTDB",,"MV_LEP","06.03.2025 03:41:52","06.03.2025 03:41:59","00:00:07","4,64 GB","4,64 GB","1","Full","False"
"PDMTESTDB","MSSQLSERVER","PDMTESTDB",,"MV_LEP","05.03.2025 03:42:05","05.03.2025 03:42:14","00:00:09","4,64 GB","4,64 GB","1","Full","False"
"PDMTESTDB","MSSQLSERVER","PDMTESTDB",,"MV_LEP","04.03.2025 03:41:47","04.03.2025 03:41:56","00:00:09","4,63 GB","4,63 GB","1","Full","False"
"PDMTESTDB","MSSQLSERVER","PDMTESTDB",,"MV_LEP","03.03.2025 03:41:40","03.03.2025 03:41:50","00:00:10","4,63 GB","4,63 GB","1","Full","False"
"PDMTESTDB","MSSQLSERVER","PDMTESTDB",,"MV_LEP","02.03.2025 11:10:57","02.03.2025 11:11:13","00:00:16","4,63 GB","4,63 GB","1","Full","False"
"PDMTESTDB","MSSQLSERVER","PDMTESTDB",,"MV_LEP","01.03.2025 03:41:37","01.03.2025 03:41:45","00:00:08","4,63 GB","4,63 GB","1","Full","False"
"PDMTESTDB","MSSQLSERVER","PDMTESTDB",,"MV_LEP_alt","07.03.2025 05:00:57","07.03.2025 05:01:05","00:00:08","98,41 MB","98,41 MB","1","Full","False"
"PDMTESTDB","MSSQLSERVER","PDMTESTDB",,"MV_LEP_alt","06.03.2025 03:41:52","06.03.2025 03:41:59","00:00:07","98,38 MB","98,38 MB","1","Full","False"
"PDMTESTDB","MSSQLSERVER","PDMTESTDB",,"MV_LEP_alt","05.03.2025 03:42:06","05.03.2025 03:42:14","00:00:08","98,41 MB","98,41 MB","1","Full","False"
"PDMTESTDB","MSSQLSERVER","PDMTESTDB",,"MV_LEP_alt","04.03.2025 03:41:47","04.03.2025 03:41:56","00:00:09","98,38 MB","98,38 MB","1","Full","False"
"PDMTESTDB","MSSQLSERVER","PDMTESTDB",,"MV_LEP_alt","03.03.2025 03:41:41","03.03.2025 03:41:50","00:00:09","98,38 MB","98,38 MB","1","Full","False"
"PDMTESTDB","MSSQLSERVER","PDMTESTDB",,"MV_LEP_alt","02.03.2025 11:10:58","02.03.2025 11:11:13","00:00:15","98,41 MB","98,41 MB","1","Full","False"
"PDMTESTDB","MSSQLSERVER","PDMTESTDB",,"MV_LEP_alt","01.03.2025 03:41:37","01.03.2025 03:41:45","00:00:08","98,38 MB","98,38 MB","1","Full","False"
"PDMTESTDB","MSSQLSERVER","PDMTESTDB",,"MV_LEP2018","07.03.2025 05:00:57","07.03.2025 05:01:05","00:00:08","843,20 MB","843,20 MB","1","Full","False"
"PDMTESTDB","MSSQLSERVER","PDMTESTDB",,"MV_LEP2018","06.03.2025 03:41:52","06.03.2025 03:41:59","00:00:07","843,20 MB","843,20 MB","1","Full","False"
"PDMTESTDB","MSSQLSERVER","PDMTESTDB",,"MV_LEP2018","05.03.2025 03:42:06","05.03.2025 03:42:14","00:00:08","843,20 MB","843,20 MB","1","Full","False"
"PDMTESTDB","MSSQLSERVER","PDMTESTDB",,"MV_LEP2018","04.03.2025 03:41:47","04.03.2025 03:41:56","00:00:09","843,20 MB","843,20 MB","1","Full","False"
"PDMTESTDB","MSSQLSERVER","PDMTESTDB",,"MV_LEP2018","03.03.2025 03:41:41","03.03.2025 03:41:50","00:00:09","843,20 MB","843,20 MB","1","Full","False"
"PDMTESTDB","MSSQLSERVER","PDMTESTDB",,"MV_LEP2018","02.03.2025 11:10:58","02.03.2025 11:11:13","00:00:15","843,20 MB","843,20 MB","1","Full","False"
"PDMTESTDB","MSSQLSERVER","PDMTESTDB",,"MV_LEP2018","01.03.2025 03:41:38","01.03.2025 03:41:45","00:00:07","843,20 MB","843,20 MB","1","Full","False"
"PDMTESTDB","MSSQLSERVER","PDMTESTDB",,"MV_LEP_Archiv","07.03.2025 05:00:57","07.03.2025 05:01:05","00:00:08","4,53 MB","4,53 MB","1","Full","False"
"PDMTESTDB","MSSQLSERVER","PDMTESTDB",,"MV_LEP_Archiv","06.03.2025 03:41:52","06.03.2025 03:41:59","00:00:07","4,51 MB","4,51 MB","1","Full","False"
"PDMTESTDB","MSSQLSERVER","PDMTESTDB",,"MV_LEP_Archiv","05.03.2025 03:42:06","05.03.2025 03:42:14","00:00:08","4,53 MB","4,53 MB","1","Full","False"
"PDMTESTDB","MSSQLSERVER","PDMTESTDB",,"MV_LEP_Archiv","04.03.2025 03:41:47","04.03.2025 03:41:56","00:00:09","4,51 MB","4,51 MB","1","Full","False"
"PDMTESTDB","MSSQLSERVER","PDMTESTDB",,"MV_LEP_Archiv","03.03.2025 03:41:41","03.03.2025 03:41:50","00:00:09","4,51 MB","4,51 MB","1","Full","False"
"PDMTESTDB","MSSQLSERVER","PDMTESTDB",,"MV_LEP_Archiv","02.03.2025 11:10:58","02.03.2025 11:11:13","00:00:15","4,53 MB","4,53 MB","1","Full","False"
"PDMTESTDB","MSSQLSERVER","PDMTESTDB",,"MV_LEP_Archiv","01.03.2025 03:41:37","01.03.2025 03:41:45","00:00:08","4,51 MB","4,51 MB","1","Full","False"
"PDMTESTDB","MSSQLSERVER","PDMTESTDB",,"MV_LEP_A3","07.03.2025 05:00:56","07.03.2025 05:01:05","00:00:09","65,09 MB","65,09 MB","1","Full","False"
"PDMTESTDB","MSSQLSERVER","PDMTESTDB",,"MV_LEP_A3","06.03.2025 03:41:52","06.03.2025 03:41:59","00:00:07","65,07 MB","65,07 MB","1","Full","False"
"PDMTESTDB","MSSQLSERVER","PDMTESTDB",,"MV_LEP_A3","05.03.2025 03:42:06","05.03.2025 03:42:14","00:00:08","65,09 MB","65,09 MB","1","Full","False"
"PDMTESTDB","MSSQLSERVER","PDMTESTDB",,"MV_LEP_A3","04.03.2025 03:41:47","04.03.2025 03:41:56","00:00:09","65,07 MB","65,07 MB","1","Full","False"
"PDMTESTDB","MSSQLSERVER","PDMTESTDB",,"MV_LEP_A3","03.03.2025 03:41:40","03.03.2025 03:41:50","00:00:10","65,07 MB","65,07 MB","1","Full","False"
"PDMTESTDB","MSSQLSERVER","PDMTESTDB",,"MV_LEP_A3","02.03.2025 11:10:58","02.03.2025 11:11:13","00:00:15","65,09 MB","65,09 MB","1","Full","False"
"PDMTESTDB","MSSQLSERVER","PDMTESTDB",,"MV_LEP_A3","01.03.2025 03:41:37","01.03.2025 03:41:45","00:00:08","65,07 MB","65,07 MB","1","Full","False"
"PDMTESTDB","MSSQLSERVER","PDMTESTDB",,"MV_LEP_B5","07.03.2025 05:00:57","07.03.2025 05:01:05","00:00:08","23,22 MB","23,22 MB","1","Full","False"
"PDMTESTDB","MSSQLSERVER","PDMTESTDB",,"MV_LEP_B5","06.03.2025 03:41:52","06.03.2025 03:41:59","00:00:07","23,20 MB","23,20 MB","1","Full","False"
"PDMTESTDB","MSSQLSERVER","PDMTESTDB",,"MV_LEP_B5","05.03.2025 03:42:06","05.03.2025 03:42:14","00:00:08","23,22 MB","23,22 MB","1","Full","False"
"PDMTESTDB","MSSQLSERVER","PDMTESTDB",,"MV_LEP_B5","04.03.2025 03:41:47","04.03.2025 03:41:56","00:00:09","23,20 MB","23,20 MB","1","Full","False"
"PDMTESTDB","MSSQLSERVER","PDMTESTDB",,"MV_LEP_B5","03.03.2025 03:41:41","03.03.2025 03:41:50","00:00:09","23,20 MB","23,20 MB","1","Full","False"
"PDMTESTDB","MSSQLSERVER","PDMTESTDB",,"MV_LEP_B5","02.03.2025 11:10:58","02.03.2025 11:11:13","00:00:15","23,22 MB","23,22 MB","1","Full","False"
"PDMTESTDB","MSSQLSERVER","PDMTESTDB",,"MV_LEP_B5","01.03.2025 03:41:38","01.03.2025 03:41:45","00:00:07","23,20 MB","23,20 MB","1","Full","False"
"PDMTESTDB","MSSQLSERVER","PDMTESTDB",,"msdb","07.03.2025 05:00:56","07.03.2025 05:01:05","00:00:09","211,56 MB","211,56 MB","1","Full","False"
"PDMTESTDB","MSSQLSERVER","PDMTESTDB",,"msdb","06.03.2025 03:41:52","06.03.2025 03:41:59","00:00:07","209,18 MB","209,18 MB","1","Full","False"
"PDMTESTDB","MSSQLSERVER","PDMTESTDB",,"msdb","05.03.2025 03:42:05","05.03.2025 03:42:14","00:00:09","209,07 MB","209,07 MB","1","Full","False"
"PDMTESTDB","MSSQLSERVER","PDMTESTDB",,"msdb","04.03.2025 03:41:47","04.03.2025 03:41:56","00:00:09","206,55 MB","206,55 MB","1","Full","False"
"PDMTESTDB","MSSQLSERVER","PDMTESTDB",,"msdb","03.03.2025 03:41:40","03.03.2025 03:41:50","00:00:10","206,37 MB","206,37 MB","1","Full","False"
"PDMTESTDB","MSSQLSERVER","PDMTESTDB",,"msdb","02.03.2025 11:10:57","02.03.2025 11:11:13","00:00:16","206,19 MB","206,19 MB","1","Full","False"
"PDMTESTDB","MSSQLSERVER","PDMTESTDB",,"msdb","01.03.2025 03:41:37","01.03.2025 03:41:45","00:00:08","205,93 MB","205,93 MB","1","Full","False"
"PDMTESTDB","MSSQLSERVER","PDMTESTDB",,"master","07.03.2025 05:00:57","07.03.2025 05:01:05","00:00:08","6,95 MB","6,95 MB","1","Full","False"
"PDMTESTDB","MSSQLSERVER","PDMTESTDB",,"master","06.03.2025 03:41:52","06.03.2025 03:41:59","00:00:07","6,96 MB","6,96 MB","1","Full","False"
"PDMTESTDB","MSSQLSERVER","PDMTESTDB",,"master","05.03.2025 03:42:06","05.03.2025 03:42:14","00:00:08","6,96 MB","6,96 MB","1","Full","False"
"PDMTESTDB","MSSQLSERVER","PDMTESTDB",,"master","04.03.2025 03:41:48","04.03.2025 03:41:56","00:00:08","6,96 MB","6,96 MB","1","Full","False"
"PDMTESTDB","MSSQLSERVER","PDMTESTDB",,"master","03.03.2025 03:41:41","03.03.2025 03:41:50","00:00:09","6,95 MB","6,95 MB","1","Full","False"
"PDMTESTDB","MSSQLSERVER","PDMTESTDB",,"master","02.03.2025 11:10:58","02.03.2025 11:11:13","00:00:15","6,96 MB","6,96 MB","1","Full","False"
"PDMTESTDB","MSSQLSERVER","PDMTESTDB",,"master","01.03.2025 03:41:38","01.03.2025 03:41:45","00:00:07","6,94 MB","6,94 MB","1","Full","False"
"PDMTESTDB","MSSQLSERVER","PDMTESTDB",,"model","07.03.2025 15:41:07","07.03.2025 15:41:07","00:00:00","76,00 KB","76,00 KB","1","Log","False"
"PDMTESTDB","MSSQLSERVER","PDMTESTDB",,"model","07.03.2025 13:41:05","07.03.2025 13:41:05","00:00:00","76,00 KB","76,00 KB","1","Log","False"
"PDMTESTDB","MSSQLSERVER","PDMTESTDB",,"model","07.03.2025 11:41:05","07.03.2025 11:41:05","00:00:00","76,00 KB","76,00 KB","1","Log","False"
"PDMTESTDB","MSSQLSERVER","PDMTESTDB",,"model","07.03.2025 09:41:05","07.03.2025 09:41:05","00:00:00","76,00 KB","76,00 KB","1","Log","False"
"PDMTESTDB","MSSQLSERVER","PDMTESTDB",,"model","07.03.2025 07:41:05","07.03.2025 07:41:05","00:00:00","76,00 KB","76,00 KB","1","Log","False"
"PDMTESTDB","MSSQLSERVER","PDMTESTDB",,"model","07.03.2025 05:41:04","07.03.2025 05:41:04","00:00:00","141,00 KB","141,00 KB","1","Log","False"
"PDMTESTDB","MSSQLSERVER","PDMTESTDB",,"model","07.03.2025 05:00:56","07.03.2025 05:01:05","00:00:09","2,76 MB","2,76 MB","1","Full","False"
"PDMTESTDB","MSSQLSERVER","PDMTESTDB",,"model","07.03.2025 03:41:26","07.03.2025 03:41:26","00:00:00","76,00 KB","76,00 KB","1","Log","False"
"PDMTESTDB","MSSQLSERVER","PDMTESTDB",,"model","07.03.2025 01:41:22","07.03.2025 01:41:22","00:00:00","76,00 KB","76,00 KB","1","Log","False"
"PDMTESTDB","MSSQLSERVER","PDMTESTDB",,"model","06.03.2025 23:41:22","06.03.2025 23:41:22","00:00:00","76,00 KB","76,00 KB","1","Log","False"
"PDMTESTDB","MSSQLSERVER","PDMTESTDB",,"model","06.03.2025 21:41:21","06.03.2025 21:41:21","00:00:00","76,00 KB","76,00 KB","1","Log","False"
"PDMTESTDB","MSSQLSERVER","PDMTESTDB",,"model","06.03.2025 19:41:21","06.03.2025 19:41:21","00:00:00","76,00 KB","76,00 KB","1","Log","False"
"PDMTESTDB","MSSQLSERVER","PDMTESTDB",,"model","06.03.2025 17:41:21","06.03.2025 17:41:21","00:00:00","76,00 KB","76,00 KB","1","Log","False"
"PDMTESTDB","MSSQLSERVER","PDMTESTDB",,"model","06.03.2025 15:41:20","06.03.2025 15:41:20","00:00:00","76,00 KB","76,00 KB","1","Log","False"
"PDMTESTDB","MSSQLSERVER","PDMTESTDB",,"model","06.03.2025 13:41:21","06.03.2025 13:41:21","00:00:00","76,00 KB","76,00 KB","1","Log","False"
"PDMTESTDB","MSSQLSERVER","PDMTESTDB",,"model","06.03.2025 11:53:33","06.03.2025 11:53:33","00:00:00","76,00 KB","76,00 KB","1","Log","False"
"PDMTESTDB","MSSQLSERVER","PDMTESTDB",,"model","06.03.2025 09:41:21","06.03.2025 09:41:21","00:00:00","76,00 KB","76,00 KB","1","Log","False"
"PDMTESTDB","MSSQLSERVER","PDMTESTDB",,"model","06.03.2025 07:41:21","06.03.2025 07:41:21","00:00:00","76,00 KB","76,00 KB","1","Log","False"
"PDMTESTDB","MSSQLSERVER","PDMTESTDB",,"model","06.03.2025 05:41:20","06.03.2025 05:41:20","00:00:00","76,00 KB","76,00 KB","1","Log","False"
"PDMTESTDB","MSSQLSERVER","PDMTESTDB",,"model","06.03.2025 03:42:02","06.03.2025 03:42:02","00:00:00","76,00 KB","76,00 KB","1","Log","False"
"PDMTESTDB","MSSQLSERVER","PDMTESTDB",,"model","06.03.2025 03:41:52","06.03.2025 03:41:59","00:00:07","2,76 MB","2,76 MB","1","Full","False"
"PDMTESTDB","MSSQLSERVER","PDMTESTDB",,"model","06.03.2025 01:40:59","06.03.2025 01:40:59","00:00:00","76,00 KB","76,00 KB","1","Log","False"
"PDMTESTDB","MSSQLSERVER","PDMTESTDB",,"model","05.03.2025 23:40:58","05.03.2025 23:40:58","00:00:00","76,00 KB","76,00 KB","1","Log","False"
"PDMTESTDB","MSSQLSERVER","PDMTESTDB",,"model","05.03.2025 21:40:58","05.03.2025 21:40:58","00:00:00","76,00 KB","76,00 KB","1","Log","False"
"PDMTESTDB","MSSQLSERVER","PDMTESTDB",,"model","05.03.2025 19:40:57","05.03.2025 19:40:57","00:00:00","76,00 KB","76,00 KB","1","Log","False"
"PDMTESTDB","MSSQLSERVER","PDMTESTDB",,"model","05.03.2025 17:40:57","05.03.2025 17:40:57","00:00:00","76,00 KB","76,00 KB","1","Log","False"
"PDMTESTDB","MSSQLSERVER","PDMTESTDB",,"model","05.03.2025 15:40:57","05.03.2025 15:40:57","00:00:00","76,00 KB","76,00 KB","1","Log","False"
"PDMTESTDB","MSSQLSERVER","PDMTESTDB",,"model","05.03.2025 13:40:57","05.03.2025 13:40:57","00:00:00","76,00 KB","76,00 KB","1","Log","False"
"PDMTESTDB","MSSQLSERVER","PDMTESTDB",,"model","05.03.2025 11:40:56","05.03.2025 11:40:56","00:00:00","76,00 KB","76,00 KB","1","Log","False"
"PDMTESTDB","MSSQLSERVER","PDMTESTDB",,"model","05.03.2025 09:40:56","05.03.2025 09:40:56","00:00:00","76,00 KB","76,00 KB","1","Log","False"
"PDMTESTDB","MSSQLSERVER","PDMTESTDB",,"model","05.03.2025 07:40:56","05.03.2025 07:40:56","00:00:00","76,00 KB","76,00 KB","1","Log","False"
"PDMTESTDB","MSSQLSERVER","PDMTESTDB",,"model","05.03.2025 05:40:56","05.03.2025 05:40:56","00:00:00","76,00 KB","76,00 KB","1","Log","False"
"PDMTESTDB","MSSQLSERVER","PDMTESTDB",,"model","05.03.2025 03:42:05","05.03.2025 03:42:14","00:00:09","2,76 MB","2,76 MB","1","Full","False"
"PDMTESTDB","MSSQLSERVER","PDMTESTDB",,"model","05.03.2025 03:41:25","05.03.2025 03:41:25","00:00:00","76,00 KB","76,00 KB","1","Log","False"
"PDMTESTDB","MSSQLSERVER","PDMTESTDB",,"model","05.03.2025 01:41:18","05.03.2025 01:41:18","00:00:00","76,00 KB","76,00 KB","1","Log","False"
"PDMTESTDB","MSSQLSERVER","PDMTESTDB",,"model","04.03.2025 23:41:17","04.03.2025 23:41:17","00:00:00","76,00 KB","76,00 KB","1","Log","False"
"PDMTESTDB","MSSQLSERVER","PDMTESTDB",,"model","04.03.2025 21:41:17","04.03.2025 21:41:17","00:00:00","76,00 KB","76,00 KB","1","Log","False"
"PDMTESTDB","MSSQLSERVER","PDMTESTDB",,"model","04.03.2025 19:41:17","04.03.2025 19:41:17","00:00:00","76,00 KB","76,00 KB","1","Log","False"
"PDMTESTDB","MSSQLSERVER","PDMTESTDB",,"model","04.03.2025 17:41:17","04.03.2025 17:41:17","00:00:00","76,00 KB","76,00 KB","1","Log","False"
"PDMTESTDB","MSSQLSERVER","PDMTESTDB",,"model","04.03.2025 15:41:17","04.03.2025 15:41:17","00:00:00","76,00 KB","76,00 KB","1","Log","False"
"PDMTESTDB","MSSQLSERVER","PDMTESTDB",,"model","04.03.2025 13:41:16","04.03.2025 13:41:16","00:00:00","76,00 KB","76,00 KB","1","Log","False"
"PDMTESTDB","MSSQLSERVER","PDMTESTDB",,"model","04.03.2025 11:41:16","04.03.2025 11:41:16","00:00:00","76,00 KB","76,00 KB","1","Log","False"
"PDMTESTDB","MSSQLSERVER","PDMTESTDB",,"model","04.03.2025 09:49:20","04.03.2025 09:49:20","00:00:00","76,00 KB","76,00 KB","1","Log","False"
"PDMTESTDB","MSSQLSERVER","PDMTESTDB",,"model","04.03.2025 07:41:15","04.03.2025 07:41:15","00:00:00","76,00 KB","76,00 KB","1","Log","False"
"PDMTESTDB","MSSQLSERVER","PDMTESTDB",,"model","04.03.2025 05:41:15","04.03.2025 05:41:15","00:00:00","76,00 KB","76,00 KB","1","Log","False"
"PDMTESTDB","MSSQLSERVER","PDMTESTDB",,"model","04.03.2025 03:42:02","04.03.2025 03:42:02","00:00:00","76,00 KB","76,00 KB","1","Log","False"
"PDMTESTDB","MSSQLSERVER","PDMTESTDB",,"model","04.03.2025 03:41:47","04.03.2025 03:41:56","00:00:09","2,76 MB","2,76 MB","1","Full","False"
"PDMTESTDB","MSSQLSERVER","PDMTESTDB",,"model","04.03.2025 01:40:58","04.03.2025 01:40:58","00:00:00","76,00 KB","76,00 KB","1","Log","False"
"PDMTESTDB","MSSQLSERVER","PDMTESTDB",,"model","03.03.2025 23:40:58","03.03.2025 23:40:58","00:00:00","76,00 KB","76,00 KB","1","Log","False"
"PDMTESTDB","MSSQLSERVER","PDMTESTDB",,"model","03.03.2025 21:41:00","03.03.2025 21:41:00","00:00:00","76,00 KB","76,00 KB","1","Log","False"
"PDMTESTDB","MSSQLSERVER","PDMTESTDB",,"model","03.03.2025 19:41:02","03.03.2025 19:41:02","00:00:00","76,00 KB","76,00 KB","1","Log","False"
"PDMTESTDB","MSSQLSERVER","PDMTESTDB",,"model","03.03.2025 17:40:57","03.03.2025 17:40:57","00:00:00","76,00 KB","76,00 KB","1","Log","False"
"PDMTESTDB","MSSQLSERVER","PDMTESTDB",,"model","03.03.2025 15:40:59","03.03.2025 15:40:59","00:00:00","76,00 KB","76,00 KB","1","Log","False"
"PDMTESTDB","MSSQLSERVER","PDMTESTDB",,"model","03.03.2025 13:40:58","03.03.2025 13:40:58","00:00:00","76,00 KB","76,00 KB","1","Log","False"
"PDMTESTDB","MSSQLSERVER","PDMTESTDB",,"model","03.03.2025 11:40:58","03.03.2025 11:40:58","00:00:00","76,00 KB","76,00 KB","1","Log","False"
"PDMTESTDB","MSSQLSERVER","PDMTESTDB",,"model","03.03.2025 09:40:58","03.03.2025 09:40:58","00:00:00","76,00 KB","76,00 KB","1","Log","False"
"PDMTESTDB","MSSQLSERVER","PDMTESTDB",,"model","03.03.2025 07:40:57","03.03.2025 07:40:57","00:00:00","76,00 KB","76,00 KB","1","Log","False"
"PDMTESTDB","MSSQLSERVER","PDMTESTDB",,"model","03.03.2025 05:40:57","03.03.2025 05:40:57","00:00:00","76,00 KB","76,00 KB","1","Log","False"
"PDMTESTDB","MSSQLSERVER","PDMTESTDB",,"model","03.03.2025 03:41:53","03.03.2025 03:41:53","00:00:00","76,00 KB","76,00 KB","1","Log","False"
"PDMTESTDB","MSSQLSERVER","PDMTESTDB",,"model","03.03.2025 03:41:40","03.03.2025 03:41:50","00:00:10","2,76 MB","2,76 MB","1","Full","False"
"PDMTESTDB","MSSQLSERVER","PDMTESTDB",,"model","03.03.2025 01:41:14","03.03.2025 01:41:14","00:00:00","76,00 KB","76,00 KB","1","Log","False"
"PDMTESTDB","MSSQLSERVER","PDMTESTDB",,"model","02.03.2025 23:41:13","02.03.2025 23:41:13","00:00:00","76,00 KB","76,00 KB","1","Log","False"
"PDMTESTDB","MSSQLSERVER","PDMTESTDB",,"model","02.03.2025 21:41:13","02.03.2025 21:41:13","00:00:00","76,00 KB","76,00 KB","1","Log","False"
"PDMTESTDB","MSSQLSERVER","PDMTESTDB",,"model","02.03.2025 19:41:13","02.03.2025 19:41:13","00:00:00","76,00 KB","76,00 KB","1","Log","False"
"PDMTESTDB","MSSQLSERVER","PDMTESTDB",,"model","02.03.2025 17:41:13","02.03.2025 17:41:13","00:00:00","76,00 KB","76,00 KB","1","Log","False"
"PDMTESTDB","MSSQLSERVER","PDMTESTDB",,"model","02.03.2025 15:41:14","02.03.2025 15:41:14","00:00:00","76,00 KB","76,00 KB","1","Log","False"
"PDMTESTDB","MSSQLSERVER","PDMTESTDB",,"model","02.03.2025 13:41:12","02.03.2025 13:41:12","00:00:00","76,00 KB","76,00 KB","1","Log","False"
"PDMTESTDB","MSSQLSERVER","PDMTESTDB",,"model","02.03.2025 11:41:12","02.03.2025 11:41:12","00:00:00","76,00 KB","76,00 KB","1","Log","False"
"PDMTESTDB","MSSQLSERVER","PDMTESTDB",,"model","02.03.2025 11:10:57","02.03.2025 11:11:13","00:00:16","2,76 MB","2,76 MB","1","Full","False"
"PDMTESTDB","MSSQLSERVER","PDMTESTDB",,"model","02.03.2025 09:45:34","02.03.2025 09:45:34","00:00:00","76,00 KB","76,00 KB","1","Log","False"
"PDMTESTDB","MSSQLSERVER","PDMTESTDB",,"model","02.03.2025 07:41:15","02.03.2025 07:41:15","00:00:00","76,00 KB","76,00 KB","1","Log","False"
"PDMTESTDB","MSSQLSERVER","PDMTESTDB",,"model","02.03.2025 05:41:15","02.03.2025 05:41:15","00:00:00","76,00 KB","76,00 KB","1","Log","False"
"PDMTESTDB","MSSQLSERVER","PDMTESTDB",,"model","02.03.2025 03:41:42","02.03.2025 03:41:42","00:00:00","76,00 KB","76,00 KB","1","Log","False"
"PDMTESTDB","MSSQLSERVER","PDMTESTDB",,"model","02.03.2025 01:41:09","02.03.2025 01:41:09","00:00:00","76,00 KB","76,00 KB","1","Log","False"
"PDMTESTDB","MSSQLSERVER","PDMTESTDB",,"model","01.03.2025 23:41:09","01.03.2025 23:41:09","00:00:00","76,00 KB","76,00 KB","1","Log","False"
"PDMTESTDB","MSSQLSERVER","PDMTESTDB",,"model","01.03.2025 21:41:12","01.03.2025 21:41:12","00:00:00","76,00 KB","76,00 KB","1","Log","False"
"PDMTESTDB","MSSQLSERVER","PDMTESTDB",,"model","01.03.2025 19:41:08","01.03.2025 19:41:08","00:00:00","76,00 KB","76,00 KB","1","Log","False"
"PDMTESTDB","MSSQLSERVER","PDMTESTDB",,"model","01.03.2025 17:41:08","01.03.2025 17:41:08","00:00:00","76,00 KB","76,00 KB","1","Log","False"
"PDMTESTDB","MSSQLSERVER","PDMTESTDB",,"model","01.03.2025 15:41:08","01.03.2025 15:41:08","00:00:00","76,00 KB","76,00 KB","1","Log","False"
"PDMTESTDB","MSSQLSERVER","PDMTESTDB",,"model","01.03.2025 13:41:08","01.03.2025 13:41:08","00:00:00","76,00 KB","76,00 KB","1","Log","False"
"PDMTESTDB","MSSQLSERVER","PDMTESTDB",,"model","01.03.2025 11:41:07","01.03.2025 11:41:07","00:00:00","76,00 KB","76,00 KB","1","Log","False"
"PDMTESTDB","MSSQLSERVER","PDMTESTDB",,"model","01.03.2025 09:41:08","01.03.2025 09:41:08","00:00:00","76,00 KB","76,00 KB","1","Log","False"
"PDMTESTDB","MSSQLSERVER","PDMTESTDB",,"model","01.03.2025 07:41:07","01.03.2025 07:41:07","00:00:00","76,00 KB","76,00 KB","1","Log","False"
"PDMTESTDB","MSSQLSERVER","PDMTESTDB",,"model","01.03.2025 05:41:07","01.03.2025 05:41:07","00:00:00","76,00 KB","76,00 KB","1","Log","False"
"PDMTESTDB","MSSQLSERVER","PDMTESTDB",,"model","01.03.2025 03:41:48","01.03.2025 03:41:48","00:00:00","76,00 KB","76,00 KB","1","Log","False"
"PDMTESTDB","MSSQLSERVER","PDMTESTDB",,"model","01.03.2025 03:41:37","01.03.2025 03:41:45","00:00:08","2,76 MB","2,76 MB","1","Full","False"
"PDMTESTDB","MSSQLSERVER","PDMTESTDB",,"model","01.03.2025 01:41:10","01.03.2025 01:41:10","00:00:00","76,00 KB","76,00 KB","1","Log","False"
"PDMTESTDB","MSSQLSERVER","PDMTESTDB",,"model","28.02.2025 23:41:10","28.02.2025 23:41:10","00:00:00","76,00 KB","76,00 KB","1","Log","False"
"PDMTESTDB","MSSQLSERVER","PDMTESTDB",,"model","28.02.2025 21:41:10","28.02.2025 21:41:10","00:00:00","76,00 KB","76,00 KB","1","Log","False"
"PDMTESTDB","MSSQLSERVER","PDMTESTDB",,"model","28.02.2025 19:41:09","28.02.2025 19:41:09","00:00:00","76,00 KB","76,00 KB","1","Log","False"
"PDMTESTDB","MSSQLSERVER","PDMTESTDB",,"model","28.02.2025 17:41:09","28.02.2025 17:41:09","00:00:00","76,00 KB","76,00 KB","1","Log","False"
