#TYPE Selected.Microsoft.SqlServer.Management.Smo.Login
"ComputerName","InstanceName","SqlInstance","Name","DefaultDatabase","IsDisabled","IsLocked","IsPasswordExpired","LoginType"
"PDMTESTDB","MSSQLSERVER","PDMTESTDB","##MS_PolicyEventProcessingLogin##","master","True","False","False","SqlLogin"
"PDMTESTDB","MSSQLSERVER","PDMTESTDB","##MS_PolicyTsqlExecutionLogin##","master","True","False","False","SqlLogin"
"PDMTESTDB","MSSQLSERVER","PDMTESTDB","BUILTIN\Administrators","master","False",,,"WindowsGroup"
"PDMTESTDB","MSSQLSERVER","PDMTESTDB","INTRA\admDP6","master","False",,,"WindowsUser"
"PDMTESTDB","MSSQLSERVER","PDMTESTDB","INTRA\ADMidlM","master","False",,,"WindowsUser"
"PDMTESTDB","MSSQLSERVER","PDMTESTDB","INTRA\admLC","master","False",,,"WindowsUser"
"PDMTESTDB","MSSQLSERVER","PDMTESTDB","INTRA\admPDMS","master","False",,,"WindowsUser"
"PDMTESTDB","MSSQLSERVER","PDMTESTDB","INTRA\admvt","master","False",,,"WindowsUser"
"PDMTESTDB","MSSQLSERVER","PDMTESTDB","mv_bip","MV_LEP","False","False","False","SqlLogin"
"PDMTESTDB","MSSQLSERVER","PDMTESTDB","mv_lep","MV_LEP","False","False","False","SqlLogin"
"PDMTESTDB","MSSQLSERVER","PDMTESTDB","mv_statistik","master","False","False","False","SqlLogin"
"PDMTESTDB","MSSQLSERVER","PDMTESTDB","mvadmin","master","False","False","False","SqlLogin"
"PDMTESTDB","MSSQLSERVER","PDMTESTDB","mvuser","master","False","False","False","SqlLogin"
"PDMTESTDB","MSSQLSERVER","PDMTESTDB","NT AUTHORITY\SYSTEM","master","False",,,"WindowsUser"
"PDMTESTDB","MSSQLSERVER","PDMTESTDB","NT SERVICE\MSSQLSERVER","master","False",,,"WindowsUser"
"PDMTESTDB","MSSQLSERVER","PDMTESTDB","NT SERVICE\SQLSERVERAGENT","master","False",,,"WindowsUser"
"PDMTESTDB","MSSQLSERVER","PDMTESTDB","NT SERVICE\SQLWriter","master","False",,,"WindowsUser"
"PDMTESTDB","MSSQLSERVER","PDMTESTDB","NT SERVICE\Winmgmt","master","False",,,"WindowsUser"
"PDMTESTDB","MSSQLSERVER","PDMTESTDB","PDMTESTDB\sql-admin","master","False",,,"WindowsGroup"
"PDMTESTDB","MSSQLSERVER","PDMTESTDB","sa","master","False","False","False","SqlLogin"
