#TYPE Selected.System.Management.Automation.PSCustomObject
"ServerName","ComputerName","InstanceName","SqlInstance","Name","DisplayName","Description","ConfiguredValue","RunningValue","DefaultValue","IsRunningDefaultValue"
"PDMTESTDB","PDMTESTDB","MSSQLSERVER","PDMTESTDB","ReplicationMaxTextSize","max text repl size (B)","Maximum size of a text field in replication.","2147483647","2147483647","65536","False"
"PDMTESTDB","PDMTESTDB","MSSQLSERVER","PDMTESTDB","MinServerMemory","min server memory (MB)","Minimum size of server memory (MB)","6656","6656","0","False"
"PDMTESTDB","PDMTESTDB","MSSQLSERVER","PDMTESTDB","MaxServerMemory","max server memory (MB)","Maximum size of server memory (MB)","13312","13312","2147483647","False"
"PDMTESTDB","PDMTESTDB","MSSQLSERVER","PDMTESTDB","AgentXPsEnabled","Agent XPs","Enable or disable Agent XPs","1","1","0","False"
