#TYPE Selected.System.Management.Automation.PSCustomObject
"ComputerName","InstanceName","SqlInstance","Object","Type","Member","RoleSecurableClass"
"PDMTESTDB","MSSQLSERVER","PDMTESTDB","SERVER","SERVER LOGINS","sa","sysadmin"
"PDMTESTDB","MSSQLSERVER","PDMTESTDB","SERVER","SERVER LOGINS","INTRA\admvt","sysadmin"
"PDMTESTDB","MSSQLSERVER","PDMTESTDB","SERVER","SERVER LOGINS","BUILTIN\Administrators","sysadmin"
"PDMTESTDB","MSSQLSERVER","PDMTESTDB","SERVER","SERVER LOGINS","INTRA\admDP6","sysadmin"
"PDMTESTDB","MSSQLSERVER","PDMTESTDB","SERVER","SERVER LOGINS","mvadmin","sysadmin"
"PDMTESTDB","MSSQLSERVER","PDMTESTDB","SERVER","SERVER LOGINS","mvuser","None"
"PDMTESTDB","MSSQLSERVER","PDMTESTDB","SERVER","SERVER LOGINS","mv_statistik","None"
"PDMTESTDB","MSSQLSERVER","PDMTESTDB","SERVER","SERVER LOGINS","mv_bip","None"
"PDMTESTDB","MSSQLSERVER","PDMTESTDB","SERVER","SERVER LOGINS","mv_lep","None"
"PDMTESTDB","MSSQLSERVER","PDMTESTDB","SERVER","SERVER LOGINS","INTRA\admPDMS","sysadmin"
"PDMTESTDB","MSSQLSERVER","PDMTESTDB","SERVER","SERVER LOGINS","INTRA\admPDMS","securityadmin"
"PDMTESTDB","MSSQLSERVER","PDMTESTDB","SERVER","SERVER LOGINS","INTRA\admPDMS","serveradmin"
"PDMTESTDB","MSSQLSERVER","PDMTESTDB","SERVER","SERVER LOGINS","INTRA\admPDMS","setupadmin"
"PDMTESTDB","MSSQLSERVER","PDMTESTDB","SERVER","SERVER LOGINS","INTRA\admPDMS","dbcreator"
"PDMTESTDB","MSSQLSERVER","PDMTESTDB","SERVER","SERVER LOGINS","INTRA\ADMidlM","sysadmin"
"PDMTESTDB","MSSQLSERVER","PDMTESTDB","SERVER","SERVER LOGINS","INTRA\admLC","None"
"PDMTESTDB","MSSQLSERVER","PDMTESTDB","SERVER","SERVER LOGINS","PDMTESTDB\sql-admin","None"
"PDMTESTDB","MSSQLSERVER","PDMTESTDB","KGU_ARCHIVE1","DB ROLE MEMBERS","mv_statistik","db_datareader"
"PDMTESTDB","MSSQLSERVER","PDMTESTDB","KGU_ARCHIVE1","DB ROLE MEMBERS","mvsup","db_datareader"
"PDMTESTDB","MSSQLSERVER","PDMTESTDB","KGU_ARCHIVE1","DB ROLE MEMBERS","mvsupport","db_datareader"
"PDMTESTDB","MSSQLSERVER","PDMTESTDB","KGU_ARCHIVE1","DB ROLE MEMBERS","lep_test","db_datareader"
"PDMTESTDB","MSSQLSERVER","PDMTESTDB","KGU_ARCHIVE1","DB ROLE MEMBERS","ukgab","db_securityadmin"
"PDMTESTDB","MSSQLSERVER","PDMTESTDB","KGU_ARCHIVE1","DB ROLE MEMBERS","ukgab","db_datareader"
"PDMTESTDB","MSSQLSERVER","PDMTESTDB","KGU_ARCHIVE1","DB ROLE MEMBERS","ukgab","db_datawriter"
"PDMTESTDB","MSSQLSERVER","PDMTESTDB","KGU_ARCHIVE1","DB ROLE MEMBERS","INTRA\MOverath","db_datareader"
"PDMTESTDB","MSSQLSERVER","PDMTESTDB","KGU_ARCHIVE1","DB ROLE MEMBERS","INTRA\admsd","db_datareader"
"PDMTESTDB","MSSQLSERVER","PDMTESTDB","KGU_ARCHIVE1","DB ROLE MEMBERS","INTRA\VTheis","db_datareader"
"PDMTESTDB","MSSQLSERVER","PDMTESTDB","KGU_ARCHIVE1","DB ROLE MEMBERS","INTRA\admaa","db_datareader"
"PDMTESTDB","MSSQLSERVER","PDMTESTDB","KGU_ARCHIVE1","DB ROLE MEMBERS","mvadmin","db_owner"
"PDMTESTDB","MSSQLSERVER","PDMTESTDB","KGU_ARCHIVE1","DB ROLE MEMBERS","mvuser","db_datareader"
"PDMTESTDB","MSSQLSERVER","PDMTESTDB","KGU_ARCHIVE1","DB ROLE MEMBERS","dbo","db_owner"
"PDMTESTDB","MSSQLSERVER","PDMTESTDB","KGU_ARCHIVE2_DIZ","DB ROLE MEMBERS","mv_statistik","db_datareader"
"PDMTESTDB","MSSQLSERVER","PDMTESTDB","KGU_ARCHIVE2_DIZ","DB ROLE MEMBERS","mvsup","db_datareader"
"PDMTESTDB","MSSQLSERVER","PDMTESTDB","KGU_ARCHIVE2_DIZ","DB ROLE MEMBERS","mvsupport","db_datareader"
"PDMTESTDB","MSSQLSERVER","PDMTESTDB","KGU_ARCHIVE2_DIZ","DB ROLE MEMBERS","lep_test","db_datareader"
"PDMTESTDB","MSSQLSERVER","PDMTESTDB","KGU_ARCHIVE2_DIZ","DB ROLE MEMBERS","ukgab","db_securityadmin"
"PDMTESTDB","MSSQLSERVER","PDMTESTDB","KGU_ARCHIVE2_DIZ","DB ROLE MEMBERS","ukgab","db_datareader"
"PDMTESTDB","MSSQLSERVER","PDMTESTDB","KGU_ARCHIVE2_DIZ","DB ROLE MEMBERS","ukgab","db_datawriter"
"PDMTESTDB","MSSQLSERVER","PDMTESTDB","KGU_ARCHIVE2_DIZ","DB ROLE MEMBERS","INTRA\MOverath","db_datareader"
"PDMTESTDB","MSSQLSERVER","PDMTESTDB","KGU_ARCHIVE2_DIZ","DB ROLE MEMBERS","INTRA\admsd","db_datareader"
"PDMTESTDB","MSSQLSERVER","PDMTESTDB","KGU_ARCHIVE2_DIZ","DB ROLE MEMBERS","INTRA\VTheis","db_datareader"
"PDMTESTDB","MSSQLSERVER","PDMTESTDB","KGU_ARCHIVE2_DIZ","DB ROLE MEMBERS","INTRA\admaa","db_datareader"
"PDMTESTDB","MSSQLSERVER","PDMTESTDB","KGU_ARCHIVE2_DIZ","DB ROLE MEMBERS","mvadmin","db_owner"
"PDMTESTDB","MSSQLSERVER","PDMTESTDB","KGU_ARCHIVE2_DIZ","DB ROLE MEMBERS","mvuser","db_datareader"
"PDMTESTDB","MSSQLSERVER","PDMTESTDB","KGU_ARCHIVE2_DIZ","DB ROLE MEMBERS","dbo","db_owner"
"PDMTESTDB","MSSQLSERVER","PDMTESTDB","KGU_EMPI","DB ROLE MEMBERS","dbo","db_owner"
"PDMTESTDB","MSSQLSERVER","PDMTESTDB","KGU_EMPI","DB ROLE MEMBERS","mvadmin","db_owner"
"PDMTESTDB","MSSQLSERVER","PDMTESTDB","KGU_EMPI","DB ROLE MEMBERS","ukgab","db_securityadmin"
"PDMTESTDB","MSSQLSERVER","PDMTESTDB","KGU_EMPI","DB ROLE MEMBERS","mvsrv","db_securityadmin"
"PDMTESTDB","MSSQLSERVER","PDMTESTDB","KGU_EMPI","DB ROLE MEMBERS","mvuser","db_datareader"
"PDMTESTDB","MSSQLSERVER","PDMTESTDB","KGU_EMPI","DB ROLE MEMBERS","INTRA\VTheis","db_datareader"
"PDMTESTDB","MSSQLSERVER","PDMTESTDB","KGU_EMPI","DB ROLE MEMBERS","ukgab","db_datareader"
"PDMTESTDB","MSSQLSERVER","PDMTESTDB","KGU_EMPI","DB ROLE MEMBERS","lep_test","db_datareader"
"PDMTESTDB","MSSQLSERVER","PDMTESTDB","KGU_EMPI","DB ROLE MEMBERS","mvsupport","db_datareader"
"PDMTESTDB","MSSQLSERVER","PDMTESTDB","KGU_EMPI","DB ROLE MEMBERS","mvsup","db_datareader"
"PDMTESTDB","MSSQLSERVER","PDMTESTDB","KGU_EMPI","DB ROLE MEMBERS","ukgab","db_datawriter"
"PDMTESTDB","MSSQLSERVER","PDMTESTDB","KGU_Test_EMPI","DB ROLE MEMBERS","dbo","db_owner"
"PDMTESTDB","MSSQLSERVER","PDMTESTDB","KGU_Test_EMPI","DB ROLE MEMBERS","mvadmin","db_owner"
"PDMTESTDB","MSSQLSERVER","PDMTESTDB","KGU_Test_EMPI","DB ROLE MEMBERS","ukgab","db_securityadmin"
"PDMTESTDB","MSSQLSERVER","PDMTESTDB","KGU_Test_EMPI","DB ROLE MEMBERS","mvsrv","db_securityadmin"
"PDMTESTDB","MSSQLSERVER","PDMTESTDB","KGU_Test_EMPI","DB ROLE MEMBERS","mvuser","db_datareader"
"PDMTESTDB","MSSQLSERVER","PDMTESTDB","KGU_Test_EMPI","DB ROLE MEMBERS","INTRA\VTheis","db_datareader"
"PDMTESTDB","MSSQLSERVER","PDMTESTDB","KGU_Test_EMPI","DB ROLE MEMBERS","ukgab","db_datareader"
"PDMTESTDB","MSSQLSERVER","PDMTESTDB","KGU_Test_EMPI","DB ROLE MEMBERS","lep_test","db_datareader"
"PDMTESTDB","MSSQLSERVER","PDMTESTDB","KGU_Test_EMPI","DB ROLE MEMBERS","mvsupport","db_datareader"
"PDMTESTDB","MSSQLSERVER","PDMTESTDB","KGU_Test_EMPI","DB ROLE MEMBERS","mvsup","db_datareader"
"PDMTESTDB","MSSQLSERVER","PDMTESTDB","KGU_Test_EMPI","DB ROLE MEMBERS","ukgab","db_datawriter"
"PDMTESTDB","MSSQLSERVER","PDMTESTDB","KGU_Test_EMPI_HF","DB ROLE MEMBERS","dbo","db_owner"
"PDMTESTDB","MSSQLSERVER","PDMTESTDB","KGU_Test_EMPI_HF","DB ROLE MEMBERS","mvadmin","db_owner"
"PDMTESTDB","MSSQLSERVER","PDMTESTDB","KGU_Test_EMPI_HF","DB ROLE MEMBERS","ukgab","db_securityadmin"
"PDMTESTDB","MSSQLSERVER","PDMTESTDB","KGU_Test_EMPI_HF","DB ROLE MEMBERS","mvsrv","db_securityadmin"
"PDMTESTDB","MSSQLSERVER","PDMTESTDB","KGU_Test_EMPI_HF","DB ROLE MEMBERS","mvuser","db_datareader"
"PDMTESTDB","MSSQLSERVER","PDMTESTDB","KGU_Test_EMPI_HF","DB ROLE MEMBERS","INTRA\VTheis","db_datareader"
"PDMTESTDB","MSSQLSERVER","PDMTESTDB","KGU_Test_EMPI_HF","DB ROLE MEMBERS","ukgab","db_datareader"
"PDMTESTDB","MSSQLSERVER","PDMTESTDB","KGU_Test_EMPI_HF","DB ROLE MEMBERS","lep_test","db_datareader"
"PDMTESTDB","MSSQLSERVER","PDMTESTDB","KGU_Test_EMPI_HF","DB ROLE MEMBERS","mvsupport","db_datareader"
"PDMTESTDB","MSSQLSERVER","PDMTESTDB","KGU_Test_EMPI_HF","DB ROLE MEMBERS","mvsup","db_datareader"
"PDMTESTDB","MSSQLSERVER","PDMTESTDB","KGU_Test_EMPI_HF","DB ROLE MEMBERS","ukgab","db_datawriter"
"PDMTESTDB","MSSQLSERVER","PDMTESTDB","KGU_Test_PROD","DB ROLE MEMBERS","mvsup","db_datareader"
"PDMTESTDB","MSSQLSERVER","PDMTESTDB","KGU_Test_PROD","DB ROLE MEMBERS","mvsupport","db_datareader"
"PDMTESTDB","MSSQLSERVER","PDMTESTDB","KGU_Test_PROD","DB ROLE MEMBERS","mvsrv","db_securityadmin"
"PDMTESTDB","MSSQLSERVER","PDMTESTDB","KGU_Test_PROD","DB ROLE MEMBERS","lep_test","db_datareader"
"PDMTESTDB","MSSQLSERVER","PDMTESTDB","KGU_Test_PROD","DB ROLE MEMBERS","ukgab","db_securityadmin"
"PDMTESTDB","MSSQLSERVER","PDMTESTDB","KGU_Test_PROD","DB ROLE MEMBERS","ukgab","db_datareader"
"PDMTESTDB","MSSQLSERVER","PDMTESTDB","KGU_Test_PROD","DB ROLE MEMBERS","ukgab","db_datawriter"
"PDMTESTDB","MSSQLSERVER","PDMTESTDB","KGU_Test_PROD","DB ROLE MEMBERS","INTRA\admms","db_datareader"
"PDMTESTDB","MSSQLSERVER","PDMTESTDB","KGU_Test_PROD","DB ROLE MEMBERS","INTRA\admms","db_datawriter"
"PDMTESTDB","MSSQLSERVER","PDMTESTDB","KGU_Test_PROD","DB ROLE MEMBERS","INTRA\MOverath","db_datareader"
"PDMTESTDB","MSSQLSERVER","PDMTESTDB","KGU_Test_PROD","DB ROLE MEMBERS","INTRA\admsd","db_datareader"
"PDMTESTDB","MSSQLSERVER","PDMTESTDB","KGU_Test_PROD","DB ROLE MEMBERS","INTRA\VTheis","db_datareader"
"PDMTESTDB","MSSQLSERVER","PDMTESTDB","KGU_Test_PROD","DB ROLE MEMBERS","INTRA\admaa","db_datareader"
"PDMTESTDB","MSSQLSERVER","PDMTESTDB","KGU_Test_PROD","DB ROLE MEMBERS","mvadmin","db_owner"
"PDMTESTDB","MSSQLSERVER","PDMTESTDB","KGU_Test_PROD","DB ROLE MEMBERS","mvuser","db_datareader"
"PDMTESTDB","MSSQLSERVER","PDMTESTDB","KGU_Test_PROD","DB ROLE MEMBERS","dbo","db_owner"
"PDMTESTDB","MSSQLSERVER","PDMTESTDB","KGU_Test_PROD_HF","DB ROLE MEMBERS","mvsup","db_datareader"
"PDMTESTDB","MSSQLSERVER","PDMTESTDB","KGU_Test_PROD_HF","DB ROLE MEMBERS","mvsupport","db_datareader"
"PDMTESTDB","MSSQLSERVER","PDMTESTDB","KGU_Test_PROD_HF","DB ROLE MEMBERS","mvsrv","db_securityadmin"
"PDMTESTDB","MSSQLSERVER","PDMTESTDB","KGU_Test_PROD_HF","DB ROLE MEMBERS","lep_test","db_datareader"
"PDMTESTDB","MSSQLSERVER","PDMTESTDB","KGU_Test_PROD_HF","DB ROLE MEMBERS","ukgab","db_securityadmin"
"PDMTESTDB","MSSQLSERVER","PDMTESTDB","KGU_Test_PROD_HF","DB ROLE MEMBERS","ukgab","db_datareader"
"PDMTESTDB","MSSQLSERVER","PDMTESTDB","KGU_Test_PROD_HF","DB ROLE MEMBERS","ukgab","db_datawriter"
"PDMTESTDB","MSSQLSERVER","PDMTESTDB","KGU_Test_PROD_HF","DB ROLE MEMBERS","INTRA\admms","db_datareader"
"PDMTESTDB","MSSQLSERVER","PDMTESTDB","KGU_Test_PROD_HF","DB ROLE MEMBERS","INTRA\admms","db_datawriter"
"PDMTESTDB","MSSQLSERVER","PDMTESTDB","KGU_Test_PROD_HF","DB ROLE MEMBERS","INTRA\MOverath","db_datareader"
"PDMTESTDB","MSSQLSERVER","PDMTESTDB","KGU_Test_PROD_HF","DB ROLE MEMBERS","INTRA\admsd","db_datareader"
"PDMTESTDB","MSSQLSERVER","PDMTESTDB","KGU_Test_PROD_HF","DB ROLE MEMBERS","INTRA\VTheis","db_datareader"
"PDMTESTDB","MSSQLSERVER","PDMTESTDB","KGU_Test_PROD_HF","DB ROLE MEMBERS","INTRA\admaa","db_datareader"
"PDMTESTDB","MSSQLSERVER","PDMTESTDB","KGU_Test_PROD_HF","DB ROLE MEMBERS","mvadmin","db_owner"
"PDMTESTDB","MSSQLSERVER","PDMTESTDB","KGU_Test_PROD_HF","DB ROLE MEMBERS","mvuser","db_datareader"
"PDMTESTDB","MSSQLSERVER","PDMTESTDB","KGU_Test_PROD_HF","DB ROLE MEMBERS","dbo","db_owner"
"PDMTESTDB","MSSQLSERVER","PDMTESTDB","MV_LEP","DB ROLE MEMBERS","dbo","db_owner"
"PDMTESTDB","MSSQLSERVER","PDMTESTDB","MV_LEP","DB ROLE MEMBERS","INTRA\VTheis","db_datareader"
"PDMTESTDB","MSSQLSERVER","PDMTESTDB","MV_LEP","DB ROLE MEMBERS","ukgab","db_datareader"
"PDMTESTDB","MSSQLSERVER","PDMTESTDB","MV_LEP","DB ROLE MEMBERS","lep_gl","db_datareader"
"PDMTESTDB","MSSQLSERVER","PDMTESTDB","MV_LEP","DB ROLE MEMBERS","mvsupport","db_datareader"
"PDMTESTDB","MSSQLSERVER","PDMTESTDB","MV_LEP","DB ROLE MEMBERS","mvsys","db_datareader"
"PDMTESTDB","MSSQLSERVER","PDMTESTDB","MV_LEP","DB ROLE MEMBERS","mvsup","db_datareader"
"PDMTESTDB","MSSQLSERVER","PDMTESTDB","MV_LEP","DB ROLE MEMBERS","lep_test","db_datareader"
"PDMTESTDB","MSSQLSERVER","PDMTESTDB","MV_LEP","DB ROLE MEMBERS","mv_bip","db_datareader"
"PDMTESTDB","MSSQLSERVER","PDMTESTDB","MV_LEP","DB ROLE MEMBERS","mv_statistik","db_datareader"
"PDMTESTDB","MSSQLSERVER","PDMTESTDB","MV_LEP","DB ROLE MEMBERS","ukgab","db_datawriter"
"PDMTESTDB","MSSQLSERVER","PDMTESTDB","MV_LEP","DB ROLE MEMBERS","mvsys","db_datawriter"
"PDMTESTDB","MSSQLSERVER","PDMTESTDB","MV_LEP_A3","DB ROLE MEMBERS","dbo","db_owner"
"PDMTESTDB","MSSQLSERVER","PDMTESTDB","MV_LEP_A3","DB ROLE MEMBERS","INTRA\VTheis","db_datareader"
"PDMTESTDB","MSSQLSERVER","PDMTESTDB","MV_LEP_A3","DB ROLE MEMBERS","ukgab","db_datareader"
"PDMTESTDB","MSSQLSERVER","PDMTESTDB","MV_LEP_A3","DB ROLE MEMBERS","lep_gl","db_datareader"
"PDMTESTDB","MSSQLSERVER","PDMTESTDB","MV_LEP_A3","DB ROLE MEMBERS","mvsupport","db_datareader"
"PDMTESTDB","MSSQLSERVER","PDMTESTDB","MV_LEP_A3","DB ROLE MEMBERS","mvsys","db_datareader"
"PDMTESTDB","MSSQLSERVER","PDMTESTDB","MV_LEP_A3","DB ROLE MEMBERS","mvsup","db_datareader"
"PDMTESTDB","MSSQLSERVER","PDMTESTDB","MV_LEP_A3","DB ROLE MEMBERS","lep_test","db_datareader"
"PDMTESTDB","MSSQLSERVER","PDMTESTDB","MV_LEP_A3","DB ROLE MEMBERS","mv_bip","db_datareader"
"PDMTESTDB","MSSQLSERVER","PDMTESTDB","MV_LEP_A3","DB ROLE MEMBERS","ukgab","db_datawriter"
"PDMTESTDB","MSSQLSERVER","PDMTESTDB","MV_LEP_A3","DB ROLE MEMBERS","mvsys","db_datawriter"
"PDMTESTDB","MSSQLSERVER","PDMTESTDB","MV_LEP_alt","DB ROLE MEMBERS","dbo","db_owner"
"PDMTESTDB","MSSQLSERVER","PDMTESTDB","MV_LEP_alt","DB ROLE MEMBERS","INTRA\VTheis","db_datareader"
"PDMTESTDB","MSSQLSERVER","PDMTESTDB","MV_LEP_alt","DB ROLE MEMBERS","ukgab","db_datareader"
"PDMTESTDB","MSSQLSERVER","PDMTESTDB","MV_LEP_alt","DB ROLE MEMBERS","lep_gl","db_datareader"
"PDMTESTDB","MSSQLSERVER","PDMTESTDB","MV_LEP_alt","DB ROLE MEMBERS","mvsupport","db_datareader"
"PDMTESTDB","MSSQLSERVER","PDMTESTDB","MV_LEP_alt","DB ROLE MEMBERS","mvsys","db_datareader"
"PDMTESTDB","MSSQLSERVER","PDMTESTDB","MV_LEP_alt","DB ROLE MEMBERS","mvsup","db_datareader"
"PDMTESTDB","MSSQLSERVER","PDMTESTDB","MV_LEP_alt","DB ROLE MEMBERS","lep_test","db_datareader"
"PDMTESTDB","MSSQLSERVER","PDMTESTDB","MV_LEP_alt","DB ROLE MEMBERS","mv_bip","db_datareader"
"PDMTESTDB","MSSQLSERVER","PDMTESTDB","MV_LEP_alt","DB ROLE MEMBERS","mv_statistik","db_datareader"
"PDMTESTDB","MSSQLSERVER","PDMTESTDB","MV_LEP_alt","DB ROLE MEMBERS","ukgab","db_datawriter"
"PDMTESTDB","MSSQLSERVER","PDMTESTDB","MV_LEP_alt","DB ROLE MEMBERS","mvsys","db_datawriter"
"PDMTESTDB","MSSQLSERVER","PDMTESTDB","MV_LEP_Archiv","DB ROLE MEMBERS","dbo","db_owner"
"PDMTESTDB","MSSQLSERVER","PDMTESTDB","MV_LEP_Archiv","DB ROLE MEMBERS","INTRA\VTheis","db_datareader"
"PDMTESTDB","MSSQLSERVER","PDMTESTDB","MV_LEP_Archiv","DB ROLE MEMBERS","ukgab","db_datareader"
"PDMTESTDB","MSSQLSERVER","PDMTESTDB","MV_LEP_Archiv","DB ROLE MEMBERS","lep_gl","db_datareader"
"PDMTESTDB","MSSQLSERVER","PDMTESTDB","MV_LEP_Archiv","DB ROLE MEMBERS","mvsupport","db_datareader"
"PDMTESTDB","MSSQLSERVER","PDMTESTDB","MV_LEP_Archiv","DB ROLE MEMBERS","mvsys","db_datareader"
"PDMTESTDB","MSSQLSERVER","PDMTESTDB","MV_LEP_Archiv","DB ROLE MEMBERS","mvsup","db_datareader"
"PDMTESTDB","MSSQLSERVER","PDMTESTDB","MV_LEP_Archiv","DB ROLE MEMBERS","lep_test","db_datareader"
"PDMTESTDB","MSSQLSERVER","PDMTESTDB","MV_LEP_Archiv","DB ROLE MEMBERS","mv_bip","db_datareader"
"PDMTESTDB","MSSQLSERVER","PDMTESTDB","MV_LEP_Archiv","DB ROLE MEMBERS","mv_statistik","db_datareader"
"PDMTESTDB","MSSQLSERVER","PDMTESTDB","MV_LEP_Archiv","DB ROLE MEMBERS","ukgab","db_datawriter"
"PDMTESTDB","MSSQLSERVER","PDMTESTDB","MV_LEP_Archiv","DB ROLE MEMBERS","mvsys","db_datawriter"
"PDMTESTDB","MSSQLSERVER","PDMTESTDB","MV_LEP_B5","DB ROLE MEMBERS","dbo","db_owner"
"PDMTESTDB","MSSQLSERVER","PDMTESTDB","MV_LEP_B5","DB ROLE MEMBERS","INTRA\VTheis","db_datareader"
"PDMTESTDB","MSSQLSERVER","PDMTESTDB","MV_LEP_B5","DB ROLE MEMBERS","ukgab","db_datareader"
"PDMTESTDB","MSSQLSERVER","PDMTESTDB","MV_LEP_B5","DB ROLE MEMBERS","lep_gl","db_datareader"
"PDMTESTDB","MSSQLSERVER","PDMTESTDB","MV_LEP_B5","DB ROLE MEMBERS","mvsupport","db_datareader"
"PDMTESTDB","MSSQLSERVER","PDMTESTDB","MV_LEP_B5","DB ROLE MEMBERS","mvsys","db_datareader"
"PDMTESTDB","MSSQLSERVER","PDMTESTDB","MV_LEP_B5","DB ROLE MEMBERS","mvsup","db_datareader"
"PDMTESTDB","MSSQLSERVER","PDMTESTDB","MV_LEP_B5","DB ROLE MEMBERS","lep_test","db_datareader"
"PDMTESTDB","MSSQLSERVER","PDMTESTDB","MV_LEP_B5","DB ROLE MEMBERS","ukgab","db_datawriter"
"PDMTESTDB","MSSQLSERVER","PDMTESTDB","MV_LEP_B5","DB ROLE MEMBERS","mvsys","db_datawriter"
"PDMTESTDB","MSSQLSERVER","PDMTESTDB","MV_LEP2018","DB ROLE MEMBERS","dbo","db_owner"
"PDMTESTDB","MSSQLSERVER","PDMTESTDB","MV_LEP2018","DB ROLE MEMBERS","INTRA\VTheis","db_datareader"
"PDMTESTDB","MSSQLSERVER","PDMTESTDB","MV_LEP2018","DB ROLE MEMBERS","ukgab","db_datareader"
"PDMTESTDB","MSSQLSERVER","PDMTESTDB","MV_LEP2018","DB ROLE MEMBERS","lep_gl","db_datareader"
"PDMTESTDB","MSSQLSERVER","PDMTESTDB","MV_LEP2018","DB ROLE MEMBERS","mvsupport","db_datareader"
"PDMTESTDB","MSSQLSERVER","PDMTESTDB","MV_LEP2018","DB ROLE MEMBERS","mvsys","db_datareader"
"PDMTESTDB","MSSQLSERVER","PDMTESTDB","MV_LEP2018","DB ROLE MEMBERS","mvsup","db_datareader"
"PDMTESTDB","MSSQLSERVER","PDMTESTDB","MV_LEP2018","DB ROLE MEMBERS","lep_test","db_datareader"
"PDMTESTDB","MSSQLSERVER","PDMTESTDB","MV_LEP2018","DB ROLE MEMBERS","ukgab","db_datawriter"
"PDMTESTDB","MSSQLSERVER","PDMTESTDB","MV_LEP2018","DB ROLE MEMBERS","mvsys","db_datawriter"
