#TYPE Selected.Dataplat.Dbatools.Database.BackupHistory
"ComputerName","InstanceName","SqlInstance","AvailabilityGroupName","Database","Start","End","Duration","TotalSize","CompressedBackupSize","CompressionRatio","Type","IsCopyOnly"
"mitmepapomon","MSSQLSERVER","mitmepapomon",,"BMS","07.03.2025 16:00:00","07.03.2025 16:00:00","00:00:00","50,92 MB","13,52 MB","3,77","Log","False"
"mitmepapomon","MSSQLSERVER","mitmepapomon",,"BMS","07.03.2025 15:00:01","07.03.2025 15:00:01","00:00:00","50,55 MB","13,97 MB","3,62","Log","False"
"mitmepapomon","MSSQLSERVER","mitmepapomon",,"BMS","07.03.2025 14:00:00","07.03.2025 14:00:00","00:00:00","44,36 MB","14,02 MB","3,16","Log","False"
"mitmepapomon","MSSQLSERVER","mitmepapomon",,"BMS","07.03.2025 13:00:00","07.03.2025 13:00:01","00:00:01","46,98 MB","13,81 MB","3,4","Log","False"
"mitmepapomon","MSSQLSERVER","mitmepapomon",,"BMS","07.03.2025 12:00:00","07.03.2025 12:00:01","00:00:01","46,98 MB","14,00 MB","3,36","Log","False"
"mitmepapomon","MSSQLSERVER","mitmepapomon",,"BMS","07.03.2025 11:00:00","07.03.2025 11:00:01","00:00:01","44,61 MB","14,14 MB","3,15","Log","False"
"mitmepapomon","MSSQLSERVER","mitmepapomon",,"BMS","07.03.2025 10:00:00","07.03.2025 10:00:00","00:00:00","51,61 MB","13,72 MB","3,76","Log","False"
"mitmepapomon","MSSQLSERVER","mitmepapomon",,"BMS","07.03.2025 09:00:00","07.03.2025 09:00:01","00:00:01","49,30 MB","13,99 MB","3,52","Log","False"
"mitmepapomon","MSSQLSERVER","mitmepapomon",,"BMS","07.03.2025 08:00:00","07.03.2025 08:00:01","00:00:01","45,36 MB","14,38 MB","3,15","Log","False"
"mitmepapomon","MSSQLSERVER","mitmepapomon",,"BMS","07.03.2025 07:00:00","07.03.2025 07:00:00","00:00:00","49,36 MB","13,70 MB","3,6","Log","False"
"mitmepapomon","MSSQLSERVER","mitmepapomon",,"BMS","07.03.2025 06:00:00","07.03.2025 06:00:00","00:00:00","45,30 MB","14,17 MB","3,2","Log","False"
"mitmepapomon","MSSQLSERVER","mitmepapomon",,"BMS","07.03.2025 05:00:00","07.03.2025 05:00:01","00:00:01","49,17 MB","13,59 MB","3,62","Log","False"
"mitmepapomon","MSSQLSERVER","mitmepapomon",,"BMS","07.03.2025 04:00:01","07.03.2025 04:00:01","00:00:00","45,61 MB","13,94 MB","3,27","Log","False"
"mitmepapomon","MSSQLSERVER","mitmepapomon",,"BMS","07.03.2025 03:00:01","07.03.2025 03:00:01","00:00:00","56,37 MB","13,40 MB","4,21","Log","False"
"mitmepapomon","MSSQLSERVER","mitmepapomon",,"BMS","07.03.2025 02:01:39","07.03.2025 02:01:40","00:00:01","132,63 MB","42,16 MB","3,15","Log","False"
"mitmepapomon","MSSQLSERVER","mitmepapomon",,"BMS","07.03.2025 02:00:00","07.03.2025 02:01:39","00:01:39","51,40 GB","13,42 GB","3,83","Full","False"
"mitmepapomon","MSSQLSERVER","mitmepapomon",,"BMS","06.03.2025 23:00:00","06.03.2025 23:00:00","00:00:00","50,48 MB","13,80 MB","3,66","Log","False"
"mitmepapomon","MSSQLSERVER","mitmepapomon",,"BMS","06.03.2025 22:00:00","06.03.2025 22:00:01","00:00:01","43,48 MB","13,83 MB","3,14","Log","False"
"mitmepapomon","MSSQLSERVER","mitmepapomon",,"BMS","06.03.2025 21:00:00","06.03.2025 21:00:00","00:00:00","50,42 MB","13,76 MB","3,67","Log","False"
"mitmepapomon","MSSQLSERVER","mitmepapomon",,"BMS","06.03.2025 20:00:01","06.03.2025 20:00:01","00:00:00","44,48 MB","13,96 MB","3,19","Log","False"
"mitmepapomon","MSSQLSERVER","mitmepapomon",,"BMS","06.03.2025 19:00:00","06.03.2025 19:00:00","00:00:00","49,23 MB","13,68 MB","3,6","Log","False"
"mitmepapomon","MSSQLSERVER","mitmepapomon",,"BMS","06.03.2025 18:00:00","06.03.2025 18:00:01","00:00:01","44,36 MB","14,09 MB","3,15","Log","False"
"mitmepapomon","MSSQLSERVER","mitmepapomon",,"BMS","06.03.2025 17:00:00","06.03.2025 17:00:00","00:00:00","50,48 MB","13,91 MB","3,63","Log","False"
"mitmepapomon","MSSQLSERVER","mitmepapomon",,"BMS","06.03.2025 16:00:00","06.03.2025 16:00:01","00:00:01","45,61 MB","14,14 MB","3,23","Log","False"
"mitmepapomon","MSSQLSERVER","mitmepapomon",,"BMS","06.03.2025 15:00:00","06.03.2025 15:00:00","00:00:00","50,67 MB","13,77 MB","3,68","Log","False"
"mitmepapomon","MSSQLSERVER","mitmepapomon",,"BMS","06.03.2025 14:00:00","06.03.2025 14:00:00","00:00:00","50,61 MB","14,12 MB","3,58","Log","False"
"mitmepapomon","MSSQLSERVER","mitmepapomon",,"BMS","06.03.2025 13:00:00","06.03.2025 13:00:00","00:00:00","44,73 MB","14,20 MB","3,15","Log","False"
"mitmepapomon","MSSQLSERVER","mitmepapomon",,"BMS","06.03.2025 12:00:00","06.03.2025 12:00:00","00:00:00","48,30 MB","13,87 MB","3,48","Log","False"
"mitmepapomon","MSSQLSERVER","mitmepapomon",,"BMS","06.03.2025 11:00:00","06.03.2025 11:00:00","00:00:00","45,55 MB","14,59 MB","3,12","Log","False"
"mitmepapomon","MSSQLSERVER","mitmepapomon",,"BMS","06.03.2025 10:00:00","06.03.2025 10:00:00","00:00:00","50,48 MB","13,93 MB","3,62","Log","False"
"mitmepapomon","MSSQLSERVER","mitmepapomon",,"BMS","06.03.2025 09:00:00","06.03.2025 09:00:00","00:00:00","46,17 MB","13,94 MB","3,31","Log","False"
"mitmepapomon","MSSQLSERVER","mitmepapomon",,"BMS","06.03.2025 08:00:01","06.03.2025 08:00:01","00:00:00","50,23 MB","13,48 MB","3,73","Log","False"
"mitmepapomon","MSSQLSERVER","mitmepapomon",,"BMS","06.03.2025 07:00:00","06.03.2025 07:00:01","00:00:01","50,49 MB","14,06 MB","3,59","Log","False"
"mitmepapomon","MSSQLSERVER","mitmepapomon",,"BMS","06.03.2025 06:00:00","06.03.2025 06:00:01","00:00:01","44,42 MB","14,10 MB","3,15","Log","False"
"mitmepapomon","MSSQLSERVER","mitmepapomon",,"BMS","06.03.2025 05:00:00","06.03.2025 05:00:00","00:00:00","50,67 MB","13,80 MB","3,67","Log","False"
"mitmepapomon","MSSQLSERVER","mitmepapomon",,"BMS","06.03.2025 04:00:00","06.03.2025 04:00:00","00:00:00","47,23 MB","14,00 MB","3,37","Log","False"
"mitmepapomon","MSSQLSERVER","mitmepapomon",,"BMS","06.03.2025 03:00:00","06.03.2025 03:00:01","00:00:01","51,74 MB","13,50 MB","3,83","Log","False"
"mitmepapomon","MSSQLSERVER","mitmepapomon",,"BMS","06.03.2025 02:01:45","06.03.2025 02:01:46","00:00:01","139,38 MB","42,47 MB","3,28","Log","False"
"mitmepapomon","MSSQLSERVER","mitmepapomon",,"BMS","06.03.2025 02:00:00","06.03.2025 02:01:45","00:01:45","51,33 GB","13,40 GB","3,83","Full","False"
"mitmepapomon","MSSQLSERVER","mitmepapomon",,"BMS","05.03.2025 23:00:00","05.03.2025 23:00:00","00:00:00","44,42 MB","14,03 MB","3,17","Log","False"
"mitmepapomon","MSSQLSERVER","mitmepapomon",,"BMS","05.03.2025 22:00:01","05.03.2025 22:00:01","00:00:00","47,11 MB","13,86 MB","3,4","Log","False"
"mitmepapomon","MSSQLSERVER","mitmepapomon",,"BMS","05.03.2025 21:00:01","05.03.2025 21:00:01","00:00:00","46,92 MB","14,14 MB","3,32","Log","False"
"mitmepapomon","MSSQLSERVER","mitmepapomon",,"BMS","05.03.2025 20:00:00","05.03.2025 20:00:01","00:00:01","49,61 MB","13,93 MB","3,56","Log","False"
"mitmepapomon","MSSQLSERVER","mitmepapomon",,"BMS","05.03.2025 19:00:01","05.03.2025 19:00:01","00:00:00","45,30 MB","14,12 MB","3,21","Log","False"
"mitmepapomon","MSSQLSERVER","mitmepapomon",,"BMS","05.03.2025 18:00:00","05.03.2025 18:00:01","00:00:01","49,23 MB","13,57 MB","3,63","Log","False"
"mitmepapomon","MSSQLSERVER","mitmepapomon",,"BMS","05.03.2025 17:00:01","05.03.2025 17:00:01","00:00:00","46,05 MB","14,14 MB","3,26","Log","False"
"mitmepapomon","MSSQLSERVER","mitmepapomon",,"BMS","05.03.2025 16:00:00","05.03.2025 16:00:01","00:00:01","51,05 MB","13,73 MB","3,72","Log","False"
"mitmepapomon","MSSQLSERVER","mitmepapomon",,"BMS","05.03.2025 15:00:00","05.03.2025 15:00:01","00:00:01","49,99 MB","14,00 MB","3,57","Log","False"
"mitmepapomon","MSSQLSERVER","mitmepapomon",,"BMS","05.03.2025 14:00:00","05.03.2025 14:00:00","00:00:00","44,48 MB","14,13 MB","3,15","Log","False"
"mitmepapomon","MSSQLSERVER","mitmepapomon",,"BMS","05.03.2025 13:00:00","05.03.2025 13:00:00","00:00:00","50,98 MB","13,85 MB","3,68","Log","False"
"mitmepapomon","MSSQLSERVER","mitmepapomon",,"BMS","05.03.2025 12:00:00","05.03.2025 12:00:00","00:00:00","45,30 MB","14,25 MB","3,18","Log","False"
"mitmepapomon","MSSQLSERVER","mitmepapomon",,"BMS","05.03.2025 11:00:00","05.03.2025 11:00:00","00:00:00","48,80 MB","13,68 MB","3,57","Log","False"
"mitmepapomon","MSSQLSERVER","mitmepapomon",,"BMS","05.03.2025 10:00:00","05.03.2025 10:00:01","00:00:01","44,73 MB","14,20 MB","3,15","Log","False"
"mitmepapomon","MSSQLSERVER","mitmepapomon",,"BMS","05.03.2025 09:00:00","05.03.2025 09:00:00","00:00:00","49,55 MB","13,91 MB","3,56","Log","False"
"mitmepapomon","MSSQLSERVER","mitmepapomon",,"BMS","05.03.2025 08:00:00","05.03.2025 08:00:01","00:00:01","44,98 MB","14,24 MB","3,16","Log","False"
"mitmepapomon","MSSQLSERVER","mitmepapomon",,"BMS","05.03.2025 07:00:00","05.03.2025 07:00:01","00:00:01","49,92 MB","13,79 MB","3,62","Log","False"
"mitmepapomon","MSSQLSERVER","mitmepapomon",,"BMS","05.03.2025 06:00:00","05.03.2025 06:00:00","00:00:00","44,23 MB","13,85 MB","3,19","Log","False"
"mitmepapomon","MSSQLSERVER","mitmepapomon",,"BMS","05.03.2025 05:00:00","05.03.2025 05:00:00","00:00:00","50,30 MB","13,74 MB","3,66","Log","False"
"mitmepapomon","MSSQLSERVER","mitmepapomon",,"BMS","05.03.2025 04:00:00","05.03.2025 04:00:00","00:00:00","45,30 MB","13,98 MB","3,24","Log","False"
"mitmepapomon","MSSQLSERVER","mitmepapomon",,"BMS","05.03.2025 03:00:00","05.03.2025 03:00:01","00:00:01","55,12 MB","13,50 MB","4,08","Log","False"
"mitmepapomon","MSSQLSERVER","mitmepapomon",,"BMS","05.03.2025 02:01:44","05.03.2025 02:01:45","00:00:01","133,50 MB","42,54 MB","3,14","Log","False"
"mitmepapomon","MSSQLSERVER","mitmepapomon",,"BMS","05.03.2025 02:00:00","05.03.2025 02:01:44","00:01:44","51,26 GB","13,38 GB","3,83","Full","False"
"mitmepapomon","MSSQLSERVER","mitmepapomon",,"BMS","04.03.2025 23:00:00","04.03.2025 23:00:00","00:00:00","49,92 MB","13,91 MB","3,59","Log","False"
"mitmepapomon","MSSQLSERVER","mitmepapomon",,"BMS","04.03.2025 22:00:00","04.03.2025 22:00:01","00:00:01","44,55 MB","14,14 MB","3,15","Log","False"
"mitmepapomon","MSSQLSERVER","mitmepapomon",,"BMS","04.03.2025 21:00:00","04.03.2025 21:00:00","00:00:00","49,73 MB","13,96 MB","3,56","Log","False"
"mitmepapomon","MSSQLSERVER","mitmepapomon",,"BMS","04.03.2025 20:00:00","04.03.2025 20:00:01","00:00:01","44,23 MB","13,93 MB","3,18","Log","False"
"mitmepapomon","MSSQLSERVER","mitmepapomon",,"BMS","04.03.2025 19:00:01","04.03.2025 19:00:01","00:00:00","50,30 MB","13,94 MB","3,61","Log","False"
"mitmepapomon","MSSQLSERVER","mitmepapomon",,"BMS","04.03.2025 18:00:01","04.03.2025 18:00:01","00:00:00","45,80 MB","14,09 MB","3,25","Log","False"
"mitmepapomon","MSSQLSERVER","mitmepapomon",,"BMS","04.03.2025 17:00:00","04.03.2025 17:00:01","00:00:01","50,92 MB","13,71 MB","3,71","Log","False"
"mitmepapomon","MSSQLSERVER","mitmepapomon",,"BMS","04.03.2025 16:00:00","04.03.2025 16:00:00","00:00:00","50,49 MB","13,95 MB","3,62","Log","False"
"mitmepapomon","MSSQLSERVER","mitmepapomon",,"BMS","04.03.2025 15:00:00","04.03.2025 15:00:00","00:00:00","44,42 MB","13,85 MB","3,21","Log","False"
"mitmepapomon","MSSQLSERVER","mitmepapomon",,"BMS","04.03.2025 14:00:00","04.03.2025 14:00:00","00:00:00","49,23 MB","13,79 MB","3,57","Log","False"
"mitmepapomon","MSSQLSERVER","mitmepapomon",,"BMS","04.03.2025 13:00:00","04.03.2025 13:00:00","00:00:00","44,48 MB","14,03 MB","3,17","Log","False"
"mitmepapomon","MSSQLSERVER","mitmepapomon",,"BMS","04.03.2025 12:00:00","04.03.2025 12:00:01","00:00:01","48,86 MB","13,89 MB","3,52","Log","False"
"mitmepapomon","MSSQLSERVER","mitmepapomon",,"BMS","04.03.2025 11:00:00","04.03.2025 11:00:00","00:00:00","46,30 MB","14,50 MB","3,19","Log","False"
"mitmepapomon","MSSQLSERVER","mitmepapomon",,"BMS","04.03.2025 10:00:00","04.03.2025 10:00:00","00:00:00","41,98 MB","13,29 MB","3,16","Log","False"
"mitmepapomon","MSSQLSERVER","mitmepapomon",,"BMS","04.03.2025 09:00:01","04.03.2025 09:00:01","00:00:00","43,36 MB","13,54 MB","3,2","Log","False"
"mitmepapomon","MSSQLSERVER","mitmepapomon",,"BMS","04.03.2025 08:00:00","04.03.2025 08:00:00","00:00:00","44,36 MB","13,18 MB","3,36","Log","False"
"mitmepapomon","MSSQLSERVER","mitmepapomon",,"BMS","04.03.2025 07:00:00","04.03.2025 07:00:00","00:00:00","47,36 MB","13,20 MB","3,59","Log","False"
"mitmepapomon","MSSQLSERVER","mitmepapomon",,"BMS","04.03.2025 06:00:00","04.03.2025 06:00:00","00:00:00","45,98 MB","13,41 MB","3,43","Log","False"
"mitmepapomon","MSSQLSERVER","mitmepapomon",,"BMS","04.03.2025 05:00:01","04.03.2025 05:00:01","00:00:00","46,73 MB","12,73 MB","3,67","Log","False"
"mitmepapomon","MSSQLSERVER","mitmepapomon",,"BMS","04.03.2025 04:00:00","04.03.2025 04:00:00","00:00:00","46,17 MB","13,91 MB","3,32","Log","False"
"mitmepapomon","MSSQLSERVER","mitmepapomon",,"BMS","04.03.2025 03:00:00","04.03.2025 03:00:00","00:00:00","53,81 MB","13,30 MB","4,04","Log","False"
"mitmepapomon","MSSQLSERVER","mitmepapomon",,"BMS","04.03.2025 02:01:42","04.03.2025 02:01:43","00:00:01","134,63 MB","42,77 MB","3,15","Log","False"
"mitmepapomon","MSSQLSERVER","mitmepapomon",,"BMS","04.03.2025 02:00:00","04.03.2025 02:01:42","00:01:42","51,19 GB","13,36 GB","3,83","Full","False"
"mitmepapomon","MSSQLSERVER","mitmepapomon",,"BMS","03.03.2025 23:00:00","03.03.2025 23:00:00","00:00:00","52,11 MB","13,96 MB","3,73","Log","False"
"mitmepapomon","MSSQLSERVER","mitmepapomon",,"BMS","03.03.2025 22:00:00","03.03.2025 22:00:01","00:00:01","50,42 MB","13,95 MB","3,61","Log","False"
"mitmepapomon","MSSQLSERVER","mitmepapomon",,"BMS","03.03.2025 21:00:00","03.03.2025 21:00:01","00:00:01","45,36 MB","14,13 MB","3,21","Log","False"
"mitmepapomon","MSSQLSERVER","mitmepapomon",,"BMS","03.03.2025 20:00:00","03.03.2025 20:00:00","00:00:00","50,86 MB","13,65 MB","3,73","Log","False"
"mitmepapomon","MSSQLSERVER","mitmepapomon",,"BMS","03.03.2025 19:00:00","03.03.2025 19:00:00","00:00:00","51,17 MB","14,05 MB","3,64","Log","False"
"mitmepapomon","MSSQLSERVER","mitmepapomon",,"BMS","03.03.2025 18:00:00","03.03.2025 18:00:00","00:00:00","44,36 MB","13,96 MB","3,18","Log","False"
"mitmepapomon","MSSQLSERVER","mitmepapomon",,"BMS","03.03.2025 17:00:00","03.03.2025 17:00:01","00:00:01","51,61 MB","13,84 MB","3,73","Log","False"
"mitmepapomon","MSSQLSERVER","mitmepapomon",,"BMS","03.03.2025 16:00:00","03.03.2025 16:00:00","00:00:00","50,86 MB","14,00 MB","3,63","Log","False"
"mitmepapomon","MSSQLSERVER","mitmepapomon",,"BMS","03.03.2025 15:00:00","03.03.2025 15:00:01","00:00:01","45,23 MB","14,17 MB","3,19","Log","False"
"mitmepapomon","MSSQLSERVER","mitmepapomon",,"BMS","03.03.2025 14:00:00","03.03.2025 14:00:01","00:00:01","51,92 MB","13,92 MB","3,73","Log","False"
"mitmepapomon","MSSQLSERVER","mitmepapomon",,"BMS","03.03.2025 13:00:00","03.03.2025 13:00:00","00:00:00","49,05 MB","14,09 MB","3,48","Log","False"
"mitmepapomon","MSSQLSERVER","mitmepapomon",,"BMS","03.03.2025 12:00:00","03.03.2025 12:00:00","00:00:00","45,61 MB","14,48 MB","3,15","Log","False"
"mitmepapomon","MSSQLSERVER","mitmepapomon",,"BMS","03.03.2025 11:00:00","03.03.2025 11:00:00","00:00:00","49,67 MB","13,73 MB","3,62","Log","False"
"mitmepapomon","MSSQLSERVER","mitmepapomon",,"BMS","03.03.2025 10:00:00","03.03.2025 10:00:00","00:00:00","45,17 MB","14,27 MB","3,17","Log","False"
"mitmepapomon","MSSQLSERVER","mitmepapomon",,"BMS","03.03.2025 09:00:01","03.03.2025 09:00:01","00:00:00","52,05 MB","13,92 MB","3,74","Log","False"
"mitmepapomon","MSSQLSERVER","mitmepapomon",,"BMS","03.03.2025 08:00:00","03.03.2025 08:00:01","00:00:01","49,99 MB","13,84 MB","3,61","Log","False"
"mitmepapomon","MSSQLSERVER","mitmepapomon",,"BMS","03.03.2025 07:00:00","03.03.2025 07:00:00","00:00:00","44,98 MB","14,07 MB","3,2","Log","False"
"mitmepapomon","MSSQLSERVER","mitmepapomon",,"BMS","03.03.2025 06:00:00","03.03.2025 06:00:00","00:00:00","46,48 MB","13,76 MB","3,38","Log","False"
"mitmepapomon","MSSQLSERVER","mitmepapomon",,"BMS","03.03.2025 05:00:00","03.03.2025 05:00:01","00:00:01","48,30 MB","13,85 MB","3,49","Log","False"
"mitmepapomon","MSSQLSERVER","mitmepapomon",,"BMS","03.03.2025 04:00:00","03.03.2025 04:00:01","00:00:01","44,48 MB","14,07 MB","3,16","Log","False"
"mitmepapomon","MSSQLSERVER","mitmepapomon",,"BMS","03.03.2025 03:00:00","03.03.2025 03:00:00","00:00:00","50,80 MB","13,58 MB","3,74","Log","False"
"mitmepapomon","MSSQLSERVER","mitmepapomon",,"BMS","03.03.2025 02:01:42","03.03.2025 02:01:42","00:00:00","142,07 MB","42,66 MB","3,33","Log","False"
"mitmepapomon","MSSQLSERVER","mitmepapomon",,"BMS","03.03.2025 02:00:00","03.03.2025 02:01:42","00:01:42","51,12 GB","13,34 GB","3,83","Full","False"
"mitmepapomon","MSSQLSERVER","mitmepapomon",,"BMS","02.03.2025 23:00:00","02.03.2025 23:00:01","00:00:01","49,49 MB","13,98 MB","3,54","Log","False"
"mitmepapomon","MSSQLSERVER","mitmepapomon",,"BMS","02.03.2025 22:00:00","02.03.2025 22:00:00","00:00:00","44,67 MB","14,23 MB","3,14","Log","False"
"mitmepapomon","MSSQLSERVER","mitmepapomon",,"BMS","02.03.2025 21:00:00","02.03.2025 21:00:01","00:00:01","49,61 MB","13,84 MB","3,58","Log","False"
"mitmepapomon","MSSQLSERVER","mitmepapomon",,"BMS","02.03.2025 20:00:00","02.03.2025 20:00:00","00:00:00","45,17 MB","14,21 MB","3,18","Log","False"
"mitmepapomon","MSSQLSERVER","mitmepapomon",,"BMS","02.03.2025 19:00:00","02.03.2025 19:00:00","00:00:00","48,98 MB","13,71 MB","3,57","Log","False"
"mitmepapomon","MSSQLSERVER","mitmepapomon",,"BMS","02.03.2025 18:00:00","02.03.2025 18:00:01","00:00:01","48,80 MB","13,93 MB","3,5","Log","False"
"mitmepapomon","MSSQLSERVER","mitmepapomon",,"BMS","02.03.2025 17:00:00","02.03.2025 17:00:00","00:00:00","52,36 MB","14,08 MB","3,72","Log","False"
"mitmepapomon","MSSQLSERVER","mitmepapomon",,"BMS","02.03.2025 16:00:01","02.03.2025 16:00:01","00:00:00","50,30 MB","13,95 MB","3,61","Log","False"
"mitmepapomon","MSSQLSERVER","mitmepapomon",,"BMS","02.03.2025 15:00:00","02.03.2025 15:00:01","00:00:01","45,17 MB","14,35 MB","3,15","Log","False"
"mitmepapomon","MSSQLSERVER","mitmepapomon",,"BMS","02.03.2025 14:00:00","02.03.2025 14:00:01","00:00:01","52,05 MB","14,09 MB","3,7","Log","False"
"mitmepapomon","MSSQLSERVER","mitmepapomon",,"BMS","02.03.2025 13:00:00","02.03.2025 13:00:00","00:00:00","50,17 MB","14,07 MB","3,57","Log","False"
"mitmepapomon","MSSQLSERVER","mitmepapomon",,"BMS","02.03.2025 12:00:01","02.03.2025 12:00:01","00:00:00","48,36 MB","13,93 MB","3,47","Log","False"
"mitmepapomon","MSSQLSERVER","mitmepapomon",,"BMS","02.03.2025 11:00:00","02.03.2025 11:00:00","00:00:00","52,49 MB","14,03 MB","3,74","Log","False"
"mitmepapomon","MSSQLSERVER","mitmepapomon",,"BMS","02.03.2025 10:00:00","02.03.2025 10:00:00","00:00:00","50,74 MB","13,91 MB","3,65","Log","False"
"mitmepapomon","MSSQLSERVER","mitmepapomon",,"BMS","02.03.2025 09:00:00","02.03.2025 09:00:01","00:00:01","44,67 MB","14,14 MB","3,16","Log","False"
"mitmepapomon","MSSQLSERVER","mitmepapomon",,"BMS","02.03.2025 08:00:00","02.03.2025 08:00:01","00:00:01","52,23 MB","13,93 MB","3,75","Log","False"
"mitmepapomon","MSSQLSERVER","mitmepapomon",,"BMS","02.03.2025 07:00:00","02.03.2025 07:00:00","00:00:00","49,55 MB","13,93 MB","3,56","Log","False"
"mitmepapomon","MSSQLSERVER","mitmepapomon",,"BMS","02.03.2025 06:00:01","02.03.2025 06:00:01","00:00:00","45,23 MB","14,23 MB","3,18","Log","False"
"mitmepapomon","MSSQLSERVER","mitmepapomon",,"BMS","02.03.2025 05:00:00","02.03.2025 05:00:00","00:00:00","49,61 MB","13,65 MB","3,63","Log","False"
"mitmepapomon","MSSQLSERVER","mitmepapomon",,"BMS","02.03.2025 04:00:00","02.03.2025 04:00:01","00:00:01","47,30 MB","14,24 MB","3,32","Log","False"
"mitmepapomon","MSSQLSERVER","mitmepapomon",,"BMS","02.03.2025 03:00:00","02.03.2025 03:00:00","00:00:00","51,74 MB","13,21 MB","3,92","Log","False"
"mitmepapomon","MSSQLSERVER","mitmepapomon",,"BMS","02.03.2025 02:01:44","02.03.2025 02:01:45","00:00:01","139,00 MB","41,72 MB","3,33","Log","False"
"mitmepapomon","MSSQLSERVER","mitmepapomon",,"BMS","02.03.2025 02:00:00","02.03.2025 02:01:44","00:01:44","51,04 GB","13,32 GB","3,83","Full","False"
"mitmepapomon","MSSQLSERVER","mitmepapomon",,"BMS","01.03.2025 23:00:00","01.03.2025 23:00:00","00:00:00","45,36 MB","13,97 MB","3,25","Log","False"
"mitmepapomon","MSSQLSERVER","mitmepapomon",,"BMS","01.03.2025 22:00:00","01.03.2025 22:00:00","00:00:00","50,17 MB","13,58 MB","3,69","Log","False"
"mitmepapomon","MSSQLSERVER","mitmepapomon",,"BMS","01.03.2025 21:00:00","01.03.2025 21:00:01","00:00:01","51,80 MB","14,23 MB","3,64","Log","False"
"mitmepapomon","MSSQLSERVER","mitmepapomon",,"BMS","01.03.2025 20:00:01","01.03.2025 20:00:01","00:00:00","44,55 MB","14,11 MB","3,16","Log","False"
"mitmepapomon","MSSQLSERVER","mitmepapomon",,"BMS","01.03.2025 19:00:00","01.03.2025 19:00:00","00:00:00","49,30 MB","13,54 MB","3,64","Log","False"
"mitmepapomon","MSSQLSERVER","mitmepapomon",,"BMS","01.03.2025 18:00:00","01.03.2025 18:00:00","00:00:00","44,48 MB","13,98 MB","3,18","Log","False"
"mitmepapomon","MSSQLSERVER","mitmepapomon",,"BMS","01.03.2025 17:00:00","01.03.2025 17:00:01","00:00:01","49,48 MB","13,68 MB","3,62","Log","False"
"mitmepapomon","MSSQLSERVER","mitmepapomon",,"BMS","01.03.2025 16:00:01","01.03.2025 16:00:01","00:00:00","45,36 MB","14,23 MB","3,19","Log","False"
"mitmepapomon","MSSQLSERVER","mitmepapomon",,"BMS","01.03.2025 15:00:01","01.03.2025 15:00:01","00:00:00","51,17 MB","13,81 MB","3,71","Log","False"
"mitmepapomon","MSSQLSERVER","mitmepapomon",,"BMS","01.03.2025 14:00:00","01.03.2025 14:00:00","00:00:00","51,67 MB","14,02 MB","3,69","Log","False"
"mitmepapomon","MSSQLSERVER","mitmepapomon",,"BMS","01.03.2025 13:00:00","01.03.2025 13:00:00","00:00:00","44,11 MB","14,02 MB","3,15","Log","False"
"mitmepapomon","MSSQLSERVER","mitmepapomon",,"BMS","01.03.2025 12:00:00","01.03.2025 12:00:00","00:00:00","49,48 MB","13,77 MB","3,59","Log","False"
"mitmepapomon","MSSQLSERVER","mitmepapomon",,"BMS","01.03.2025 11:00:01","01.03.2025 11:00:01","00:00:00","44,61 MB","14,08 MB","3,17","Log","False"
"mitmepapomon","MSSQLSERVER","mitmepapomon",,"BMS","01.03.2025 10:00:01","01.03.2025 10:00:01","00:00:00","49,67 MB","13,69 MB","3,63","Log","False"
"mitmepapomon","MSSQLSERVER","mitmepapomon",,"BMS","01.03.2025 09:00:00","01.03.2025 09:00:01","00:00:01","45,30 MB","14,17 MB","3,2","Log","False"
"mitmepapomon","MSSQLSERVER","mitmepapomon",,"BMS","01.03.2025 08:00:00","01.03.2025 08:00:00","00:00:00","51,42 MB","13,69 MB","3,76","Log","False"
"mitmepapomon","MSSQLSERVER","mitmepapomon",,"BMS","01.03.2025 07:00:00","01.03.2025 07:00:01","00:00:01","50,92 MB","13,75 MB","3,7","Log","False"
"mitmepapomon","MSSQLSERVER","mitmepapomon",,"BMS","01.03.2025 06:00:00","01.03.2025 06:00:00","00:00:00","44,17 MB","13,98 MB","3,16","Log","False"
"mitmepapomon","MSSQLSERVER","mitmepapomon",,"BMS","01.03.2025 05:00:00","01.03.2025 05:00:00","00:00:00","49,73 MB","13,65 MB","3,64","Log","False"
"mitmepapomon","MSSQLSERVER","mitmepapomon",,"BMS","01.03.2025 04:00:00","01.03.2025 04:00:01","00:00:01","45,55 MB","13,93 MB","3,27","Log","False"
"mitmepapomon","MSSQLSERVER","mitmepapomon",,"BMS","01.03.2025 03:00:00","01.03.2025 03:00:01","00:00:01","54,74 MB","13,36 MB","4,1","Log","False"
"mitmepapomon","MSSQLSERVER","mitmepapomon",,"BMS","01.03.2025 02:01:41","01.03.2025 02:01:42","00:00:01","134,88 MB","42,43 MB","3,18","Log","False"
"mitmepapomon","MSSQLSERVER","mitmepapomon",,"BMS","01.03.2025 02:00:00","01.03.2025 02:01:41","00:01:41","50,97 GB","13,30 GB","3,83","Full","False"
"mitmepapomon","MSSQLSERVER","mitmepapomon",,"BMS","28.02.2025 23:00:00","28.02.2025 23:00:00","00:00:00","51,36 MB","13,62 MB","3,77","Log","False"
"mitmepapomon","MSSQLSERVER","mitmepapomon",,"BMS","28.02.2025 22:00:01","28.02.2025 22:00:01","00:00:00","51,61 MB","13,83 MB","3,73","Log","False"
"mitmepapomon","MSSQLSERVER","mitmepapomon",,"BMS","28.02.2025 21:00:01","28.02.2025 21:00:01","00:00:00","45,61 MB","14,01 MB","3,26","Log","False"
"mitmepapomon","MSSQLSERVER","mitmepapomon",,"BMS","28.02.2025 20:00:00","28.02.2025 20:00:00","00:00:00","51,92 MB","13,89 MB","3,74","Log","False"
"mitmepapomon","MSSQLSERVER","mitmepapomon",,"BMS","28.02.2025 19:00:00","28.02.2025 19:00:01","00:00:01","49,86 MB","13,95 MB","3,57","Log","False"
"mitmepapomon","MSSQLSERVER","mitmepapomon",,"BMS","28.02.2025 18:00:00","28.02.2025 18:00:01","00:00:01","47,36 MB","14,06 MB","3,37","Log","False"
"mitmepapomon","MSSQLSERVER","mitmepapomon",,"BMS","28.02.2025 17:00:00","28.02.2025 17:00:00","00:00:00","52,55 MB","14,69 MB","3,58","Log","False"
