#TYPE Selected.Microsoft.SqlServer.Management.Smo.Login
"ComputerName","InstanceName","SqlInstance","Name","DefaultDatabase","IsDisabled","IsLocked","IsPasswordExpired","LoginType"
"mitmepapomon","MSSQLSERVER","mitmepapomon","##MS_PolicyEventProcessingLogin##","master","True","False","False","SqlLogin"
"mitmepapomon","MSSQLSERVER","mitmepapomon","##MS_PolicyTsqlExecutionLogin##","master","True","False","False","SqlLogin"
"mitmepapomon","MSSQLSERVER","mitmepapomon","BMSAPP","master","False","False","False","SqlLogin"
"mitmepapomon","MSSQLSERVER","mitmepapomon","BMSWAGO","master","False","False","False","SqlLogin"
"mitmepapomon","MSSQLSERVER","mitmepapomon","MITMEPAPOMON\SQL-Admin","master","False",,,"WindowsGroup"
"mitmepapomon","MSSQLSERVER","mitmepapomon","NT AUTHORITY\SYSTEM","master","False",,,"WindowsUser"
"mitmepapomon","MSSQLSERVER","mitmepapomon","NT SERVICE\MSSQLSERVER","master","False",,,"WindowsUser"
"mitmepapomon","MSSQLSERVER","mitmepapomon","NT SERVICE\SQLSERVERAGENT","master","False",,,"WindowsUser"
"mitmepapomon","MSSQLSERVER","mitmepapomon","NT SERVICE\SQLTELEMETRY","master","False",,,"WindowsUser"
"mitmepapomon","MSSQLSERVER","mitmepapomon","NT SERVICE\SQLWriter","master","False",,,"WindowsUser"
"mitmepapomon","MSSQLSERVER","mitmepapomon","NT SERVICE\Winmgmt","master","False",,,"WindowsUser"
"mitmepapomon","MSSQLSERVER","mitmepapomon","sa","master","False","False","False","SqlLogin"
