#TYPE Selected.System.Management.Automation.PSCustomObject
"ServerName","ComputerName","InstanceName","SqlInstance","Name","DisplayName","Description","ConfiguredValue","RunningValue","DefaultValue","IsRunningDefaultValue"
"MITMEPAPOMON","mitmepapomon","MSSQLSERVER","mitmepapomon","ShowAdvancedOptions","show advanced options","show advanced options","1","1","0","False"
"MITMEPAPOMON","mitmepapomon","MSSQLSERVER","mitmepapomon","CursorThreshold","cursor threshold","cursor threshold","-1","-1","0","False"
"MITMEPAPOMON","mitmepapomon","MSSQLSERVER","mitmepapomon","MaxDegreeOfParallelism","max degree of parallelism","maximum degree of parallelism","4","4","0","False"
"MITMEPAPOMON","mitmepapomon","MSSQLSERVER","mitmepapomon","MaxServerMemory","max server memory (MB)","Maximum size of server memory (MB)","12800","12800","2147483647","False"
"MITMEPAPOMON","mitmepapomon","MSSQLSERVER","mitmepapomon","IsSqlClrEnabled","clr enabled","CLR user code execution enabled in the server","1","1","0","False"
"MITMEPAPOMON","mitmepapomon","MSSQLSERVER","mitmepapomon","DefaultTraceEnabled","default trace enabled","Enable or disable the default trace","1","1","0","False"
"MITMEPAPOMON","mitmepapomon","MSSQLSERVER","mitmepapomon","ClrStrictSecurity","clr strict security","CLR strict security enabled in the server","1","1","0","False"
"MITMEPAPOMON","mitmepapomon","MSSQLSERVER","mitmepapomon","VersionHighPartOfSqlServer","version high part of SQL Server","version high part of SQL Server that model database copied for","0","0",,"False"
"MITMEPAPOMON","mitmepapomon","MSSQLSERVER","mitmepapomon","VersionLowPartOfSqlServer","version low part of SQL Server","version low part of SQL Server that model database copied for","0","0",,"False"
"MITMEPAPOMON","mitmepapomon","MSSQLSERVER","mitmepapomon",,"max RPC request params (KB)","Maximum memory for RPC request parameters (kBytes)","0","0",,"False"
"MITMEPAPOMON","mitmepapomon","MSSQLSERVER","mitmepapomon","AgentXPsEnabled","Agent XPs","Enable or disable Agent XPs","1","1","0","False"
"MITMEPAPOMON","mitmepapomon","MSSQLSERVER","mitmepapomon","DatabaseMailEnabled","Database Mail XPs","Enable or disable Database Mail XPs","1","1","0","False"
"MITMEPAPOMON","mitmepapomon","MSSQLSERVER","mitmepapomon","XPCmdShellEnabled","xp_cmdshell","Enable or disable command shell","1","1","0","False"
