#TYPE Selected.System.Management.Automation.PSCustomObject
"ComputerName","InstanceName","SqlInstance","Object","Type","Member","RoleSecurableClass"
"mitmepapomon","MSSQLSERVER","mitmepapomon","SERVER","SERVER LOGINS","sa","sysadmin"
"mitmepapomon","MSSQLSERVER","mitmepapomon","SERVER","SERVER LOGINS","MITMEPAPOMON\SQL-Admin","sysadmin"
"mitmepapomon","MSSQLSERVER","mitmepapomon","SERVER","SERVER LOGINS","BMSAPP","None"
"mitmepapomon","MSSQLSERVER","mitmepapomon","SERVER","SERVER LOGINS","BMSWAGO","None"
"mitmepapomon","MSSQLSERVER","mitmepapomon","BMS","DB ROLE MEMBERS","dbo","db_owner"
"mitmepapomon","MSSQLSERVER","mitmepapomon","BMS","DB ROLE MEMBERS","BMSAPP","db_ddladmin"
"mitmepapomon","MSSQLSERVER","mitmepapomon","BMS","DB ROLE MEMBERS","BMSAPP","db_backupoperator"
"mitmepapomon","MSSQLSERVER","mitmepapomon","BMS","DB ROLE MEMBERS","BMSAPP","db_datareader"
"mitmepapomon","MSSQLSERVER","mitmepapomon","BMS","DB ROLE MEMBERS","BMSAPP","db_datawriter"
"mitmepapomon","MSSQLSERVER","mitmepapomon","BMS","DB ROLE MEMBERS","BMSWAGO","db_datareader"
"mitmepapomon","MSSQLSERVER","mitmepapomon","BMS","DB ROLE MEMBERS","BMSWAGO","db_datawriter"
