#TYPE Selected.Microsoft.SqlServer.Management.Smo.Login
"ComputerName","InstanceName","SqlInstance","Name","DefaultDatabase","IsDisabled","IsLocked","IsPasswordExpired","LoginType"
"saptestdataserv","MSSQLSERVER","saptestdataserv","##MS_PolicyEventProcessingLogin##","master","True","False","False","SqlLogin"
"saptestdataserv","MSSQLSERVER","saptestdataserv","##MS_PolicyTsqlExecutionLogin##","master","True","False","False","SqlLogin"
"saptestdataserv","MSSQLSERVER","saptestdataserv","NT AUTHORITY\SYSTEM","master","False",,,"WindowsUser"
"saptestdataserv","MSSQLSERVER","saptestdataserv","NT SERVICE\MSSQLSERVER","master","False",,,"WindowsUser"
"saptestdataserv","MSSQLSERVER","saptestdataserv","NT SERVICE\SQLSERVERAGENT","master","False",,,"WindowsUser"
"saptestdataserv","MSSQLSERVER","saptestdataserv","NT SERVICE\SQLTELEMETRY","master","False",,,"WindowsUser"
"saptestdataserv","MSSQLSERVER","saptestdataserv","NT SERVICE\SQLWriter","master","False",,,"WindowsUser"
"saptestdataserv","MSSQLSERVER","saptestdataserv","NT SERVICE\Winmgmt","master","False",,,"WindowsUser"
"saptestdataserv","MSSQLSERVER","saptestdataserv","sa","master","True","False","False","SqlLogin"
"saptestdataserv","MSSQLSERVER","saptestdataserv","SAPTESTDATASERV\SQL-Admin","master","False",,,"WindowsGroup"
