#TYPE Selected.System.Management.Automation.PSCustomObject
"ServerName","ComputerName","InstanceName","SqlInstance","Name","DisplayName","Description","ConfiguredValue","RunningValue","DefaultValue","IsRunningDefaultValue"
"SAPTESTDATASERV","saptestdataserv","MSSQLSERVER","saptestdataserv","CursorThreshold","cursor threshold","cursor threshold","-1","-1","0","False"
"SAPTESTDATASERV","saptestdataserv","MSSQLSERVER","saptestdataserv","MaxDegreeOfParallelism","max degree of parallelism","maximum degree of parallelism","4","4","0","False"
"SAPTESTDATASERV","saptestdataserv","MSSQLSERVER","saptestdataserv","MaxServerMemory","max server memory (MB)","Maximum size of server memory (MB)","5940","5940","2147483647","False"
"SAPTESTDATASERV","saptestdataserv","MSSQLSERVER","saptestdataserv","DefaultTraceEnabled","default trace enabled","Enable or disable the default trace","1","1","0","False"
"SAPTESTDATASERV","saptestdataserv","MSSQLSERVER","saptestdataserv","ClrStrictSecurity","clr strict security","CLR strict security enabled in the server","1","1","0","False"
"SAPTESTDATASERV","saptestdataserv","MSSQLSERVER","saptestdataserv","VersionHighPartOfSqlServer","version high part of SQL Server","version high part of SQL Server that model database copied for","0","0",,"False"
"SAPTESTDATASERV","saptestdataserv","MSSQLSERVER","saptestdataserv","VersionLowPartOfSqlServer","version low part of SQL Server","version low part of SQL Server that model database copied for","0","0",,"False"
"SAPTESTDATASERV","saptestdataserv","MSSQLSERVER","saptestdataserv",,"max RPC request params (KB)","Maximum memory for RPC request parameters (kBytes)","0","0",,"False"
"SAPTESTDATASERV","saptestdataserv","MSSQLSERVER","saptestdataserv","AgentXPsEnabled","Agent XPs","Enable or disable Agent XPs","1","1","0","False"
