#TYPE Selected.Microsoft.SqlServer.Management.Smo.Database
"BackupStatus","ComputerName","InstanceName","SqlInstance","SizeMB","Compatibility","Encrypted","LastFullBackup","LastDiffBackup","LastLogBackup","Name"
,"PACMEPARCHIV","MSSQLSERVER","PACMEPARCHIV","20,4375","Version120","False","07.03.2025 11:43:08","07.03.2025 13:00:01","07.03.2025 16:30:13","RSAdmin"
,"PACMEPARCHIV","MSSQLSERVER","PACMEPARCHIV","98,3125","Version120","False","07.03.2025 11:43:09","07.03.2025 13:00:02","07.03.2025 16:30:14","RSConnect"
,"PACMEPARCHIV","MSSQLSERVER","PACMEPARCHIV","650,0625","Version120","False","07.03.2025 12:28:20","07.03.2025 13:00:08","07.03.2025 16:30:14","RSEvent"
,"PACMEPARCHIV","MSSQLSERVER","PACMEPARCHIV","16","Version130","False","07.03.2025 11:43:09","07.03.2025 13:00:02","07.03.2025 16:30:13","ILM"
,"PACMEPARCHIV","MSSQLSERVER","PACMEPARCHIV","477,6875","Version120","False","07.03.2025 11:43:10","07.03.2025 13:00:02","07.03.2025 16:30:05","DCMARCHDICOM"
,"PACMEPARCHIV","MSSQLSERVER","PACMEPARCHIV","14324,4375","Version120","False","07.03.2025 11:43:28","07.03.2025 13:00:02","07.03.2025 16:30:06","DCMARCHMOSAIQ"
,"PACMEPARCHIV","MSSQLSERVER","PACMEPARCHIV","19722,5","Version120","False","07.03.2025 11:44:18","07.03.2025 13:00:03","07.03.2025 16:30:13","DCMARCHROGAN"
,"PACMEPARCHIV","MSSQLSERVER","PACMEPARCHIV","1025748,9375","Version100","False","07.03.2025 12:27:18","07.03.2025 13:00:07","07.03.2025 16:30:11","DCMARCHPACS"
,"PACMEPARCHIV","MSSQLSERVER","PACMEPARCHIV","25315,6875","Version100","False","07.03.2025 12:28:19","07.03.2025 13:00:07","01.01.0001 00:00:00","CheckSumDB"
