#TYPE Selected.Microsoft.SqlServer.Management.Smo.Login
"ComputerName","InstanceName","SqlInstance","Name","DefaultDatabase","IsDisabled","IsLocked","IsPasswordExpired","LoginType"
"PACMEPARCHIV","MSSQLSERVER","PACMEPARCHIV","##MS_PolicyEventProcessingLogin##","master","True","False","False","SqlLogin"
"PACMEPARCHIV","MSSQLSERVER","PACMEPARCHIV","##MS_PolicyTsqlExecutionLogin##","master","True","False","False","SqlLogin"
"PACMEPARCHIV","MSSQLSERVER","PACMEPARCHIV","CheckSumUser","master","False","False","False","SqlLogin"
"PACMEPARCHIV","MSSQLSERVER","PACMEPARCHIV","INTRA\admGE","master","False",,,"WindowsUser"
"PACMEPARCHIV","MSSQLSERVER","PACMEPARCHIV","INTRA\admVEEAM","master","False",,,"WindowsUser"
"PACMEPARCHIV","MSSQLSERVER","PACMEPARCHIV","INTRA\DIEKUCSQL","master","False",,,"WindowsUser"
"PACMEPARCHIV","MSSQLSERVER","PACMEPARCHIV","INTRA\S_inf_SQLSRV-Supp","master","False",,,"WindowsGroup"
"PACMEPARCHIV","MSSQLSERVER","PACMEPARCHIV","NT AUTHORITY\SYSTEM","master","False",,,"WindowsUser"
"PACMEPARCHIV","MSSQLSERVER","PACMEPARCHIV","NT Service\MSSQLSERVER","master","False",,,"WindowsUser"
"PACMEPARCHIV","MSSQLSERVER","PACMEPARCHIV","NT SERVICE\SQLSERVERAGENT","master","False",,,"WindowsUser"
"PACMEPARCHIV","MSSQLSERVER","PACMEPARCHIV","NT SERVICE\SQLTELEMETRY","master","False",,,"WindowsUser"
"PACMEPARCHIV","MSSQLSERVER","PACMEPARCHIV","NT SERVICE\SQLWriter","master","False",,,"WindowsUser"
"PACMEPARCHIV","MSSQLSERVER","PACMEPARCHIV","NT SERVICE\Winmgmt","master","False",,,"WindowsUser"
"PACMEPARCHIV","MSSQLSERVER","PACMEPARCHIV","onwatch","master","False","False","False","SqlLogin"
"PACMEPARCHIV","MSSQLSERVER","PACMEPARCHIV","PACMEPARCHIV\Administrator","master","False",,,"WindowsUser"
"PACMEPARCHIV","MSSQLSERVER","PACMEPARCHIV","PACMEPARCHIV\EA_ACCESS","master","False",,,"WindowsGroup"
"PACMEPARCHIV","MSSQLSERVER","PACMEPARCHIV","PACMEPARCHIV\EA_USER","master","False",,,"WindowsUser"
"PACMEPARCHIV","MSSQLSERVER","PACMEPARCHIV","PACMEPARCHIV\MSSQL Administrators","master","False",,,"WindowsGroup"
"PACMEPARCHIV","MSSQLSERVER","PACMEPARCHIV","PACMEPARCHIV\SQL-Admin","master","False",,,"WindowsGroup"
"PACMEPARCHIV","MSSQLSERVER","PACMEPARCHIV","sa","master","False","False","False","SqlLogin"
"PACMEPARCHIV","MSSQLSERVER","PACMEPARCHIV","UVUSER","master","False","False","False","SqlLogin"
"PACMEPARCHIV","MSSQLSERVER","PACMEPARCHIV","ZFP","master","False","False","False","SqlLogin"
