#TYPE Selected.System.Management.Automation.PSCustomObject
"ServerName","ComputerName","InstanceName","SqlInstance","Name","DisplayName","Description","ConfiguredValue","RunningValue","DefaultValue","IsRunningDefaultValue"
"PACMEPARCHIV","PACMEPARCHIV","MSSQLSERVER","PACMEPARCHIV","ShowAdvancedOptions","show advanced options","show advanced options","1","1","0","False"
"PACMEPARCHIV","PACMEPARCHIV","MSSQLSERVER","PACMEPARCHIV","MaxDegreeOfParallelism","max degree of parallelism","maximum degree of parallelism","4","4","0","False"
"PACMEPARCHIV","PACMEPARCHIV","MSSQLSERVER","PACMEPARCHIV","MaxServerMemory","max server memory (MB)","Maximum size of server memory (MB)","10992","10992","2147483647","False"
"PACMEPARCHIV","PACMEPARCHIV","MSSQLSERVER","PACMEPARCHIV","IsSqlClrEnabled","clr enabled","CLR user code execution enabled in the server","1","1","0","False"
"PACMEPARCHIV","PACMEPARCHIV","MSSQLSERVER","PACMEPARCHIV","DefaultBackupCompression","backup compression default","Enable compression of backups by default","1","1","0","False"
"PACMEPARCHIV","PACMEPARCHIV","MSSQLSERVER","PACMEPARCHIV","AgentXPsEnabled","Agent XPs","Enable or disable Agent XPs","1","1","0","False"
"PACMEPARCHIV","PACMEPARCHIV","MSSQLSERVER","PACMEPARCHIV","XPCmdShellEnabled","xp_cmdshell","Enable or disable command shell","1","1","0","False"
