#TYPE Selected.System.Management.Automation.PSCustomObject
"ComputerName","InstanceName","SqlInstance","Object","Type","Member","RoleSecurableClass"
"PACMEPARCHIV","MSSQLSERVER","PACMEPARCHIV","SERVER","SERVER LOGINS","sa","sysadmin"
"PACMEPARCHIV","MSSQLSERVER","PACMEPARCHIV","SERVER","SERVER LOGINS","PACMEPARCHIV\Administrator","sysadmin"
"PACMEPARCHIV","MSSQLSERVER","PACMEPARCHIV","SERVER","SERVER LOGINS","PACMEPARCHIV\MSSQL Administrators","sysadmin"
"PACMEPARCHIV","MSSQLSERVER","PACMEPARCHIV","SERVER","SERVER LOGINS","INTRA\admGE","sysadmin"
"PACMEPARCHIV","MSSQLSERVER","PACMEPARCHIV","SERVER","SERVER LOGINS","PACMEPARCHIV\EA_USER","sysadmin"
"PACMEPARCHIV","MSSQLSERVER","PACMEPARCHIV","SERVER","SERVER LOGINS","PACMEPARCHIV\EA_USER","serveradmin"
"PACMEPARCHIV","MSSQLSERVER","PACMEPARCHIV","SERVER","SERVER LOGINS","PACMEPARCHIV\EA_ACCESS","sysadmin"
"PACMEPARCHIV","MSSQLSERVER","PACMEPARCHIV","SERVER","SERVER LOGINS","PACMEPARCHIV\EA_ACCESS","serveradmin"
"PACMEPARCHIV","MSSQLSERVER","PACMEPARCHIV","SERVER","SERVER LOGINS","UVUSER","sysadmin"
"PACMEPARCHIV","MSSQLSERVER","PACMEPARCHIV","SERVER","SERVER LOGINS","ZFP","sysadmin"
"PACMEPARCHIV","MSSQLSERVER","PACMEPARCHIV","SERVER","SERVER LOGINS","CheckSumUser","sysadmin"
"PACMEPARCHIV","MSSQLSERVER","PACMEPARCHIV","SERVER","SERVER LOGINS","CheckSumUser","serveradmin"
"PACMEPARCHIV","MSSQLSERVER","PACMEPARCHIV","SERVER","SERVER LOGINS","INTRA\admVEEAM","sysadmin"
"PACMEPARCHIV","MSSQLSERVER","PACMEPARCHIV","SERVER","SERVER LOGINS","onwatch","sysadmin"
"PACMEPARCHIV","MSSQLSERVER","PACMEPARCHIV","SERVER","SERVER LOGINS","INTRA\DIEKUCSQL","None"
"PACMEPARCHIV","MSSQLSERVER","PACMEPARCHIV","SERVER","SERVER LOGINS","PACMEPARCHIV\SQL-Admin","sysadmin"
"PACMEPARCHIV","MSSQLSERVER","PACMEPARCHIV","SERVER","SERVER LOGINS","INTRA\S_inf_SQLSRV-Supp","sysadmin"
"PACMEPARCHIV","MSSQLSERVER","PACMEPARCHIV","CheckSumDB","DB ROLE MEMBERS","dbo","db_owner"
"PACMEPARCHIV","MSSQLSERVER","PACMEPARCHIV","CheckSumDB","DB ROLE MEMBERS","CheckSumUser","db_datareader"
"PACMEPARCHIV","MSSQLSERVER","PACMEPARCHIV","CheckSumDB","DB ROLE MEMBERS","CheckSumUser","db_datawriter"
"PACMEPARCHIV","MSSQLSERVER","PACMEPARCHIV","DCMARCHDICOM","DB ROLE MEMBERS","dbo","db_owner"
"PACMEPARCHIV","MSSQLSERVER","PACMEPARCHIV","DCMARCHDICOM","DB ROLE MEMBERS","PACMEPARCHIV4\EA_ACCESS","db_eaaccess"
"PACMEPARCHIV","MSSQLSERVER","PACMEPARCHIV","DCMARCHDICOM","DB ROLE MEMBERS","onwatch","db_datareader"
"PACMEPARCHIV","MSSQLSERVER","PACMEPARCHIV","DCMARCHDICOM","DB ROLE MEMBERS","PACMEPARCHIV\EA_ACCESS","db_eaaccess"
"PACMEPARCHIV","MSSQLSERVER","PACMEPARCHIV","DCMARCHDICOM","DB ROLE MEMBERS","PACMEPARCHIV\Administrator","db_eaaccess"
"PACMEPARCHIV","MSSQLSERVER","PACMEPARCHIV","DCMARCHDICOM","DB ROLE MEMBERS","PACMEPARCHIV\EA_USER","db_eaaccess"
"PACMEPARCHIV","MSSQLSERVER","PACMEPARCHIV","DCMARCHDICOM","DB ROLE MEMBERS","PACMEPARCHIV\EA_USER","db_owner"
"PACMEPARCHIV","MSSQLSERVER","PACMEPARCHIV","DCMARCHMOSAIQ","DB ROLE MEMBERS","dbo","db_owner"
"PACMEPARCHIV","MSSQLSERVER","PACMEPARCHIV","DCMARCHMOSAIQ","DB ROLE MEMBERS","PACMEPARCHIV4\EA_ACCESS","db_eaaccess"
"PACMEPARCHIV","MSSQLSERVER","PACMEPARCHIV","DCMARCHMOSAIQ","DB ROLE MEMBERS","onwatch","db_datareader"
"PACMEPARCHIV","MSSQLSERVER","PACMEPARCHIV","DCMARCHMOSAIQ","DB ROLE MEMBERS","PACMEPARCHIV\Administrator","db_eaaccess"
"PACMEPARCHIV","MSSQLSERVER","PACMEPARCHIV","DCMARCHMOSAIQ","DB ROLE MEMBERS","PACMEPARCHIV\EA_ACCESS","db_eaaccess"
"PACMEPARCHIV","MSSQLSERVER","PACMEPARCHIV","DCMARCHMOSAIQ","DB ROLE MEMBERS","PACMEPARCHIV\EA_USER","db_eaaccess"
"PACMEPARCHIV","MSSQLSERVER","PACMEPARCHIV","DCMARCHMOSAIQ","DB ROLE MEMBERS","PACMEPARCHIV\EA_USER","db_owner"
"PACMEPARCHIV","MSSQLSERVER","PACMEPARCHIV","DCMARCHPACS","DB ROLE MEMBERS","dbo","db_owner"
"PACMEPARCHIV","MSSQLSERVER","PACMEPARCHIV","DCMARCHPACS","DB ROLE MEMBERS","PACMEPARCHIV4\EA_ACCESS","db_eaaccess"
"PACMEPARCHIV","MSSQLSERVER","PACMEPARCHIV","DCMARCHPACS","DB ROLE MEMBERS","CheckSumUser","db_datareader"
"PACMEPARCHIV","MSSQLSERVER","PACMEPARCHIV","DCMARCHPACS","DB ROLE MEMBERS","onwatch","db_datareader"
"PACMEPARCHIV","MSSQLSERVER","PACMEPARCHIV","DCMARCHPACS","DB ROLE MEMBERS","PACMEPARCHIV\EA_ACCESS","db_eaaccess"
"PACMEPARCHIV","MSSQLSERVER","PACMEPARCHIV","DCMARCHPACS","DB ROLE MEMBERS","PACMEPARCHIV\Administrator","db_eaaccess"
"PACMEPARCHIV","MSSQLSERVER","PACMEPARCHIV","DCMARCHPACS","DB ROLE MEMBERS","PACMEPARCHIV\EA_USER","db_eaaccess"
"PACMEPARCHIV","MSSQLSERVER","PACMEPARCHIV","DCMARCHPACS","DB ROLE MEMBERS","PACMEPARCHIV\EA_USER","db_owner"
"PACMEPARCHIV","MSSQLSERVER","PACMEPARCHIV","DCMARCHROGAN","DB ROLE MEMBERS","dbo","db_owner"
"PACMEPARCHIV","MSSQLSERVER","PACMEPARCHIV","DCMARCHROGAN","DB ROLE MEMBERS","PACMEPARCHIV4\EA_ACCESS","db_eaaccess"
"PACMEPARCHIV","MSSQLSERVER","PACMEPARCHIV","DCMARCHROGAN","DB ROLE MEMBERS","onwatch","db_datareader"
"PACMEPARCHIV","MSSQLSERVER","PACMEPARCHIV","DCMARCHROGAN","DB ROLE MEMBERS","PACMEPARCHIV\EA_ACCESS","db_eaaccess"
"PACMEPARCHIV","MSSQLSERVER","PACMEPARCHIV","DCMARCHROGAN","DB ROLE MEMBERS","PACMEPARCHIV\Administrator","db_eaaccess"
"PACMEPARCHIV","MSSQLSERVER","PACMEPARCHIV","DCMARCHROGAN","DB ROLE MEMBERS","PACMEPARCHIV\EA_USER","db_eaaccess"
"PACMEPARCHIV","MSSQLSERVER","PACMEPARCHIV","DCMARCHROGAN","DB ROLE MEMBERS","PACMEPARCHIV\EA_USER","db_owner"
"PACMEPARCHIV","MSSQLSERVER","PACMEPARCHIV","ILM","DB ROLE MEMBERS","dbo","db_owner"
"PACMEPARCHIV","MSSQLSERVER","PACMEPARCHIV","RSAdmin","DB ROLE MEMBERS","dbo","db_owner"
"PACMEPARCHIV","MSSQLSERVER","PACMEPARCHIV","RSConnect","DB ROLE MEMBERS","dbo","db_owner"
"PACMEPARCHIV","MSSQLSERVER","PACMEPARCHIV","RSConnect","DB ROLE MEMBERS","onwatch","db_datareader"
"PACMEPARCHIV","MSSQLSERVER","PACMEPARCHIV","RSEvent","DB ROLE MEMBERS","dbo","db_owner"
