#TYPE Selected.Microsoft.SqlServer.Management.Smo.Database
"BackupStatus","ComputerName","InstanceName","SqlInstance","SizeMB","Compatibility","Encrypted","LastFullBackup","LastDiffBackup","LastLogBackup","Name"
,"SWAMEPAID","MSSQLSERVER","SWAMEPAID","2196,9375","Version100","False","06.03.2025 20:47:48","01.01.0001 00:00:00","01.01.0001 00:00:00","aidklinik_kunde"
,"SWAMEPAID","MSSQLSERVER","SWAMEPAID","955,0625","Version100","False","06.03.2025 20:47:48","01.01.0001 00:00:00","01.01.0001 00:00:00","aidklinik_log"
,"SWAMEPAID","MSSQLSERVER","SWAMEPAID","3916,5","Version100","False","06.03.2025 20:47:48","01.01.0001 00:00:00","01.01.0001 00:00:00","aidklinik_master"
