#TYPE Selected.Microsoft.SqlServer.Management.Smo.Login
"ComputerName","InstanceName","SqlInstance","Name","DefaultDatabase","IsDisabled","IsLocked","IsPasswordExpired","LoginType"
"SWAMEPAID","MSSQLSERVER","SWAMEPAID","##MS_PolicyEventProcessingLogin##","master","True","False","False","SqlLogin"
"SWAMEPAID","MSSQLSERVER","SWAMEPAID","##MS_PolicyTsqlExecutionLogin##","master","True","False","False","SqlLogin"
"SWAMEPAID","MSSQLSERVER","SWAMEPAID","aidklinik","aidklinik_master","False","False","False","SqlLogin"
"SWAMEPAID","MSSQLSERVER","SWAMEPAID","backup","aidklinik_master","True","False","False","SqlLogin"
"SWAMEPAID","MSSQLSERVER","SWAMEPAID","cms","aidklinik_master","False","False","False","SqlLogin"
"SWAMEPAID","MSSQLSERVER","SWAMEPAID","INTRA\S_inf_SQLSRV-Supp","master","False",,,"WindowsGroup"
"SWAMEPAID","MSSQLSERVER","SWAMEPAID","NT AUTHORITY\SYSTEM","master","False",,,"WindowsUser"
"SWAMEPAID","MSSQLSERVER","SWAMEPAID","NT SERVICE\MSSQLSERVER","master","False",,,"WindowsUser"
"SWAMEPAID","MSSQLSERVER","SWAMEPAID","NT SERVICE\SQLTELEMETRY","master","False",,,"WindowsUser"
"SWAMEPAID","MSSQLSERVER","SWAMEPAID","NT SERVICE\SQLWriter","master","False",,,"WindowsUser"
"SWAMEPAID","MSSQLSERVER","SWAMEPAID","NT SERVICE\Winmgmt","master","False",,,"WindowsUser"
"SWAMEPAID","MSSQLSERVER","SWAMEPAID","sa","master","False","False","False","SqlLogin"
"SWAMEPAID","MSSQLSERVER","SWAMEPAID","sa_dosing_backup","master","False","False","False","SqlLogin"
"SWAMEPAID","MSSQLSERVER","SWAMEPAID","SWAMEPAID\sql-admin","master","False",,,"WindowsGroup"
