#TYPE Selected.System.Management.Automation.PSCustomObject
"ComputerName","InstanceName","SqlInstance","Object","Type","Member","RoleSecurableClass"
"SWAMEPAID","MSSQLSERVER","SWAMEPAID","SERVER","SERVER LOGINS","sa","sysadmin"
"SWAMEPAID","MSSQLSERVER","SWAMEPAID","SERVER","SERVER LOGINS","aidklinik","None"
"SWAMEPAID","MSSQLSERVER","SWAMEPAID","SERVER","SERVER LOGINS","backup","None"
"SWAMEPAID","MSSQLSERVER","SWAMEPAID","SERVER","SERVER LOGINS","cms","None"
"SWAMEPAID","MSSQLSERVER","SWAMEPAID","SERVER","SERVER LOGINS","SWAMEPAID\sql-admin","sysadmin"
"SWAMEPAID","MSSQLSERVER","SWAMEPAID","SERVER","SERVER LOGINS","sa_dosing_backup","sysadmin"
"SWAMEPAID","MSSQLSERVER","SWAMEPAID","SERVER","SERVER LOGINS","INTRA\S_inf_SQLSRV-Supp","sysadmin"
"SWAMEPAID","MSSQLSERVER","SWAMEPAID","aidklinik_kunde","DB ROLE MEMBERS","dbo","db_owner"
"SWAMEPAID","MSSQLSERVER","SWAMEPAID","aidklinik_kunde","DB ROLE MEMBERS","aidklinik","db_datareader"
"SWAMEPAID","MSSQLSERVER","SWAMEPAID","aidklinik_kunde","DB ROLE MEMBERS","aidklinik","db_datawriter"
"SWAMEPAID","MSSQLSERVER","SWAMEPAID","aidklinik_kunde","DB ROLE MEMBERS","KHD\MarkmannAnja","rotehand_pflege"
"SWAMEPAID","MSSQLSERVER","SWAMEPAID","aidklinik_kunde","DB ROLE MEMBERS","KHD\schmittsimon","medinf"
"SWAMEPAID","MSSQLSERVER","SWAMEPAID","aidklinik_kunde","DB ROLE MEMBERS","KHD\schmittsimon","niere_pfleger"
"SWAMEPAID","MSSQLSERVER","SWAMEPAID","aidklinik_kunde","DB ROLE MEMBERS","KHD\sengerchristian","dafo_pflege"
"SWAMEPAID","MSSQLSERVER","SWAMEPAID","aidklinik_kunde","DB ROLE MEMBERS","KHD\sengerchristian","medinf"
"SWAMEPAID","MSSQLSERVER","SWAMEPAID","aidklinik_kunde","DB ROLE MEMBERS","KHD\WirtherleAndreas","medinf"
"SWAMEPAID","MSSQLSERVER","SWAMEPAID","aidklinik_kunde","DB ROLE MEMBERS","KHD\WirtherleAndreas","db_ddladmin"
"SWAMEPAID","MSSQLSERVER","SWAMEPAID","aidklinik_kunde","DB ROLE MEMBERS","KHD\WirtherleAndreas","db_datareader"
"SWAMEPAID","MSSQLSERVER","SWAMEPAID","aidklinik_kunde","DB ROLE MEMBERS","KHD\WirtherleAndreas","db_datawriter"
"SWAMEPAID","MSSQLSERVER","SWAMEPAID","aidklinik_kunde","DB ROLE MEMBERS","KHD\pruszydlomarkus","medinf"
"SWAMEPAID","MSSQLSERVER","SWAMEPAID","aidklinik_kunde","DB ROLE MEMBERS","KHD\KaltschmidtJens","db_datareader"
"SWAMEPAID","MSSQLSERVER","SWAMEPAID","aidklinik_kunde","DB ROLE MEMBERS","copra","copra_leser"
"SWAMEPAID","MSSQLSERVER","SWAMEPAID","aidklinik_kunde","DB ROLE MEMBERS","backup","db_backupoperator"
"SWAMEPAID","MSSQLSERVER","SWAMEPAID","aidklinik_kunde","DB ROLE MEMBERS","replikation","db_owner"
"SWAMEPAID","MSSQLSERVER","SWAMEPAID","aidklinik_kunde","DB ROLE MEMBERS","sa_englisch","db_owner"
"SWAMEPAID","MSSQLSERVER","SWAMEPAID","aidklinik_kunde","DB ROLE MEMBERS","KHD\ZhorschelJohannes","db_datareader"
"SWAMEPAID","MSSQLSERVER","SWAMEPAID","aidklinik_kunde","DB ROLE MEMBERS","KHD\SeidlingHanna","dafo_pflege"
"SWAMEPAID","MSSQLSERVER","SWAMEPAID","aidklinik_kunde","DB ROLE MEMBERS","KHD\SeidlingHanna","db_datareader"
"SWAMEPAID","MSSQLSERVER","SWAMEPAID","aidklinik_kunde","DB ROLE MEMBERS","KHD\CzockDavid","db_datareader"
"SWAMEPAID","MSSQLSERVER","SWAMEPAID","aidklinik_kunde","DB ROLE MEMBERS","KHD\MetznerMichael","medinf"
"SWAMEPAID","MSSQLSERVER","SWAMEPAID","aidklinik_kunde","DB ROLE MEMBERS","cms","db_ddladmin"
"SWAMEPAID","MSSQLSERVER","SWAMEPAID","aidklinik_kunde","DB ROLE MEMBERS","cms","db_datareader"
"SWAMEPAID","MSSQLSERVER","SWAMEPAID","aidklinik_kunde","DB ROLE MEMBERS","cms","db_datawriter"
"SWAMEPAID","MSSQLSERVER","SWAMEPAID","aidklinik_kunde","DB ROLE MEMBERS","KHD\HaesnerMaik","db_datareader"
"SWAMEPAID","MSSQLSERVER","SWAMEPAID","aidklinik_kunde","DB ROLE MEMBERS","KHD\WuJie","db_datareader"
"SWAMEPAID","MSSQLSERVER","SWAMEPAID","aidklinik_kunde","DB ROLE MEMBERS","KHD\KetabiNahal","rotehand_pflege"
"SWAMEPAID","MSSQLSERVER","SWAMEPAID","aidklinik_kunde","DB ROLE MEMBERS","KHD\JankSusanne","rotehand_pflege"
"SWAMEPAID","MSSQLSERVER","SWAMEPAID","aidklinik_kunde","DB ROLE MEMBERS","KHD\HaefeliWalterEmil","rotehand_pflege"
"SWAMEPAID","MSSQLSERVER","SWAMEPAID","aidklinik_kunde","DB ROLE MEMBERS","KHD\AlbarmawiAlbader","db_datareader"
"SWAMEPAID","MSSQLSERVER","SWAMEPAID","aidklinik_log","DB ROLE MEMBERS","dbo","db_owner"
"SWAMEPAID","MSSQLSERVER","SWAMEPAID","aidklinik_log","DB ROLE MEMBERS","CMS","db_ddladmin"
"SWAMEPAID","MSSQLSERVER","SWAMEPAID","aidklinik_log","DB ROLE MEMBERS","backup","db_backupoperator"
"SWAMEPAID","MSSQLSERVER","SWAMEPAID","aidklinik_log","DB ROLE MEMBERS","CMS","db_datareader"
"SWAMEPAID","MSSQLSERVER","SWAMEPAID","aidklinik_log","DB ROLE MEMBERS","aidklinik","db_datareader"
"SWAMEPAID","MSSQLSERVER","SWAMEPAID","aidklinik_log","DB ROLE MEMBERS","CMS","db_datawriter"
"SWAMEPAID","MSSQLSERVER","SWAMEPAID","aidklinik_log","DB ROLE MEMBERS","aidklinik","db_datawriter"
"SWAMEPAID","MSSQLSERVER","SWAMEPAID","aidklinik_master","DB ROLE MEMBERS","dbo","db_owner"
"SWAMEPAID","MSSQLSERVER","SWAMEPAID","aidklinik_master","DB ROLE MEMBERS","copra","hd_copra"
"SWAMEPAID","MSSQLSERVER","SWAMEPAID","aidklinik_master","DB ROLE MEMBERS","nexus","extern_nexus"
"SWAMEPAID","MSSQLSERVER","SWAMEPAID","aidklinik_master","DB ROLE MEMBERS","gimtec_aid","extern_gimtec"
"SWAMEPAID","MSSQLSERVER","SWAMEPAID","aidklinik_master","DB ROLE MEMBERS","aidklinik","db_datareader"
"SWAMEPAID","MSSQLSERVER","SWAMEPAID","aidklinik_master","DB ROLE MEMBERS","extern","extern_ctrl"
"SWAMEPAID","MSSQLSERVER","SWAMEPAID","aidklinik_master","DB ROLE MEMBERS","aachen_aid","extern_ctrl"
"SWAMEPAID","MSSQLSERVER","SWAMEPAID","aidklinik_master","DB ROLE MEMBERS","AiDKlinikRW","db_owner"
"SWAMEPAID","MSSQLSERVER","SWAMEPAID","aidklinik_master","DB ROLE MEMBERS","CMS","db_datareader"
"SWAMEPAID","MSSQLSERVER","SWAMEPAID","aidklinik_master","DB ROLE MEMBERS","dosing_sa","db_owner"
