#TYPE Selected.Microsoft.SqlServer.Management.Smo.Login
"ComputerName","InstanceName","SqlInstance","Name","DefaultDatabase","IsDisabled","IsLocked","IsPasswordExpired","LoginType"
"ROXTRA3","MSSQLSERVER","ROXTRA3","##MS_PolicyEventProcessingLogin##","master","True","False","False","SqlLogin"
"ROXTRA3","MSSQLSERVER","ROXTRA3","##MS_PolicyTsqlExecutionLogin##","master","True","False","False","SqlLogin"
"ROXTRA3","MSSQLSERVER","ROXTRA3","BUILTIN\Administrators","master","False",,,"WindowsGroup"
"ROXTRA3","MSSQLSERVER","ROXTRA3","EFormulare","master","False","False","False","SqlLogin"
"ROXTRA3","MSSQLSERVER","ROXTRA3","INTRA\S_inf_SQLSRV-Supp","master","False",,,"WindowsGroup"
"ROXTRA3","MSSQLSERVER","ROXTRA3","NT AUTHORITY\SYSTEM","master","False",,,"WindowsUser"
"ROXTRA3","MSSQLSERVER","ROXTRA3","NT Service\MSSQLSERVER","master","False",,,"WindowsUser"
"ROXTRA3","MSSQLSERVER","ROXTRA3","NT SERVICE\SQLSERVERAGENT","master","False",,,"WindowsUser"
"ROXTRA3","MSSQLSERVER","ROXTRA3","NT SERVICE\SQLTELEMETRY","master","False",,,"WindowsUser"
"ROXTRA3","MSSQLSERVER","ROXTRA3","NT SERVICE\SQLWriter","master","False",,,"WindowsUser"
"ROXTRA3","MSSQLSERVER","ROXTRA3","NT SERVICE\Winmgmt","master","False",,,"WindowsUser"
"ROXTRA3","MSSQLSERVER","ROXTRA3","Roxtra","master","False","False","False","SqlLogin"
"ROXTRA3","MSSQLSERVER","ROXTRA3","roxtratemp","master","False","False","False","SqlLogin"
"ROXTRA3","MSSQLSERVER","ROXTRA3","sa","master","False","False","False","SqlLogin"
