#TYPE Selected.System.Management.Automation.PSCustomObject
"ComputerName","InstanceName","SqlInstance","Object","Type","Member","RoleSecurableClass"
"ROXTRA3","MSSQLSERVER","ROXTRA3","SERVER","SERVER LOGINS","sa","sysadmin"
"ROXTRA3","MSSQLSERVER","ROXTRA3","SERVER","SERVER LOGINS","BUILTIN\Administrators","sysadmin"
"ROXTRA3","MSSQLSERVER","ROXTRA3","SERVER","SERVER LOGINS","roxtratemp","sysadmin"
"ROXTRA3","MSSQLSERVER","ROXTRA3","SERVER","SERVER LOGINS","Roxtra","sysadmin"
"ROXTRA3","MSSQLSERVER","ROXTRA3","SERVER","SERVER LOGINS","EFormulare","None"
"ROXTRA3","MSSQLSERVER","ROXTRA3","SERVER","SERVER LOGINS","INTRA\S_inf_SQLSRV-Supp","sysadmin"
"ROXTRA3","MSSQLSERVER","ROXTRA3","EFormulare","DB ROLE MEMBERS","dbo","db_owner"
"ROXTRA3","MSSQLSERVER","ROXTRA3","EFormulare","DB ROLE MEMBERS","EFormulare","db_owner"
"ROXTRA3","MSSQLSERVER","ROXTRA3","Roxtra","DB ROLE MEMBERS","dbo","db_owner"
"ROXTRA3","MSSQLSERVER","ROXTRA3","Roxtra","DB ROLE MEMBERS","Roxtra","db_owner"
