#TYPE Selected.Microsoft.SqlServer.Management.Smo.Database
"BackupStatus","ComputerName","InstanceName","SqlInstance","SizeMB","Compatibility","Encrypted","LastFullBackup","LastDiffBackup","LastLogBackup","Name"
,"inftestdocu","MSSQLSERVER","inftestdocu","720","Version150","False","06.03.2025 20:25:24","01.01.0001 00:00:00","01.01.0001 00:00:00","docusnap.test"
,"inftestdocu","MSSQLSERVER","inftestdocu","66290,8125","Version140","False","06.03.2025 20:25:24","01.01.0001 00:00:00","01.01.0001 00:00:00","docusnapPRODKopie"
,"inftestdocu","MSSQLSERVER","inftestdocu","220","Version150","False","06.03.2025 20:25:24","01.01.0001 00:00:00","01.01.0001 00:00:00","docusnap.kritis"
,"inftestdocu","MSSQLSERVER","inftestdocu","740","Version150","False","06.03.2025 20:25:24","01.01.0001 00:00:00","01.01.0001 00:00:00","docusnap.MDM"
,"inftestdocu","MSSQLSERVER","inftestdocu","620","Version150","False","06.03.2025 20:25:24","01.01.0001 00:00:00","01.01.0001 00:00:00","docusnap.support"
