#TYPE Selected.Dataplat.Dbatools.Database.BackupHistory
"ComputerName","InstanceName","SqlInstance","AvailabilityGroupName","Database","Start","End","Duration","TotalSize","CompressedBackupSize","CompressionRatio","Type","IsCopyOnly"
"inftestdocu","MSSQLSERVER","inftestdocu",,"docusnapPRODKopie","06.03.2025 20:25:16","06.03.2025 20:25:24","00:00:08","55,79 GB","55,79 GB","1","Full","False"
"inftestdocu","MSSQLSERVER","inftestdocu",,"docusnapPRODKopie","05.03.2025 20:08:28","05.03.2025 20:08:33","00:00:05","55,80 GB","55,80 GB","1","Full","False"
"inftestdocu","MSSQLSERVER","inftestdocu",,"docusnapPRODKopie","04.03.2025 20:08:10","04.03.2025 20:08:16","00:00:06","55,80 GB","55,80 GB","1","Full","False"
"inftestdocu","MSSQLSERVER","inftestdocu",,"docusnapPRODKopie","03.03.2025 20:07:49","03.03.2025 20:07:59","00:00:10","55,80 GB","55,80 GB","1","Full","False"
"inftestdocu","MSSQLSERVER","inftestdocu",,"docusnapPRODKopie","03.03.2025 10:45:52","03.03.2025 10:47:58","00:02:06","55,98 GB","8,31 GB","6,74","Full","False"
"inftestdocu","MSSQLSERVER","inftestdocu",,"docusnapPRODKopie","02.03.2025 20:07:53","02.03.2025 20:08:06","00:00:13","55,98 GB","55,98 GB","1","Full","False"
"inftestdocu","MSSQLSERVER","inftestdocu",,"docusnapPRODKopie","01.03.2025 20:07:36","01.03.2025 20:07:47","00:00:11","55,98 GB","55,98 GB","1","Full","False"
"inftestdocu","MSSQLSERVER","inftestdocu",,"docusnapPRODKopie","28.02.2025 20:08:22","28.02.2025 20:08:33","00:00:11","55,98 GB","55,98 GB","1","Full","False"
"inftestdocu","MSSQLSERVER","inftestdocu",,"docusnap.MDM","06.03.2025 20:25:16","06.03.2025 20:25:24","00:00:08","568,57 MB","568,57 MB","1","Full","False"
"inftestdocu","MSSQLSERVER","inftestdocu",,"docusnap.MDM","05.03.2025 20:08:28","05.03.2025 20:08:33","00:00:05","568,57 MB","568,57 MB","1","Full","False"
"inftestdocu","MSSQLSERVER","inftestdocu",,"docusnap.MDM","04.03.2025 20:08:10","04.03.2025 20:08:16","00:00:06","568,58 MB","568,58 MB","1","Full","False"
"inftestdocu","MSSQLSERVER","inftestdocu",,"docusnap.MDM","03.03.2025 20:07:49","03.03.2025 20:07:59","00:00:10","568,57 MB","568,57 MB","1","Full","False"
"inftestdocu","MSSQLSERVER","inftestdocu",,"docusnap.MDM","02.03.2025 20:07:53","02.03.2025 20:08:06","00:00:13","568,57 MB","568,57 MB","1","Full","False"
"inftestdocu","MSSQLSERVER","inftestdocu",,"docusnap.MDM","01.03.2025 20:07:36","01.03.2025 20:07:47","00:00:11","568,57 MB","568,57 MB","1","Full","False"
"inftestdocu","MSSQLSERVER","inftestdocu",,"docusnap.MDM","28.02.2025 20:08:22","28.02.2025 20:08:33","00:00:11","568,57 MB","568,57 MB","1","Full","False"
"inftestdocu","MSSQLSERVER","inftestdocu",,"master","06.03.2025 20:25:16","06.03.2025 20:25:24","00:00:08","4,15 MB","4,15 MB","1","Full","False"
"inftestdocu","MSSQLSERVER","inftestdocu",,"master","05.03.2025 20:08:28","05.03.2025 20:08:33","00:00:05","4,15 MB","4,15 MB","1","Full","False"
"inftestdocu","MSSQLSERVER","inftestdocu",,"master","04.03.2025 20:08:10","04.03.2025 20:08:16","00:00:06","4,14 MB","4,14 MB","1","Full","False"
"inftestdocu","MSSQLSERVER","inftestdocu",,"master","03.03.2025 20:07:50","03.03.2025 20:07:59","00:00:09","4,15 MB","4,15 MB","1","Full","False"
"inftestdocu","MSSQLSERVER","inftestdocu",,"master","02.03.2025 20:07:53","02.03.2025 20:08:06","00:00:13","4,15 MB","4,15 MB","1","Full","False"
"inftestdocu","MSSQLSERVER","inftestdocu",,"master","01.03.2025 20:07:36","01.03.2025 20:07:48","00:00:12","4,15 MB","4,15 MB","1","Full","False"
"inftestdocu","MSSQLSERVER","inftestdocu",,"master","28.02.2025 20:08:22","28.02.2025 20:08:33","00:00:11","4,15 MB","4,15 MB","1","Full","False"
"inftestdocu","MSSQLSERVER","inftestdocu",,"docusnap.test","06.03.2025 20:25:16","06.03.2025 20:25:24","00:00:08","560,26 MB","560,26 MB","1","Full","False"
"inftestdocu","MSSQLSERVER","inftestdocu",,"docusnap.test","05.03.2025 20:08:28","05.03.2025 20:08:33","00:00:05","560,26 MB","560,26 MB","1","Full","False"
"inftestdocu","MSSQLSERVER","inftestdocu",,"docusnap.test","04.03.2025 20:08:10","04.03.2025 20:08:16","00:00:06","560,26 MB","560,26 MB","1","Full","False"
"inftestdocu","MSSQLSERVER","inftestdocu",,"docusnap.test","03.03.2025 20:07:49","03.03.2025 20:07:59","00:00:10","560,26 MB","560,26 MB","1","Full","False"
"inftestdocu","MSSQLSERVER","inftestdocu",,"docusnap.test","02.03.2025 20:07:53","02.03.2025 20:08:06","00:00:13","560,26 MB","560,26 MB","1","Full","False"
"inftestdocu","MSSQLSERVER","inftestdocu",,"docusnap.test","01.03.2025 20:07:36","01.03.2025 20:07:47","00:00:11","560,26 MB","560,26 MB","1","Full","False"
"inftestdocu","MSSQLSERVER","inftestdocu",,"docusnap.test","28.02.2025 20:08:22","28.02.2025 20:08:33","00:00:11","560,26 MB","560,26 MB","1","Full","False"
"inftestdocu","MSSQLSERVER","inftestdocu",,"msdb","06.03.2025 20:25:16","06.03.2025 20:25:24","00:00:08","41,55 MB","41,55 MB","1","Full","False"
"inftestdocu","MSSQLSERVER","inftestdocu",,"msdb","05.03.2025 20:08:28","05.03.2025 20:08:33","00:00:05","41,55 MB","41,55 MB","1","Full","False"
"inftestdocu","MSSQLSERVER","inftestdocu",,"msdb","04.03.2025 20:08:10","04.03.2025 20:08:16","00:00:06","41,52 MB","41,52 MB","1","Full","False"
"inftestdocu","MSSQLSERVER","inftestdocu",,"msdb","03.03.2025 20:07:49","03.03.2025 20:07:59","00:00:10","41,26 MB","41,26 MB","1","Full","False"
"inftestdocu","MSSQLSERVER","inftestdocu",,"msdb","02.03.2025 20:07:53","02.03.2025 20:08:06","00:00:13","41,30 MB","41,30 MB","1","Full","False"
"inftestdocu","MSSQLSERVER","inftestdocu",,"msdb","01.03.2025 20:07:36","01.03.2025 20:07:48","00:00:12","41,30 MB","41,30 MB","1","Full","False"
"inftestdocu","MSSQLSERVER","inftestdocu",,"msdb","28.02.2025 20:08:22","28.02.2025 20:08:33","00:00:11","41,30 MB","41,30 MB","1","Full","False"
"inftestdocu","MSSQLSERVER","inftestdocu",,"docusnap.support","06.03.2025 20:25:16","06.03.2025 20:25:24","00:00:08","461,38 MB","461,38 MB","1","Full","False"
"inftestdocu","MSSQLSERVER","inftestdocu",,"docusnap.support","05.03.2025 20:08:28","05.03.2025 20:08:33","00:00:05","461,38 MB","461,38 MB","1","Full","False"
"inftestdocu","MSSQLSERVER","inftestdocu",,"docusnap.support","04.03.2025 20:08:10","04.03.2025 20:08:16","00:00:06","461,39 MB","461,39 MB","1","Full","False"
"inftestdocu","MSSQLSERVER","inftestdocu",,"docusnap.support","03.03.2025 20:07:49","03.03.2025 20:07:59","00:00:10","461,38 MB","461,38 MB","1","Full","False"
"inftestdocu","MSSQLSERVER","inftestdocu",,"docusnap.support","02.03.2025 20:07:53","02.03.2025 20:08:06","00:00:13","461,38 MB","461,38 MB","1","Full","False"
"inftestdocu","MSSQLSERVER","inftestdocu",,"docusnap.support","01.03.2025 20:07:36","01.03.2025 20:07:47","00:00:11","461,38 MB","461,38 MB","1","Full","False"
"inftestdocu","MSSQLSERVER","inftestdocu",,"docusnap.support","28.02.2025 20:08:22","28.02.2025 20:08:33","00:00:11","461,38 MB","461,38 MB","1","Full","False"
"inftestdocu","MSSQLSERVER","inftestdocu",,"docusnap.kritis","06.03.2025 20:25:16","06.03.2025 20:25:24","00:00:08","114,32 MB","114,32 MB","1","Full","False"
"inftestdocu","MSSQLSERVER","inftestdocu",,"docusnap.kritis","05.03.2025 20:08:28","05.03.2025 20:08:33","00:00:05","114,32 MB","114,32 MB","1","Full","False"
"inftestdocu","MSSQLSERVER","inftestdocu",,"docusnap.kritis","04.03.2025 20:08:09","04.03.2025 20:08:16","00:00:07","114,32 MB","114,32 MB","1","Full","False"
"inftestdocu","MSSQLSERVER","inftestdocu",,"docusnap.kritis","03.03.2025 20:07:49","03.03.2025 20:07:59","00:00:10","114,32 MB","114,32 MB","1","Full","False"
"inftestdocu","MSSQLSERVER","inftestdocu",,"docusnap.kritis","02.03.2025 20:07:53","02.03.2025 20:08:06","00:00:13","114,32 MB","114,32 MB","1","Full","False"
"inftestdocu","MSSQLSERVER","inftestdocu",,"docusnap.kritis","01.03.2025 20:07:36","01.03.2025 20:07:47","00:00:11","114,32 MB","114,32 MB","1","Full","False"
"inftestdocu","MSSQLSERVER","inftestdocu",,"docusnap.kritis","28.02.2025 20:08:22","28.02.2025 20:08:33","00:00:11","114,32 MB","114,32 MB","1","Full","False"
"inftestdocu","MSSQLSERVER","inftestdocu",,"model","06.03.2025 20:25:16","06.03.2025 20:25:24","00:00:08","2,88 MB","2,88 MB","1","Full","False"
"inftestdocu","MSSQLSERVER","inftestdocu",,"model","05.03.2025 20:08:28","05.03.2025 20:08:33","00:00:05","2,88 MB","2,88 MB","1","Full","False"
"inftestdocu","MSSQLSERVER","inftestdocu",,"model","04.03.2025 20:08:10","04.03.2025 20:08:16","00:00:06","2,88 MB","2,88 MB","1","Full","False"
"inftestdocu","MSSQLSERVER","inftestdocu",,"model","03.03.2025 20:07:49","03.03.2025 20:07:59","00:00:10","2,88 MB","2,88 MB","1","Full","False"
"inftestdocu","MSSQLSERVER","inftestdocu",,"model","02.03.2025 20:07:53","02.03.2025 20:08:06","00:00:13","2,88 MB","2,88 MB","1","Full","False"
"inftestdocu","MSSQLSERVER","inftestdocu",,"model","01.03.2025 20:07:36","01.03.2025 20:07:48","00:00:12","2,88 MB","2,88 MB","1","Full","False"
"inftestdocu","MSSQLSERVER","inftestdocu",,"model","28.02.2025 20:08:22","28.02.2025 20:08:33","00:00:11","2,88 MB","2,88 MB","1","Full","False"
