#TYPE Selected.Microsoft.SqlServer.Management.Smo.Login
"ComputerName","InstanceName","SqlInstance","Name","DefaultDatabase","IsDisabled","IsLocked","IsPasswordExpired","LoginType"
"inftestdocu","MSSQLSERVER","inftestdocu","##MS_PolicyEventProcessingLogin##","master","True","False","False","SqlLogin"
"inftestdocu","MSSQLSERVER","inftestdocu","##MS_PolicyTsqlExecutionLogin##","master","True","False","False","SqlLogin"
"inftestdocu","MSSQLSERVER","inftestdocu","BUILTIN\Administrators","master","False",,,"WindowsGroup"
"inftestdocu","MSSQLSERVER","inftestdocu","docusnapDB","master","False","False","False","SqlLogin"
"inftestdocu","MSSQLSERVER","inftestdocu","INFTESTDOCU\docusnapadmin","master","False",,,"WindowsUser"
"inftestdocu","MSSQLSERVER","inftestdocu","INFTESTDOCU\SQL-Admin","master","False",,,"WindowsGroup"
"inftestdocu","MSSQLSERVER","inftestdocu","INTRA\AdexKCCS","master","False",,,"WindowsUser"
"inftestdocu","MSSQLSERVER","inftestdocu","INTRA\AdexKCDL","master","False",,,"WindowsUser"
"inftestdocu","MSSQLSERVER","inftestdocu","INTRA\adexkcoh","master","False",,,"WindowsUser"
"inftestdocu","MSSQLSERVER","inftestdocu","INTRA\admdba","master","False",,,"WindowsUser"
"inftestdocu","MSSQLSERVER","inftestdocu","INTRA\admDP6","master","False",,,"WindowsUser"
"inftestdocu","MSSQLSERVER","inftestdocu","INTRA\admft","master","False",,,"WindowsUser"
"inftestdocu","MSSQLSERVER","inftestdocu","INTRA\admpp","master","False",,,"WindowsUser"
"inftestdocu","MSSQLSERVER","inftestdocu","NT AUTHORITY\SYSTEM","master","False",,,"WindowsUser"
"inftestdocu","MSSQLSERVER","inftestdocu","NT SERVICE\MSSQLSERVER","master","False",,,"WindowsUser"
"inftestdocu","MSSQLSERVER","inftestdocu","NT SERVICE\SQLSERVERAGENT","master","False",,,"WindowsUser"
"inftestdocu","MSSQLSERVER","inftestdocu","NT SERVICE\SQLTELEMETRY","master","False",,,"WindowsUser"
"inftestdocu","MSSQLSERVER","inftestdocu","NT SERVICE\SQLWriter","master","False",,,"WindowsUser"
"inftestdocu","MSSQLSERVER","inftestdocu","NT SERVICE\Winmgmt","master","False",,,"WindowsUser"
"inftestdocu","MSSQLSERVER","inftestdocu","sa","master","False","False","False","SqlLogin"
