#TYPE Selected.System.Management.Automation.PSCustomObject
"ServerName","ComputerName","InstanceName","SqlInstance","Name","DisplayName","Description","ConfiguredValue","RunningValue","DefaultValue","IsRunningDefaultValue"
"INFTESTDOCU","inftestdocu","MSSQLSERVER","inftestdocu","CursorThreshold","cursor threshold","cursor threshold","-1","-1","0","False"
"INFTESTDOCU","inftestdocu","MSSQLSERVER","inftestdocu","MaxDegreeOfParallelism","max degree of parallelism","maximum degree of parallelism","4","4","0","False"
"INFTESTDOCU","inftestdocu","MSSQLSERVER","inftestdocu","MinServerMemory","min server memory (MB)","Minimum size of server memory (MB)","4000","4000","0","False"
"INFTESTDOCU","inftestdocu","MSSQLSERVER","inftestdocu","MaxServerMemory","max server memory (MB)","Maximum size of server memory (MB)","8000","8000","2147483647","False"
"INFTESTDOCU","inftestdocu","MSSQLSERVER","inftestdocu","DefaultTraceEnabled","default trace enabled","Enable or disable the default trace","1","1","0","False"
"INFTESTDOCU","inftestdocu","MSSQLSERVER","inftestdocu","ClrStrictSecurity","clr strict security","CLR strict security enabled in the server","1","1","0","False"
"INFTESTDOCU","inftestdocu","MSSQLSERVER","inftestdocu","VersionHighPartOfSqlServer","version high part of SQL Server","version high part of SQL Server that model database copied for","0","0",,"False"
"INFTESTDOCU","inftestdocu","MSSQLSERVER","inftestdocu","VersionLowPartOfSqlServer","version low part of SQL Server","version low part of SQL Server that model database copied for","0","0",,"False"
"INFTESTDOCU","inftestdocu","MSSQLSERVER","inftestdocu",,"max RPC request params (KB)","Maximum memory for RPC request parameters (kBytes)","0","0",,"False"
"INFTESTDOCU","inftestdocu","MSSQLSERVER","inftestdocu","AgentXPsEnabled","Agent XPs","Enable or disable Agent XPs","1","1","0","False"
