#TYPE Selected.System.Management.Automation.PSCustomObject
"ComputerName","InstanceName","SqlInstance","Object","Type","Member","RoleSecurableClass"
"inftestdocu","MSSQLSERVER","inftestdocu","SERVER","SERVER LOGINS","sa","sysadmin"
"inftestdocu","MSSQLSERVER","inftestdocu","SERVER","SERVER LOGINS","BUILTIN\Administrators","sysadmin"
"inftestdocu","MSSQLSERVER","inftestdocu","SERVER","SERVER LOGINS","INTRA\admDP6","sysadmin"
"inftestdocu","MSSQLSERVER","inftestdocu","SERVER","SERVER LOGINS","INTRA\adexkcoh","sysadmin"
"inftestdocu","MSSQLSERVER","inftestdocu","SERVER","SERVER LOGINS","INTRA\adexkcoh","dbcreator"
"inftestdocu","MSSQLSERVER","inftestdocu","SERVER","SERVER LOGINS","INTRA\admdba","sysadmin"
"inftestdocu","MSSQLSERVER","inftestdocu","SERVER","SERVER LOGINS","docusnapDB","dbcreator"
"inftestdocu","MSSQLSERVER","inftestdocu","SERVER","SERVER LOGINS","INTRA\admft","sysadmin"
"inftestdocu","MSSQLSERVER","inftestdocu","SERVER","SERVER LOGINS","INTRA\admpp","sysadmin"
"inftestdocu","MSSQLSERVER","inftestdocu","SERVER","SERVER LOGINS","INFTESTDOCU\SQL-Admin","sysadmin"
"inftestdocu","MSSQLSERVER","inftestdocu","SERVER","SERVER LOGINS","INTRA\AdexKCCS","sysadmin"
"inftestdocu","MSSQLSERVER","inftestdocu","SERVER","SERVER LOGINS","INTRA\AdexKCCS","serveradmin"
"inftestdocu","MSSQLSERVER","inftestdocu","SERVER","SERVER LOGINS","INFTESTDOCU\docusnapadmin","sysadmin"
"inftestdocu","MSSQLSERVER","inftestdocu","SERVER","SERVER LOGINS","INFTESTDOCU\docusnapadmin","dbcreator"
"inftestdocu","MSSQLSERVER","inftestdocu","SERVER","SERVER LOGINS","INTRA\AdexKCDL","sysadmin"
"inftestdocu","MSSQLSERVER","inftestdocu","SERVER","SERVER LOGINS","INTRA\AdexKCDL","serveradmin"
"inftestdocu","MSSQLSERVER","inftestdocu","docusnap.kritis","DB ROLE MEMBERS","dbo","db_owner"
"inftestdocu","MSSQLSERVER","inftestdocu","docusnap.kritis","DB ROLE MEMBERS","webclient","role_serverapi"
"inftestdocu","MSSQLSERVER","inftestdocu","docusnap.MDM","DB ROLE MEMBERS","dbo","db_owner"
"inftestdocu","MSSQLSERVER","inftestdocu","docusnap.MDM","DB ROLE MEMBERS","webclient","role_serverapi"
"inftestdocu","MSSQLSERVER","inftestdocu","docusnap.support","DB ROLE MEMBERS","dbo","db_owner"
"inftestdocu","MSSQLSERVER","inftestdocu","docusnap.support","DB ROLE MEMBERS","webclient","role_serverapi"
"inftestdocu","MSSQLSERVER","inftestdocu","docusnap.test","DB ROLE MEMBERS","dbo","db_owner"
"inftestdocu","MSSQLSERVER","inftestdocu","docusnap.test","DB ROLE MEMBERS","webclient","role_serverapi"
"inftestdocu","MSSQLSERVER","inftestdocu","docusnap.test","DB ROLE MEMBERS","INTRA\adexkcoh","db_owner"
"inftestdocu","MSSQLSERVER","inftestdocu","docusnapPRODKopie","DB ROLE MEMBERS","dbo","db_owner"
"inftestdocu","MSSQLSERVER","inftestdocu","docusnapPRODKopie","DB ROLE MEMBERS","webclient","role_serverapi"
"inftestdocu","MSSQLSERVER","inftestdocu","docusnapPRODKopie","DB ROLE MEMBERS","INTRA\S_Docusnap_Admin","db_owner"
"inftestdocu","MSSQLSERVER","inftestdocu","docusnapPRODKopie","DB ROLE MEMBERS","INTRA\S_Docusnap_Admin","db_datareader"
