#TYPE Selected.Microsoft.SqlServer.Management.Smo.Database
"BackupStatus","ComputerName","InstanceName","SqlInstance","SizeMB","Compatibility","Encrypted","LastFullBackup","LastDiffBackup","LastLogBackup","Name"
,"PACTESTUVN1","MSSQLSERVER","PACTESTUVN1","16","Version130","False","07.03.2025 02:40:27","01.01.0001 00:00:00","07.03.2025 02:44:19","ReportServer"
,"PACTESTUVN1","MSSQLSERVER","PACTESTUVN1","16","Version130","False","07.03.2025 02:40:27","01.01.0001 00:00:00","01.01.0001 00:00:00","ReportServerTempDB"
,"PACTESTUVN1","MSSQLSERVER","PACTESTUVN1","529306","Version130","False","07.03.2025 02:40:27","01.01.0001 00:00:00","01.01.0001 00:00:00","IMAGE"
,"PACTESTUVN1","MSSQLSERVER","PACTESTUVN1","1032283,75","Version110","False","07.03.2025 02:40:27","01.01.0001 00:00:00","01.01.0001 00:00:00","IMAGE_temp"
