#TYPE Selected.Dataplat.Dbatools.Database.BackupHistory
"ComputerName","InstanceName","SqlInstance","AvailabilityGroupName","Database","Start","End","Duration","TotalSize","CompressedBackupSize","CompressionRatio","Type","IsCopyOnly"
"PACTESTUVN1","MSSQLSERVER","PACTESTUVN1",,"IMAGE_temp","07.03.2025 02:40:19","07.03.2025 02:40:27","00:00:08","1.007,89 GB","1.007,89 GB","1","Full","False"
"PACTESTUVN1","MSSQLSERVER","PACTESTUVN1",,"IMAGE_temp","05.03.2025 23:04:11","05.03.2025 23:04:17","00:00:06","1.007,89 GB","1.007,89 GB","1","Full","False"
"PACTESTUVN1","MSSQLSERVER","PACTESTUVN1",,"IMAGE_temp","04.03.2025 23:07:14","04.03.2025 23:07:24","00:00:10","1.007,89 GB","1.007,89 GB","1","Full","False"
"PACTESTUVN1","MSSQLSERVER","PACTESTUVN1",,"IMAGE_temp","03.03.2025 23:03:46","03.03.2025 23:03:54","00:00:08","1.007,89 GB","1.007,89 GB","1","Full","False"
"PACTESTUVN1","MSSQLSERVER","PACTESTUVN1",,"IMAGE_temp","02.03.2025 23:03:06","02.03.2025 23:03:14","00:00:08","1.007,89 GB","1.007,89 GB","1","Full","False"
"PACTESTUVN1","MSSQLSERVER","PACTESTUVN1",,"IMAGE_temp","01.03.2025 23:03:10","01.03.2025 23:03:18","00:00:08","1.007,89 GB","1.007,89 GB","1","Full","False"
"PACTESTUVN1","MSSQLSERVER","PACTESTUVN1",,"IMAGE_temp","28.02.2025 23:05:36","28.02.2025 23:05:45","00:00:09","1.007,89 GB","1.007,89 GB","1","Full","False"
"PACTESTUVN1","MSSQLSERVER","PACTESTUVN1",,"master","07.03.2025 02:40:19","07.03.2025 02:40:27","00:00:08","3,83 MB","3,83 MB","1","Full","False"
"PACTESTUVN1","MSSQLSERVER","PACTESTUVN1",,"master","05.03.2025 23:04:11","05.03.2025 23:04:17","00:00:06","3,83 MB","3,83 MB","1","Full","False"
"PACTESTUVN1","MSSQLSERVER","PACTESTUVN1",,"master","04.03.2025 23:07:14","04.03.2025 23:07:24","00:00:10","3,83 MB","3,83 MB","1","Full","False"
"PACTESTUVN1","MSSQLSERVER","PACTESTUVN1",,"master","03.03.2025 23:03:46","03.03.2025 23:03:54","00:00:08","3,81 MB","3,81 MB","1","Full","False"
"PACTESTUVN1","MSSQLSERVER","PACTESTUVN1",,"master","02.03.2025 23:03:07","02.03.2025 23:03:14","00:00:07","3,83 MB","3,83 MB","1","Full","False"
"PACTESTUVN1","MSSQLSERVER","PACTESTUVN1",,"master","01.03.2025 23:03:10","01.03.2025 23:03:18","00:00:08","3,83 MB","3,83 MB","1","Full","False"
"PACTESTUVN1","MSSQLSERVER","PACTESTUVN1",,"master","28.02.2025 23:05:37","28.02.2025 23:05:45","00:00:08","3,83 MB","3,83 MB","1","Full","False"
"PACTESTUVN1","MSSQLSERVER","PACTESTUVN1",,"IMAGE","07.03.2025 02:40:19","07.03.2025 02:40:27","00:00:08","387,21 GB","387,21 GB","1","Full","False"
"PACTESTUVN1","MSSQLSERVER","PACTESTUVN1",,"IMAGE","05.03.2025 23:04:10","05.03.2025 23:04:17","00:00:07","387,21 GB","387,21 GB","1","Full","False"
"PACTESTUVN1","MSSQLSERVER","PACTESTUVN1",,"IMAGE","04.03.2025 23:07:14","04.03.2025 23:07:24","00:00:10","387,21 GB","387,21 GB","1","Full","False"
"PACTESTUVN1","MSSQLSERVER","PACTESTUVN1",,"IMAGE","03.03.2025 23:03:46","03.03.2025 23:03:54","00:00:08","387,21 GB","387,21 GB","1","Full","False"
"PACTESTUVN1","MSSQLSERVER","PACTESTUVN1",,"IMAGE","02.03.2025 23:03:06","02.03.2025 23:03:14","00:00:08","387,21 GB","387,21 GB","1","Full","False"
"PACTESTUVN1","MSSQLSERVER","PACTESTUVN1",,"IMAGE","01.03.2025 23:03:10","01.03.2025 23:03:18","00:00:08","387,21 GB","387,21 GB","1","Full","False"
"PACTESTUVN1","MSSQLSERVER","PACTESTUVN1",,"IMAGE","28.02.2025 23:05:36","28.02.2025 23:05:45","00:00:09","387,21 GB","387,21 GB","1","Full","False"
"PACTESTUVN1","MSSQLSERVER","PACTESTUVN1",,"msdb","07.03.2025 02:40:19","07.03.2025 02:40:27","00:00:08","33,05 MB","33,05 MB","1","Full","False"
"PACTESTUVN1","MSSQLSERVER","PACTESTUVN1",,"msdb","05.03.2025 23:04:11","05.03.2025 23:04:17","00:00:06","32,93 MB","32,93 MB","1","Full","False"
"PACTESTUVN1","MSSQLSERVER","PACTESTUVN1",,"msdb","04.03.2025 23:07:14","04.03.2025 23:07:24","00:00:10","32,93 MB","32,93 MB","1","Full","False"
"PACTESTUVN1","MSSQLSERVER","PACTESTUVN1",,"msdb","03.03.2025 23:03:46","03.03.2025 23:03:54","00:00:08","32,93 MB","32,93 MB","1","Full","False"
"PACTESTUVN1","MSSQLSERVER","PACTESTUVN1",,"msdb","02.03.2025 23:03:07","02.03.2025 23:03:14","00:00:07","32,87 MB","32,87 MB","1","Full","False"
"PACTESTUVN1","MSSQLSERVER","PACTESTUVN1",,"msdb","01.03.2025 23:03:10","01.03.2025 23:03:18","00:00:08","32,87 MB","32,87 MB","1","Full","False"
"PACTESTUVN1","MSSQLSERVER","PACTESTUVN1",,"msdb","28.02.2025 23:05:37","28.02.2025 23:05:45","00:00:08","32,85 MB","32,85 MB","1","Full","False"
"PACTESTUVN1","MSSQLSERVER","PACTESTUVN1",,"ReportServer","07.03.2025 02:44:19","07.03.2025 02:44:19","00:00:00","76,00 KB","76,00 KB","1","Log","False"
"PACTESTUVN1","MSSQLSERVER","PACTESTUVN1",,"ReportServer","07.03.2025 02:40:19","07.03.2025 02:40:27","00:00:08","6,07 MB","6,07 MB","1","Full","False"
"PACTESTUVN1","MSSQLSERVER","PACTESTUVN1",,"ReportServer","05.03.2025 23:11:52","05.03.2025 23:11:52","00:00:00","76,00 KB","76,00 KB","1","Log","False"
"PACTESTUVN1","MSSQLSERVER","PACTESTUVN1",,"ReportServer","05.03.2025 23:04:11","05.03.2025 23:04:17","00:00:06","6,07 MB","6,07 MB","1","Full","False"
"PACTESTUVN1","MSSQLSERVER","PACTESTUVN1",,"ReportServer","05.03.2025 01:11:14","05.03.2025 01:11:14","00:00:00","76,00 KB","76,00 KB","1","Log","False"
"PACTESTUVN1","MSSQLSERVER","PACTESTUVN1",,"ReportServer","04.03.2025 23:07:14","04.03.2025 23:07:24","00:00:10","6,07 MB","6,07 MB","1","Full","False"
"PACTESTUVN1","MSSQLSERVER","PACTESTUVN1",,"ReportServer","03.03.2025 23:08:37","03.03.2025 23:08:37","00:00:00","76,00 KB","76,00 KB","1","Log","False"
"PACTESTUVN1","MSSQLSERVER","PACTESTUVN1",,"ReportServer","03.03.2025 23:03:46","03.03.2025 23:03:54","00:00:08","6,07 MB","6,07 MB","1","Full","False"
"PACTESTUVN1","MSSQLSERVER","PACTESTUVN1",,"ReportServer","02.03.2025 23:06:10","02.03.2025 23:06:10","00:00:00","76,00 KB","76,00 KB","1","Log","False"
"PACTESTUVN1","MSSQLSERVER","PACTESTUVN1",,"ReportServer","02.03.2025 23:03:07","02.03.2025 23:03:14","00:00:07","6,07 MB","6,07 MB","1","Full","False"
"PACTESTUVN1","MSSQLSERVER","PACTESTUVN1",,"ReportServer","01.03.2025 23:07:30","01.03.2025 23:07:30","00:00:00","76,00 KB","76,00 KB","1","Log","False"
"PACTESTUVN1","MSSQLSERVER","PACTESTUVN1",,"ReportServer","01.03.2025 23:03:10","01.03.2025 23:03:18","00:00:08","6,07 MB","6,07 MB","1","Full","False"
"PACTESTUVN1","MSSQLSERVER","PACTESTUVN1",,"ReportServer","28.02.2025 23:08:19","28.02.2025 23:08:19","00:00:00","76,00 KB","76,00 KB","1","Log","False"
"PACTESTUVN1","MSSQLSERVER","PACTESTUVN1",,"ReportServer","28.02.2025 23:05:37","28.02.2025 23:05:45","00:00:08","6,07 MB","6,07 MB","1","Full","False"
"PACTESTUVN1","MSSQLSERVER","PACTESTUVN1",,"model","07.03.2025 02:44:19","07.03.2025 02:44:19","00:00:00","78,00 KB","78,00 KB","1","Log","False"
"PACTESTUVN1","MSSQLSERVER","PACTESTUVN1",,"model","07.03.2025 02:40:19","07.03.2025 02:40:27","00:00:08","2,51 MB","2,51 MB","1","Full","False"
"PACTESTUVN1","MSSQLSERVER","PACTESTUVN1",,"model","05.03.2025 23:11:52","05.03.2025 23:11:52","00:00:00","78,00 KB","78,00 KB","1","Log","False"
"PACTESTUVN1","MSSQLSERVER","PACTESTUVN1",,"model","05.03.2025 23:04:11","05.03.2025 23:04:17","00:00:06","2,51 MB","2,51 MB","1","Full","False"
"PACTESTUVN1","MSSQLSERVER","PACTESTUVN1",,"model","05.03.2025 01:11:14","05.03.2025 01:11:14","00:00:00","78,00 KB","78,00 KB","1","Log","False"
"PACTESTUVN1","MSSQLSERVER","PACTESTUVN1",,"model","04.03.2025 23:07:14","04.03.2025 23:07:24","00:00:10","2,51 MB","2,51 MB","1","Full","False"
"PACTESTUVN1","MSSQLSERVER","PACTESTUVN1",,"model","03.03.2025 23:08:37","03.03.2025 23:08:37","00:00:00","78,00 KB","78,00 KB","1","Log","False"
"PACTESTUVN1","MSSQLSERVER","PACTESTUVN1",,"model","03.03.2025 23:03:46","03.03.2025 23:03:54","00:00:08","2,51 MB","2,51 MB","1","Full","False"
"PACTESTUVN1","MSSQLSERVER","PACTESTUVN1",,"model","02.03.2025 23:06:10","02.03.2025 23:06:10","00:00:00","78,00 KB","78,00 KB","1","Log","False"
"PACTESTUVN1","MSSQLSERVER","PACTESTUVN1",,"model","02.03.2025 23:03:07","02.03.2025 23:03:14","00:00:07","2,51 MB","2,51 MB","1","Full","False"
"PACTESTUVN1","MSSQLSERVER","PACTESTUVN1",,"model","01.03.2025 23:07:30","01.03.2025 23:07:30","00:00:00","78,00 KB","78,00 KB","1","Log","False"
"PACTESTUVN1","MSSQLSERVER","PACTESTUVN1",,"model","01.03.2025 23:03:10","01.03.2025 23:03:18","00:00:08","2,51 MB","2,51 MB","1","Full","False"
"PACTESTUVN1","MSSQLSERVER","PACTESTUVN1",,"model","28.02.2025 23:08:19","28.02.2025 23:08:19","00:00:00","78,00 KB","78,00 KB","1","Log","False"
"PACTESTUVN1","MSSQLSERVER","PACTESTUVN1",,"model","28.02.2025 23:05:37","28.02.2025 23:05:45","00:00:08","2,51 MB","2,51 MB","1","Full","False"
"PACTESTUVN1","MSSQLSERVER","PACTESTUVN1",,"ReportServerTempDB","07.03.2025 02:40:19","07.03.2025 02:40:27","00:00:08","3,70 MB","3,70 MB","1","Full","False"
"PACTESTUVN1","MSSQLSERVER","PACTESTUVN1",,"ReportServerTempDB","05.03.2025 23:04:11","05.03.2025 23:04:17","00:00:06","3,70 MB","3,70 MB","1","Full","False"
"PACTESTUVN1","MSSQLSERVER","PACTESTUVN1",,"ReportServerTempDB","04.03.2025 23:07:14","04.03.2025 23:07:24","00:00:10","3,70 MB","3,70 MB","1","Full","False"
"PACTESTUVN1","MSSQLSERVER","PACTESTUVN1",,"ReportServerTempDB","03.03.2025 23:03:46","03.03.2025 23:03:54","00:00:08","3,70 MB","3,70 MB","1","Full","False"
"PACTESTUVN1","MSSQLSERVER","PACTESTUVN1",,"ReportServerTempDB","02.03.2025 23:03:07","02.03.2025 23:03:14","00:00:07","3,70 MB","3,70 MB","1","Full","False"
"PACTESTUVN1","MSSQLSERVER","PACTESTUVN1",,"ReportServerTempDB","01.03.2025 23:03:10","01.03.2025 23:03:18","00:00:08","3,70 MB","3,70 MB","1","Full","False"
"PACTESTUVN1","MSSQLSERVER","PACTESTUVN1",,"ReportServerTempDB","28.02.2025 23:05:37","28.02.2025 23:05:45","00:00:08","3,70 MB","3,70 MB","1","Full","False"
