#TYPE Selected.Microsoft.SqlServer.Management.Smo.Login
"ComputerName","InstanceName","SqlInstance","Name","DefaultDatabase","IsDisabled","IsLocked","IsPasswordExpired","LoginType"
"PACTESTUVN1","MSSQLSERVER","PACTESTUVN1","##MS_PolicyEventProcessingLogin##","master","True","False","False","SqlLogin"
"PACTESTUVN1","MSSQLSERVER","PACTESTUVN1","##MS_PolicyTsqlExecutionLogin##","master","True","False","False","SqlLogin"
"PACTESTUVN1","MSSQLSERVER","PACTESTUVN1","BUILTIN\Administrators","master","False",,,"WindowsGroup"
"PACTESTUVN1","MSSQLSERVER","PACTESTUVN1","INTRA\admge","master","False",,,"WindowsUser"
"PACTESTUVN1","MSSQLSERVER","PACTESTUVN1","NT AUTHORITY\SYSTEM","master","False",,,"WindowsUser"
"PACTESTUVN1","MSSQLSERVER","PACTESTUVN1","NT Service\MSSQLSERVER","master","False",,,"WindowsUser"
"PACTESTUVN1","MSSQLSERVER","PACTESTUVN1","NT SERVICE\ReportServer","master","False",,,"WindowsUser"
"PACTESTUVN1","MSSQLSERVER","PACTESTUVN1","NT SERVICE\SQLSERVERAGENT","master","False",,,"WindowsUser"
"PACTESTUVN1","MSSQLSERVER","PACTESTUVN1","NT SERVICE\SQLTELEMETRY","master","False",,,"WindowsUser"
"PACTESTUVN1","MSSQLSERVER","PACTESTUVN1","NT SERVICE\SQLWriter","master","False",,,"WindowsUser"
"PACTESTUVN1","MSSQLSERVER","PACTESTUVN1","NT SERVICE\Winmgmt","master","False",,,"WindowsUser"
"PACTESTUVN1","MSSQLSERVER","PACTESTUVN1","sa","master","False","False","False","SqlLogin"
"PACTESTUVN1","MSSQLSERVER","PACTESTUVN1","SYSADM","IMAGE","False","False","False","SqlLogin"
