#TYPE Selected.System.Management.Automation.PSCustomObject
"ServerName","ComputerName","InstanceName","SqlInstance","Name","DisplayName","Description","ConfiguredValue","RunningValue","DefaultValue","IsRunningDefaultValue"
"PACTESTUVN1","PACTESTUVN1","MSSQLSERVER","PACTESTUVN1","ShowAdvancedOptions","show advanced options","show advanced options","1","1","0","False"
"PACTESTUVN1","PACTESTUVN1","MSSQLSERVER","PACTESTUVN1","MaxServerMemory","max server memory (MB)","Maximum size of server memory (MB)","6144","6144","2147483647","False"
"PACTESTUVN1","PACTESTUVN1","MSSQLSERVER","PACTESTUVN1","AgentXPsEnabled","Agent XPs","Enable or disable Agent XPs","1","1","0","False"
"PACTESTUVN1","PACTESTUVN1","MSSQLSERVER","PACTESTUVN1","XPCmdShellEnabled","xp_cmdshell","Enable or disable command shell","1","1","0","False"
