#TYPE Selected.System.Management.Automation.PSCustomObject
"ComputerName","InstanceName","SqlInstance","Object","Type","Member","RoleSecurableClass"
"PACTESTUVN1","MSSQLSERVER","PACTESTUVN1","SERVER","SERVER LOGINS","sa","sysadmin"
"PACTESTUVN1","MSSQLSERVER","PACTESTUVN1","SERVER","SERVER LOGINS","BUILTIN\Administrators","sysadmin"
"PACTESTUVN1","MSSQLSERVER","PACTESTUVN1","SERVER","SERVER LOGINS","SYSADM","None"
"PACTESTUVN1","MSSQLSERVER","PACTESTUVN1","SERVER","SERVER LOGINS","INTRA\admge","sysadmin"
"PACTESTUVN1","MSSQLSERVER","PACTESTUVN1","IMAGE","DB ROLE MEMBERS","dbo","db_owner"
"PACTESTUVN1","MSSQLSERVER","PACTESTUVN1","IMAGE","DB ROLE MEMBERS","SYSADM","db_owner"
"PACTESTUVN1","MSSQLSERVER","PACTESTUVN1","IMAGE_temp","DB ROLE MEMBERS","dbo","db_owner"
"PACTESTUVN1","MSSQLSERVER","PACTESTUVN1","IMAGE_temp","DB ROLE MEMBERS","SYSADM","db_owner"
"PACTESTUVN1","MSSQLSERVER","PACTESTUVN1","IMAGE_temp","DB ROLE MEMBERS","onwatch","OnWatchMonitoringRole"
"PACTESTUVN1","MSSQLSERVER","PACTESTUVN1","IMAGE_temp","DB ROLE MEMBERS","onwatch","db_datareader"
"PACTESTUVN1","MSSQLSERVER","PACTESTUVN1","ReportServer","DB ROLE MEMBERS","dbo","db_owner"
"PACTESTUVN1","MSSQLSERVER","PACTESTUVN1","ReportServer","DB ROLE MEMBERS","RSExecRole","db_owner"
"PACTESTUVN1","MSSQLSERVER","PACTESTUVN1","ReportServer","DB ROLE MEMBERS","NT SERVICE\ReportServer","RSExecRole"
"PACTESTUVN1","MSSQLSERVER","PACTESTUVN1","ReportServerTempDB","DB ROLE MEMBERS","NT SERVICE\ReportServer","RSExecRole"
"PACTESTUVN1","MSSQLSERVER","PACTESTUVN1","ReportServerTempDB","DB ROLE MEMBERS","dbo","db_owner"
"PACTESTUVN1","MSSQLSERVER","PACTESTUVN1","ReportServerTempDB","DB ROLE MEMBERS","RSExecRole","db_owner"
