#TYPE Selected.Dataplat.Dbatools.Database.BackupHistory
"ComputerName","InstanceName","SqlInstance","AvailabilityGroupName","Database","Start","End","Duration","TotalSize","CompressedBackupSize","CompressionRatio","Type","IsCopyOnly"
"NISXBOX","XPANALYTICS","NISXBOX\XPANALYTICS",,"msdb","07.03.2025 02:01:59","07.03.2025 02:02:05","00:00:06","44,54 MB","44,54 MB","1","Full","False"
"NISXBOX","XPANALYTICS","NISXBOX\XPANALYTICS",,"msdb","05.03.2025 21:10:51","05.03.2025 21:10:57","00:00:06","44,54 MB","44,54 MB","1","Full","False"
"NISXBOX","XPANALYTICS","NISXBOX\XPANALYTICS",,"msdb","04.03.2025 21:14:08","04.03.2025 21:14:15","00:00:07","44,54 MB","44,54 MB","1","Full","False"
"NISXBOX","XPANALYTICS","NISXBOX\XPANALYTICS",,"msdb","03.03.2025 21:12:21","03.03.2025 21:12:28","00:00:07","44,54 MB","44,54 MB","1","Full","False"
"NISXBOX","XPANALYTICS","NISXBOX\XPANALYTICS",,"msdb","02.03.2025 21:07:28","02.03.2025 21:07:45","00:00:17","44,54 MB","44,54 MB","1","Full","False"
"NISXBOX","XPANALYTICS","NISXBOX\XPANALYTICS",,"msdb","01.03.2025 21:06:21","01.03.2025 21:06:28","00:00:07","44,54 MB","44,54 MB","1","Full","False"
"NISXBOX","XPANALYTICS","NISXBOX\XPANALYTICS",,"msdb","28.02.2025 21:08:09","28.02.2025 21:08:20","00:00:11","44,54 MB","44,54 MB","1","Full","False"
"NISXBOX","XPANALYTICS","NISXBOX\XPANALYTICS",,"master","07.03.2025 02:01:59","07.03.2025 02:02:05","00:00:06","3,83 MB","3,83 MB","1","Full","False"
"NISXBOX","XPANALYTICS","NISXBOX\XPANALYTICS",,"master","05.03.2025 21:10:51","05.03.2025 21:10:57","00:00:06","3,83 MB","3,83 MB","1","Full","False"
"NISXBOX","XPANALYTICS","NISXBOX\XPANALYTICS",,"master","04.03.2025 21:14:08","04.03.2025 21:14:15","00:00:07","3,83 MB","3,83 MB","1","Full","False"
"NISXBOX","XPANALYTICS","NISXBOX\XPANALYTICS",,"master","03.03.2025 21:12:21","03.03.2025 21:12:28","00:00:07","3,83 MB","3,83 MB","1","Full","False"
"NISXBOX","XPANALYTICS","NISXBOX\XPANALYTICS",,"master","02.03.2025 21:07:28","02.03.2025 21:07:45","00:00:17","3,83 MB","3,83 MB","1","Full","False"
"NISXBOX","XPANALYTICS","NISXBOX\XPANALYTICS",,"master","01.03.2025 21:06:21","01.03.2025 21:06:28","00:00:07","3,83 MB","3,83 MB","1","Full","False"
"NISXBOX","XPANALYTICS","NISXBOX\XPANALYTICS",,"master","28.02.2025 21:08:09","28.02.2025 21:08:20","00:00:11","3,83 MB","3,83 MB","1","Full","False"
"NISXBOX","XPANALYTICS","NISXBOX\XPANALYTICS",,"model","07.03.2025 02:01:59","07.03.2025 02:02:05","00:00:06","2,76 MB","2,76 MB","1","Full","False"
"NISXBOX","XPANALYTICS","NISXBOX\XPANALYTICS",,"model","05.03.2025 21:10:51","05.03.2025 21:10:57","00:00:06","2,76 MB","2,76 MB","1","Full","False"
"NISXBOX","XPANALYTICS","NISXBOX\XPANALYTICS",,"model","04.03.2025 21:14:08","04.03.2025 21:14:15","00:00:07","2,76 MB","2,76 MB","1","Full","False"
"NISXBOX","XPANALYTICS","NISXBOX\XPANALYTICS",,"model","03.03.2025 21:12:21","03.03.2025 21:12:28","00:00:07","2,76 MB","2,76 MB","1","Full","False"
"NISXBOX","XPANALYTICS","NISXBOX\XPANALYTICS",,"model","02.03.2025 21:07:28","02.03.2025 21:07:45","00:00:17","2,76 MB","2,76 MB","1","Full","False"
"NISXBOX","XPANALYTICS","NISXBOX\XPANALYTICS",,"model","01.03.2025 21:06:21","01.03.2025 21:06:28","00:00:07","2,76 MB","2,76 MB","1","Full","False"
"NISXBOX","XPANALYTICS","NISXBOX\XPANALYTICS",,"model","28.02.2025 21:08:09","28.02.2025 21:08:20","00:00:11","2,76 MB","2,76 MB","1","Full","False"
"NISXBOX","XPANALYTICS","NISXBOX\XPANALYTICS",,"XPSTATS","07.03.2025 02:01:59","07.03.2025 02:02:05","00:00:06","4,21 MB","4,21 MB","1","Full","False"
"NISXBOX","XPANALYTICS","NISXBOX\XPANALYTICS",,"XPSTATS","05.03.2025 21:10:51","05.03.2025 21:10:57","00:00:06","4,21 MB","4,21 MB","1","Full","False"
"NISXBOX","XPANALYTICS","NISXBOX\XPANALYTICS",,"XPSTATS","04.03.2025 21:14:08","04.03.2025 21:14:15","00:00:07","4,21 MB","4,21 MB","1","Full","False"
"NISXBOX","XPANALYTICS","NISXBOX\XPANALYTICS",,"XPSTATS","03.03.2025 21:12:21","03.03.2025 21:12:28","00:00:07","4,21 MB","4,21 MB","1","Full","False"
"NISXBOX","XPANALYTICS","NISXBOX\XPANALYTICS",,"XPSTATS","02.03.2025 21:07:28","02.03.2025 21:07:45","00:00:17","4,20 MB","4,20 MB","1","Full","False"
"NISXBOX","XPANALYTICS","NISXBOX\XPANALYTICS",,"XPSTATS","01.03.2025 21:06:21","01.03.2025 21:06:28","00:00:07","4,21 MB","4,21 MB","1","Full","False"
"NISXBOX","XPANALYTICS","NISXBOX\XPANALYTICS",,"XPSTATS","28.02.2025 21:08:09","28.02.2025 21:08:20","00:00:11","4,21 MB","4,21 MB","1","Full","False"
"NISXBOX","XPANALYTICS","NISXBOX\XPANALYTICS",,"XPSTATSRaw","07.03.2025 02:01:59","07.03.2025 02:02:05","00:00:06","3,82 MB","3,82 MB","1","Full","False"
"NISXBOX","XPANALYTICS","NISXBOX\XPANALYTICS",,"XPSTATSRaw","05.03.2025 21:10:51","05.03.2025 21:10:57","00:00:06","3,82 MB","3,82 MB","1","Full","False"
"NISXBOX","XPANALYTICS","NISXBOX\XPANALYTICS",,"XPSTATSRaw","04.03.2025 21:14:08","04.03.2025 21:14:15","00:00:07","3,82 MB","3,82 MB","1","Full","False"
"NISXBOX","XPANALYTICS","NISXBOX\XPANALYTICS",,"XPSTATSRaw","03.03.2025 21:12:21","03.03.2025 21:12:28","00:00:07","3,82 MB","3,82 MB","1","Full","False"
"NISXBOX","XPANALYTICS","NISXBOX\XPANALYTICS",,"XPSTATSRaw","02.03.2025 21:07:28","02.03.2025 21:07:45","00:00:17","3,82 MB","3,82 MB","1","Full","False"
"NISXBOX","XPANALYTICS","NISXBOX\XPANALYTICS",,"XPSTATSRaw","01.03.2025 21:06:21","01.03.2025 21:06:28","00:00:07","3,82 MB","3,82 MB","1","Full","False"
"NISXBOX","XPANALYTICS","NISXBOX\XPANALYTICS",,"XPSTATSRaw","28.02.2025 21:08:09","28.02.2025 21:08:20","00:00:11","3,82 MB","3,82 MB","1","Full","False"
