#TYPE Selected.Microsoft.SqlServer.Management.Smo.Login
"ComputerName","InstanceName","SqlInstance","Name","DefaultDatabase","IsDisabled","IsLocked","IsPasswordExpired","LoginType"
"NISXBOX","XPANALYTICS","NISXBOX\XPANALYTICS","##MS_PolicyEventProcessingLogin##","master","True","False","False","SqlLogin"
"NISXBOX","XPANALYTICS","NISXBOX\XPANALYTICS","##MS_PolicyTsqlExecutionLogin##","master","True","False","False","SqlLogin"
"NISXBOX","XPANALYTICS","NISXBOX\XPANALYTICS","AnalyticsUser","XPSTATS","False","False","False","SqlLogin"
"NISXBOX","XPANALYTICS","NISXBOX\XPANALYTICS","atlas","XPSTATS","False","False","False","SqlLogin"
"NISXBOX","XPANALYTICS","NISXBOX\XPANALYTICS","BUILTIN\Administrators","master","False",,,"WindowsGroup"
"NISXBOX","XPANALYTICS","NISXBOX\XPANALYTICS","BUILTIN\Users","master","False",,,"WindowsGroup"
"NISXBOX","XPANALYTICS","NISXBOX\XPANALYTICS","IIS APPPOOL\XPhoneConnectAnalytics","XPStats","False",,,"WindowsUser"
"NISXBOX","XPANALYTICS","NISXBOX\XPANALYTICS","NISXBOX\SQL-Admin","master","False",,,"WindowsGroup"
"NISXBOX","XPANALYTICS","NISXBOX\XPANALYTICS","NT AUTHORITY\SYSTEM","master","False",,,"WindowsUser"
"NISXBOX","XPANALYTICS","NISXBOX\XPANALYTICS","NT SERVICE\MSSQL$XPANALYTICS","master","False",,,"WindowsUser"
"NISXBOX","XPANALYTICS","NISXBOX\XPANALYTICS","NT SERVICE\SQLWriter","master","False",,,"WindowsUser"
"NISXBOX","XPANALYTICS","NISXBOX\XPANALYTICS","NT SERVICE\Winmgmt","master","False",,,"WindowsUser"
"NISXBOX","XPANALYTICS","NISXBOX\XPANALYTICS","sa","master","False","False","False","SqlLogin"
