#TYPE Selected.System.Management.Automation.PSCustomObject
"ServerName","ComputerName","InstanceName","SqlInstance","Name","DisplayName","Description","ConfiguredValue","RunningValue","DefaultValue","IsRunningDefaultValue"
"NISXBOX\XPANALYTICS","NISXBOX","XPANALYTICS","NISXBOX\XPANALYTICS","ShowAdvancedOptions","show advanced options","show advanced options","1","1","0","False"
"NISXBOX\XPANALYTICS","NISXBOX","XPANALYTICS","NISXBOX\XPANALYTICS","IsSqlClrEnabled","clr enabled","CLR user code execution enabled in the server","1","1","0","False"
"NISXBOX\XPANALYTICS","NISXBOX","XPANALYTICS","NISXBOX\XPANALYTICS","UserInstancesEnabled","user instances enabled","Enable or disable creation of user instances","1","1","0","False"
