#TYPE Selected.System.Management.Automation.PSCustomObject
"ComputerName","InstanceName","SqlInstance","Object","Type","Member","RoleSecurableClass"
"NISXBOX","XPANALYTICS","NISXBOX\XPANALYTICS","SERVER","SERVER LOGINS","sa","sysadmin"
"NISXBOX","XPANALYTICS","NISXBOX\XPANALYTICS","SERVER","SERVER LOGINS","BUILTIN\Administrators","sysadmin"
"NISXBOX","XPANALYTICS","NISXBOX\XPANALYTICS","SERVER","SERVER LOGINS","BUILTIN\Users","None"
"NISXBOX","XPANALYTICS","NISXBOX\XPANALYTICS","SERVER","SERVER LOGINS","atlas","sysadmin"
"NISXBOX","XPANALYTICS","NISXBOX\XPANALYTICS","SERVER","SERVER LOGINS","AnalyticsUser","None"
"NISXBOX","XPANALYTICS","NISXBOX\XPANALYTICS","SERVER","SERVER LOGINS","IIS APPPOOL\XPhoneConnectAnalytics","None"
"NISXBOX","XPANALYTICS","NISXBOX\XPANALYTICS","SERVER","SERVER LOGINS","NISXBOX\SQL-Admin","sysadmin"
"NISXBOX","XPANALYTICS","NISXBOX\XPANALYTICS","XPSTATS","DB ROLE MEMBERS","dbo","db_owner"
"NISXBOX","XPANALYTICS","NISXBOX\XPANALYTICS","XPSTATS","DB ROLE MEMBERS","AnalyticsUser","db_datareader"
"NISXBOX","XPANALYTICS","NISXBOX\XPANALYTICS","XPSTATS","DB ROLE MEMBERS","IIS APPPOOL\XPhoneConnectAnalytics","db_datareader"
"NISXBOX","XPANALYTICS","NISXBOX\XPANALYTICS","XPSTATS","DB ROLE MEMBERS","AnalyticsUser","db_datawriter"
"NISXBOX","XPANALYTICS","NISXBOX\XPANALYTICS","XPSTATS","DB ROLE MEMBERS","IIS APPPOOL\XPhoneConnectAnalytics","db_datawriter"
"NISXBOX","XPANALYTICS","NISXBOX\XPANALYTICS","XPSTATSRaw","DB ROLE MEMBERS","dbo","db_owner"
"NISXBOX","XPANALYTICS","NISXBOX\XPANALYTICS","XPSTATSRaw","DB ROLE MEMBERS","AnalyticsUser","db_datareader"
"NISXBOX","XPANALYTICS","NISXBOX\XPANALYTICS","XPSTATSRaw","DB ROLE MEMBERS","IIS APPPOOL\XPhoneConnectAnalytics","db_datareader"
"NISXBOX","XPANALYTICS","NISXBOX\XPANALYTICS","XPSTATSRaw","DB ROLE MEMBERS","AnalyticsUser","db_datawriter"
"NISXBOX","XPANALYTICS","NISXBOX\XPANALYTICS","XPSTATSRaw","DB ROLE MEMBERS","IIS APPPOOL\XPhoneConnectAnalytics","db_datawriter"
