#TYPE Selected.Microsoft.SqlServer.Management.Smo.Database
"BackupStatus","ComputerName","InstanceName","SqlInstance","SizeMB","Compatibility","Encrypted","LastFullBackup","LastDiffBackup","LastLogBackup","Name"
,"INTMEPEDAD1","MSSQLSERVER","INTMEPEDAD1","38272,8125","Version100","False","06.03.2025 20:36:40","01.01.0001 00:00:00","07.03.2025 16:37:09","KGU_TEST"
,"INTMEPEDAD1","MSSQLSERVER","INTMEPEDAD1","38272,8125","Version100","False","06.03.2025 20:36:40","01.01.0001 00:00:00","07.03.2025 16:37:10","KGU_PROD1201"
,"INTMEPEDAD1","MSSQLSERVER","INTMEPEDAD1","978,1875","Version100","False","06.03.2025 20:36:40","01.01.0001 00:00:00","07.03.2025 16:37:09","KGU_Test_EMPI"
,"INTMEPEDAD1","MSSQLSERVER","INTMEPEDAD1","56512,8125","Version100","False","06.03.2025 20:36:40","01.01.0001 00:00:00","07.03.2025 16:37:10","KGU_TEST190416"
,"INTMEPEDAD1","MSSQLSERVER","INTMEPEDAD1","980,8125","Version100","False","06.03.2025 20:36:40","01.01.0001 00:00:00","07.03.2025 16:37:10","KGU_EMPI"
