#TYPE Selected.Microsoft.SqlServer.Management.Smo.Login
"ComputerName","InstanceName","SqlInstance","Name","DefaultDatabase","IsDisabled","IsLocked","IsPasswordExpired","LoginType"
"INTMEPEDAD1","MSSQLSERVER","INTMEPEDAD1","##MS_PolicyEventProcessingLogin##","master","True","False","False","SqlLogin"
"INTMEPEDAD1","MSSQLSERVER","INTMEPEDAD1","##MS_PolicyTsqlExecutionLogin##","master","True","False","False","SqlLogin"
"INTMEPEDAD1","MSSQLSERVER","INTMEPEDAD1","BUILTIN\Administrators","master","False",,,"WindowsGroup"
"INTMEPEDAD1","MSSQLSERVER","INTMEPEDAD1","distributor_admin","master","False","False","False","SqlLogin"
"INTMEPEDAD1","MSSQLSERVER","INTMEPEDAD1","INTRA\admDP6","master","False",,,"WindowsUser"
"INTMEPEDAD1","MSSQLSERVER","INTMEPEDAD1","INTRA\DIEKUCSQL","master","False",,,"WindowsUser"
"INTMEPEDAD1","MSSQLSERVER","INTMEPEDAD1","INTRA\S_inf_SQLSRV-Supp","master","False",,,"WindowsGroup"
"INTMEPEDAD1","MSSQLSERVER","INTMEPEDAD1","mvadmin","master","False","False","False","SqlLogin"
"INTMEPEDAD1","MSSQLSERVER","INTMEPEDAD1","mvuser","master","False","False","False","SqlLogin"
"INTMEPEDAD1","MSSQLSERVER","INTMEPEDAD1","NT AUTHORITY\SYSTEM","master","False",,,"WindowsUser"
"INTMEPEDAD1","MSSQLSERVER","INTMEPEDAD1","NT Service\MSSQLSERVER","master","False",,,"WindowsUser"
"INTMEPEDAD1","MSSQLSERVER","INTMEPEDAD1","NT SERVICE\SQLSERVERAGENT","master","False",,,"WindowsUser"
"INTMEPEDAD1","MSSQLSERVER","INTMEPEDAD1","NT SERVICE\SQLWriter","master","False",,,"WindowsUser"
"INTMEPEDAD1","MSSQLSERVER","INTMEPEDAD1","NT SERVICE\Winmgmt","master","False",,,"WindowsUser"
"INTMEPEDAD1","MSSQLSERVER","INTMEPEDAD1","sa","master","False","False","False","SqlLogin"
