#TYPE Selected.System.Management.Automation.PSCustomObject
"ServerName","ComputerName","InstanceName","SqlInstance","Name","DisplayName","Description","ConfiguredValue","RunningValue","DefaultValue","IsRunningDefaultValue"
"INTMEPEDAD1","INTMEPEDAD1","MSSQLSERVER","INTMEPEDAD1","MaxServerMemory","max server memory (MB)","Maximum size of server memory (MB)","10000","10000","2147483647","False"
"INTMEPEDAD1","INTMEPEDAD1","MSSQLSERVER","INTMEPEDAD1","ScanForStartupProcedures","scan for startup procs","scan for startup stored procedures","1","1","0","False"
"INTMEPEDAD1","INTMEPEDAD1","MSSQLSERVER","INTMEPEDAD1","AgentXPsEnabled","Agent XPs","Enable or disable Agent XPs","1","1","0","False"
