#TYPE Selected.System.Management.Automation.PSCustomObject
"ComputerName","InstanceName","SqlInstance","Object","Type","Member","RoleSecurableClass"
"INTMEPEDAD1","MSSQLSERVER","INTMEPEDAD1","SERVER","SERVER LOGINS","sa","sysadmin"
"INTMEPEDAD1","MSSQLSERVER","INTMEPEDAD1","SERVER","SERVER LOGINS","BUILTIN\Administrators","sysadmin"
"INTMEPEDAD1","MSSQLSERVER","INTMEPEDAD1","SERVER","SERVER LOGINS","INTRA\admDP6","sysadmin"
"INTMEPEDAD1","MSSQLSERVER","INTMEPEDAD1","SERVER","SERVER LOGINS","mvadmin","sysadmin"
"INTMEPEDAD1","MSSQLSERVER","INTMEPEDAD1","SERVER","SERVER LOGINS","mvuser","None"
"INTMEPEDAD1","MSSQLSERVER","INTMEPEDAD1","SERVER","SERVER LOGINS","distributor_admin","sysadmin"
"INTMEPEDAD1","MSSQLSERVER","INTMEPEDAD1","SERVER","SERVER LOGINS","INTRA\DIEKUCSQL","None"
"INTMEPEDAD1","MSSQLSERVER","INTMEPEDAD1","SERVER","SERVER LOGINS","INTRA\S_inf_SQLSRV-Supp","sysadmin"
"INTMEPEDAD1","MSSQLSERVER","INTMEPEDAD1","KGU_EMPI","DB ROLE MEMBERS","dbo","db_owner"
"INTMEPEDAD1","MSSQLSERVER","INTMEPEDAD1","KGU_EMPI","DB ROLE MEMBERS","mvadmin","db_owner"
"INTMEPEDAD1","MSSQLSERVER","INTMEPEDAD1","KGU_EMPI","DB ROLE MEMBERS","ukgab","db_securityadmin"
"INTMEPEDAD1","MSSQLSERVER","INTMEPEDAD1","KGU_EMPI","DB ROLE MEMBERS","mvsrv","db_securityadmin"
"INTMEPEDAD1","MSSQLSERVER","INTMEPEDAD1","KGU_EMPI","DB ROLE MEMBERS","mvuser","db_datareader"
"INTMEPEDAD1","MSSQLSERVER","INTMEPEDAD1","KGU_EMPI","DB ROLE MEMBERS","INTRA\VTheis","db_datareader"
"INTMEPEDAD1","MSSQLSERVER","INTMEPEDAD1","KGU_EMPI","DB ROLE MEMBERS","ukgab","db_datareader"
"INTMEPEDAD1","MSSQLSERVER","INTMEPEDAD1","KGU_EMPI","DB ROLE MEMBERS","lep_test","db_datareader"
"INTMEPEDAD1","MSSQLSERVER","INTMEPEDAD1","KGU_EMPI","DB ROLE MEMBERS","mvsupport","db_datareader"
"INTMEPEDAD1","MSSQLSERVER","INTMEPEDAD1","KGU_EMPI","DB ROLE MEMBERS","mvsup","db_datareader"
"INTMEPEDAD1","MSSQLSERVER","INTMEPEDAD1","KGU_EMPI","DB ROLE MEMBERS","ukgab","db_datawriter"
"INTMEPEDAD1","MSSQLSERVER","INTMEPEDAD1","KGU_PROD1201","DB ROLE MEMBERS","mvsup","db_datareader"
"INTMEPEDAD1","MSSQLSERVER","INTMEPEDAD1","KGU_PROD1201","DB ROLE MEMBERS","mvsupport","db_datareader"
"INTMEPEDAD1","MSSQLSERVER","INTMEPEDAD1","KGU_PROD1201","DB ROLE MEMBERS","mvsrv","db_securityadmin"
"INTMEPEDAD1","MSSQLSERVER","INTMEPEDAD1","KGU_PROD1201","DB ROLE MEMBERS","lep_test","db_datareader"
"INTMEPEDAD1","MSSQLSERVER","INTMEPEDAD1","KGU_PROD1201","DB ROLE MEMBERS","ukgab","db_securityadmin"
"INTMEPEDAD1","MSSQLSERVER","INTMEPEDAD1","KGU_PROD1201","DB ROLE MEMBERS","ukgab","db_datareader"
"INTMEPEDAD1","MSSQLSERVER","INTMEPEDAD1","KGU_PROD1201","DB ROLE MEMBERS","ukgab","db_datawriter"
"INTMEPEDAD1","MSSQLSERVER","INTMEPEDAD1","KGU_PROD1201","DB ROLE MEMBERS","INTRA\admms","db_datareader"
"INTMEPEDAD1","MSSQLSERVER","INTMEPEDAD1","KGU_PROD1201","DB ROLE MEMBERS","INTRA\admms","db_datawriter"
"INTMEPEDAD1","MSSQLSERVER","INTMEPEDAD1","KGU_PROD1201","DB ROLE MEMBERS","INTRA\MOverath","db_datareader"
"INTMEPEDAD1","MSSQLSERVER","INTMEPEDAD1","KGU_PROD1201","DB ROLE MEMBERS","INTRA\admsd","db_datareader"
"INTMEPEDAD1","MSSQLSERVER","INTMEPEDAD1","KGU_PROD1201","DB ROLE MEMBERS","INTRA\VTheis","db_datareader"
"INTMEPEDAD1","MSSQLSERVER","INTMEPEDAD1","KGU_PROD1201","DB ROLE MEMBERS","INTRA\admaa","db_datareader"
"INTMEPEDAD1","MSSQLSERVER","INTMEPEDAD1","KGU_PROD1201","DB ROLE MEMBERS","mvadmin","db_owner"
"INTMEPEDAD1","MSSQLSERVER","INTMEPEDAD1","KGU_PROD1201","DB ROLE MEMBERS","mvuser","db_datareader"
"INTMEPEDAD1","MSSQLSERVER","INTMEPEDAD1","KGU_PROD1201","DB ROLE MEMBERS","dbo","db_owner"
"INTMEPEDAD1","MSSQLSERVER","INTMEPEDAD1","KGU_TEST","DB ROLE MEMBERS","mvsup","db_datareader"
"INTMEPEDAD1","MSSQLSERVER","INTMEPEDAD1","KGU_TEST","DB ROLE MEMBERS","mvsupport","db_datareader"
"INTMEPEDAD1","MSSQLSERVER","INTMEPEDAD1","KGU_TEST","DB ROLE MEMBERS","mvsrv","db_securityadmin"
"INTMEPEDAD1","MSSQLSERVER","INTMEPEDAD1","KGU_TEST","DB ROLE MEMBERS","lep_test","db_datareader"
"INTMEPEDAD1","MSSQLSERVER","INTMEPEDAD1","KGU_TEST","DB ROLE MEMBERS","ukgab","db_securityadmin"
"INTMEPEDAD1","MSSQLSERVER","INTMEPEDAD1","KGU_TEST","DB ROLE MEMBERS","ukgab","db_datareader"
"INTMEPEDAD1","MSSQLSERVER","INTMEPEDAD1","KGU_TEST","DB ROLE MEMBERS","ukgab","db_datawriter"
"INTMEPEDAD1","MSSQLSERVER","INTMEPEDAD1","KGU_TEST","DB ROLE MEMBERS","INTRA\admms","db_datareader"
"INTMEPEDAD1","MSSQLSERVER","INTMEPEDAD1","KGU_TEST","DB ROLE MEMBERS","INTRA\admms","db_datawriter"
"INTMEPEDAD1","MSSQLSERVER","INTMEPEDAD1","KGU_TEST","DB ROLE MEMBERS","INTRA\MOverath","db_datareader"
"INTMEPEDAD1","MSSQLSERVER","INTMEPEDAD1","KGU_TEST","DB ROLE MEMBERS","INTRA\admsd","db_datareader"
"INTMEPEDAD1","MSSQLSERVER","INTMEPEDAD1","KGU_TEST","DB ROLE MEMBERS","INTRA\VTheis","db_datareader"
"INTMEPEDAD1","MSSQLSERVER","INTMEPEDAD1","KGU_TEST","DB ROLE MEMBERS","INTRA\admaa","db_datareader"
"INTMEPEDAD1","MSSQLSERVER","INTMEPEDAD1","KGU_TEST","DB ROLE MEMBERS","mvadmin","db_owner"
"INTMEPEDAD1","MSSQLSERVER","INTMEPEDAD1","KGU_TEST","DB ROLE MEMBERS","mvuser","db_datareader"
"INTMEPEDAD1","MSSQLSERVER","INTMEPEDAD1","KGU_TEST","DB ROLE MEMBERS","dbo","db_owner"
"INTMEPEDAD1","MSSQLSERVER","INTMEPEDAD1","KGU_Test_EMPI","DB ROLE MEMBERS","dbo","db_owner"
"INTMEPEDAD1","MSSQLSERVER","INTMEPEDAD1","KGU_Test_EMPI","DB ROLE MEMBERS","mvadmin","db_owner"
"INTMEPEDAD1","MSSQLSERVER","INTMEPEDAD1","KGU_Test_EMPI","DB ROLE MEMBERS","ukgab","db_securityadmin"
"INTMEPEDAD1","MSSQLSERVER","INTMEPEDAD1","KGU_Test_EMPI","DB ROLE MEMBERS","mvsrv","db_securityadmin"
"INTMEPEDAD1","MSSQLSERVER","INTMEPEDAD1","KGU_Test_EMPI","DB ROLE MEMBERS","mvuser","db_datareader"
"INTMEPEDAD1","MSSQLSERVER","INTMEPEDAD1","KGU_Test_EMPI","DB ROLE MEMBERS","INTRA\VTheis","db_datareader"
"INTMEPEDAD1","MSSQLSERVER","INTMEPEDAD1","KGU_Test_EMPI","DB ROLE MEMBERS","ukgab","db_datareader"
"INTMEPEDAD1","MSSQLSERVER","INTMEPEDAD1","KGU_Test_EMPI","DB ROLE MEMBERS","lep_test","db_datareader"
"INTMEPEDAD1","MSSQLSERVER","INTMEPEDAD1","KGU_Test_EMPI","DB ROLE MEMBERS","mvsupport","db_datareader"
"INTMEPEDAD1","MSSQLSERVER","INTMEPEDAD1","KGU_Test_EMPI","DB ROLE MEMBERS","mvsup","db_datareader"
"INTMEPEDAD1","MSSQLSERVER","INTMEPEDAD1","KGU_Test_EMPI","DB ROLE MEMBERS","ukgab","db_datawriter"
"INTMEPEDAD1","MSSQLSERVER","INTMEPEDAD1","KGU_TEST190416","DB ROLE MEMBERS","mvsup","db_datareader"
"INTMEPEDAD1","MSSQLSERVER","INTMEPEDAD1","KGU_TEST190416","DB ROLE MEMBERS","mvsupport","db_datareader"
"INTMEPEDAD1","MSSQLSERVER","INTMEPEDAD1","KGU_TEST190416","DB ROLE MEMBERS","mvsrv","db_securityadmin"
"INTMEPEDAD1","MSSQLSERVER","INTMEPEDAD1","KGU_TEST190416","DB ROLE MEMBERS","lep_test","db_datareader"
"INTMEPEDAD1","MSSQLSERVER","INTMEPEDAD1","KGU_TEST190416","DB ROLE MEMBERS","ukgab","db_securityadmin"
"INTMEPEDAD1","MSSQLSERVER","INTMEPEDAD1","KGU_TEST190416","DB ROLE MEMBERS","ukgab","db_datareader"
"INTMEPEDAD1","MSSQLSERVER","INTMEPEDAD1","KGU_TEST190416","DB ROLE MEMBERS","ukgab","db_datawriter"
"INTMEPEDAD1","MSSQLSERVER","INTMEPEDAD1","KGU_TEST190416","DB ROLE MEMBERS","INTRA\admms","db_datareader"
"INTMEPEDAD1","MSSQLSERVER","INTMEPEDAD1","KGU_TEST190416","DB ROLE MEMBERS","INTRA\admms","db_datawriter"
"INTMEPEDAD1","MSSQLSERVER","INTMEPEDAD1","KGU_TEST190416","DB ROLE MEMBERS","INTRA\MOverath","db_datareader"
"INTMEPEDAD1","MSSQLSERVER","INTMEPEDAD1","KGU_TEST190416","DB ROLE MEMBERS","INTRA\admsd","db_datareader"
"INTMEPEDAD1","MSSQLSERVER","INTMEPEDAD1","KGU_TEST190416","DB ROLE MEMBERS","INTRA\VTheis","db_datareader"
"INTMEPEDAD1","MSSQLSERVER","INTMEPEDAD1","KGU_TEST190416","DB ROLE MEMBERS","INTRA\admaa","db_datareader"
"INTMEPEDAD1","MSSQLSERVER","INTMEPEDAD1","KGU_TEST190416","DB ROLE MEMBERS","mvadmin","db_owner"
"INTMEPEDAD1","MSSQLSERVER","INTMEPEDAD1","KGU_TEST190416","DB ROLE MEMBERS","mvuser","db_datareader"
"INTMEPEDAD1","MSSQLSERVER","INTMEPEDAD1","KGU_TEST190416","DB ROLE MEMBERS","dbo","db_owner"
