#TYPE Selected.Microsoft.SqlServer.Management.Smo.Database
"BackupStatus","ComputerName","InstanceName","SqlInstance","SizeMB","Compatibility","Encrypted","LastFullBackup","LastDiffBackup","LastLogBackup","Name"
,"RAYMEPRSDB","MSSQLSERVER","RAYMEPRSDB","6379,4921875","Version130","False","07.03.2025 03:43:58","01.01.0001 00:00:00","07.03.2025 16:58:13","RayStationClinicDB_1600"
,"RAYMEPRSDB","MSSQLSERVER","RAYMEPRSDB","3936,3203125","Version130","False","07.03.2025 03:43:58","01.01.0001 00:00:00","07.03.2025 16:58:13","RayStationPatientDB_801"
,"RAYMEPRSDB","MSSQLSERVER","RAYMEPRSDB","10020,875","Version130","False","07.03.2025 03:43:58","01.01.0001 00:00:00","07.03.2025 16:58:13","RayStationMachineDB_1301"
,"RAYMEPRSDB","MSSQLSERVER","RAYMEPRSDB","340,125","Version130","False","07.03.2025 03:43:58","01.01.0001 00:00:00","07.03.2025 16:58:14","RayStationIndexServiceDB"
,"RAYMEPRSDB","MSSQLSERVER","RAYMEPRSDB","10020,875","Version130","False","07.03.2025 03:43:58","01.01.0001 00:00:00","07.03.2025 16:58:14","RayStationMachineDB_1600"
,"RAYMEPRSDB","MSSQLSERVER","RAYMEPRSDB","78569,640625","Version130","False","07.03.2025 03:43:58","01.01.0001 00:00:00","07.03.2025 16:58:14","RayStationPatientDB_920"
,"RAYMEPRSDB","MSSQLSERVER","RAYMEPRSDB","1960,75","Version130","False","07.03.2025 03:43:58","01.01.0001 00:00:00","07.03.2025 16:58:14","RayStationPatientDB_1600SEAT"
,"RAYMEPRSDB","MSSQLSERVER","RAYMEPRSDB","600","Version130","False","07.03.2025 03:43:58","01.01.0001 00:00:00","07.03.2025 16:58:14","RayStationMachineDB_1600SEAT"
,"RAYMEPRSDB","MSSQLSERVER","RAYMEPRSDB","300","Version130","False","07.03.2025 03:43:58","01.01.0001 00:00:00","07.03.2025 16:58:14","RayStationClinicDB_1600SEAT"
,"RAYMEPRSDB","MSSQLSERVER","RAYMEPRSDB","324","Version130","False","07.03.2025 03:43:58","01.01.0001 00:00:00","01.01.0001 00:00:00","RayStationServiceDB"
,"RAYMEPRSDB","MSSQLSERVER","RAYMEPRSDB","313,875","Version130","False","07.03.2025 03:43:58","01.01.0001 00:00:00","01.01.0001 00:00:00","RayStationLicenseDB"
,"RAYMEPRSDB","MSSQLSERVER","RAYMEPRSDB","1024182,859375","Version130","False","07.03.2025 03:43:58","01.01.0001 00:00:00","07.03.2025 16:58:15","RayStationPatientDB_1001"
,"RAYMEPRSDB","MSSQLSERVER","RAYMEPRSDB","600","Version130","False","07.03.2025 03:43:58","01.01.0001 00:00:00","07.03.2025 16:58:15","RayStationMachineLearningDB_1600SEAT"
,"RAYMEPRSDB","MSSQLSERVER","RAYMEPRSDB","300","Version130","False","07.03.2025 03:43:58","01.01.0001 00:00:00","07.03.2025 16:58:15","RayStationSystemDB_309b3c7d94fc4366b3713d9aee660823"
,"RAYMEPRSDB","MSSQLSERVER","RAYMEPRSDB","2606,7578125","Version130","False","07.03.2025 03:43:58","01.01.0001 00:00:00","07.03.2025 16:58:15","RayStationPatientDB_1301SEAT"
,"RAYMEPRSDB","MSSQLSERVER","RAYMEPRSDB","600","Version130","False","07.03.2025 03:43:58","01.01.0001 00:00:00","07.03.2025 16:58:15","RayStationMachineDB_1301SEAT"
,"RAYMEPRSDB","MSSQLSERVER","RAYMEPRSDB","300","Version130","False","07.03.2025 03:43:58","01.01.0001 00:00:00","07.03.2025 16:58:15","RayStationClinicDB_1301SEAT"
,"RAYMEPRSDB","MSSQLSERVER","RAYMEPRSDB","1301687,5703125","Version130","False","07.03.2025 03:43:58","01.01.0001 00:00:00","07.03.2025 16:58:15","RayStationPatientDB_1301"
,"RAYMEPRSDB","MSSQLSERVER","RAYMEPRSDB","300","Version130","False","07.03.2025 03:43:58","01.01.0001 00:00:00","07.03.2025 16:58:15","RayStationResourceDB_1301"
,"RAYMEPRSDB","MSSQLSERVER","RAYMEPRSDB","49537,8125","Version130","False","07.03.2025 03:43:58","01.01.0001 00:00:00","07.03.2025 16:58:15","RayStationPatientDB_Science_1301"
,"RAYMEPRSDB","MSSQLSERVER","RAYMEPRSDB","649,375","Version130","False","07.03.2025 03:43:58","01.01.0001 00:00:00","07.03.2025 16:58:16","RayStationMachineDB_Science_1301"
,"RAYMEPRSDB","MSSQLSERVER","RAYMEPRSDB","4063,15625","Version130","False","07.03.2025 03:43:58","01.01.0001 00:00:00","07.03.2025 16:58:16","RayStationClinicDB_Science_1301"
,"RAYMEPRSDB","MSSQLSERVER","RAYMEPRSDB","300","Version130","False","07.03.2025 03:43:58","01.01.0001 00:00:00","07.03.2025 16:58:16","RayStationResourceDB_1600"
,"RAYMEPRSDB","MSSQLSERVER","RAYMEPRSDB","4806,9921875","Version130","False","07.03.2025 03:43:58","01.01.0001 00:00:00","07.03.2025 16:58:16","RayStationMachineLearningDB_1300"
,"RAYMEPRSDB","MSSQLSERVER","RAYMEPRSDB","4451,84375","Version130","False","07.03.2025 03:43:58","01.01.0001 00:00:00","07.03.2025 16:58:16","RayStationClinicDB_1301"
,"RAYMEPRSDB","MSSQLSERVER","RAYMEPRSDB","3118,1328125","Version130","False","07.03.2025 03:43:58","01.01.0001 00:00:00","07.03.2025 16:58:16","RayStationPatientDB_1600"
,"RAYMEPRSDB","MSSQLSERVER","RAYMEPRSDB","3452,1328125","Version130","False","07.03.2025 03:43:58","01.01.0001 00:00:00","07.03.2025 16:58:16","RayStationMachineLearningDB_1600"
,"RAYMEPRSDB","MSSQLSERVER","RAYMEPRSDB","300","Version130","False","07.03.2025 03:43:58","01.01.0001 00:00:00","07.03.2025 16:58:16","RayStationSystemDB_dc673fa9d1b74a51bd495793397a7086"
