#TYPE Selected.Microsoft.SqlServer.Management.Smo.Login
"ComputerName","InstanceName","SqlInstance","Name","DefaultDatabase","IsDisabled","IsLocked","IsPasswordExpired","LoginType"
"RAYMEPRSDB","MSSQLSERVER","RAYMEPRSDB","##MS_PolicyEventProcessingLogin##","master","True","False","False","SqlLogin"
"RAYMEPRSDB","MSSQLSERVER","RAYMEPRSDB","##MS_PolicyTsqlExecutionLogin##","master","True","False","False","SqlLogin"
"RAYMEPRSDB","MSSQLSERVER","RAYMEPRSDB","BUILTIN\Administrators","master","False",,,"WindowsGroup"
"RAYMEPRSDB","MSSQLSERVER","RAYMEPRSDB","BUILTIN\Users","master","False",,,"WindowsGroup"
"RAYMEPRSDB","MSSQLSERVER","RAYMEPRSDB","INTRA\adexrsl","master","False",,,"WindowsUser"
"RAYMEPRSDB","MSSQLSERVER","RAYMEPRSDB","INTRA\admDB","master","False",,,"WindowsUser"
"RAYMEPRSDB","MSSQLSERVER","RAYMEPRSDB","INTRA\admDP6","master","False",,,"WindowsUser"
"RAYMEPRSDB","MSSQLSERVER","RAYMEPRSDB","INTRA\admMK","master","False",,,"WindowsUser"
"RAYMEPRSDB","MSSQLSERVER","RAYMEPRSDB","INTRA\admvt","master","False",,,"WindowsUser"
"RAYMEPRSDB","MSSQLSERVER","RAYMEPRSDB","INTRA\DieKSTRS","master","False",,,"WindowsUser"
"RAYMEPRSDB","MSSQLSERVER","RAYMEPRSDB","INTRA\kst-admin","master","False",,,"WindowsUser"
"RAYMEPRSDB","MSSQLSERVER","RAYMEPRSDB","INTRA\S_Ray_Users","master","False",,,"WindowsGroup"
"RAYMEPRSDB","MSSQLSERVER","RAYMEPRSDB","NT AUTHORITY\SYSTEM","master","False",,,"WindowsUser"
"RAYMEPRSDB","MSSQLSERVER","RAYMEPRSDB","NT SERVICE\MSSQLSERVER","master","False",,,"WindowsUser"
"RAYMEPRSDB","MSSQLSERVER","RAYMEPRSDB","NT SERVICE\SQLSERVERAGENT","master","False",,,"WindowsUser"
"RAYMEPRSDB","MSSQLSERVER","RAYMEPRSDB","NT SERVICE\SQLTELEMETRY","master","False",,,"WindowsUser"
"RAYMEPRSDB","MSSQLSERVER","RAYMEPRSDB","NT SERVICE\SQLWriter","master","False",,,"WindowsUser"
"RAYMEPRSDB","MSSQLSERVER","RAYMEPRSDB","NT SERVICE\Winmgmt","master","False",,,"WindowsUser"
"RAYMEPRSDB","MSSQLSERVER","RAYMEPRSDB","RAYMEPRSDB\rsladmin","master","False",,,"WindowsUser"
"RAYMEPRSDB","MSSQLSERVER","RAYMEPRSDB","RAYMEPRSDB\sql-admin","master","False",,,"WindowsGroup"
"RAYMEPRSDB","MSSQLSERVER","RAYMEPRSDB","sa","master","False","False","False","SqlLogin"
