#TYPE Selected.System.Management.Automation.PSCustomObject
"ComputerName","InstanceName","SqlInstance","Object","Type","Member","RoleSecurableClass"
"RAYMEPRSDB","MSSQLSERVER","RAYMEPRSDB","SERVER","SERVER LOGINS","sa","sysadmin"
"RAYMEPRSDB","MSSQLSERVER","RAYMEPRSDB","SERVER","SERVER LOGINS","BUILTIN\Administrators","sysadmin"
"RAYMEPRSDB","MSSQLSERVER","RAYMEPRSDB","SERVER","SERVER LOGINS","INTRA\admvt","sysadmin"
"RAYMEPRSDB","MSSQLSERVER","RAYMEPRSDB","SERVER","SERVER LOGINS","RAYMEPRSDB\rsladmin","sysadmin"
"RAYMEPRSDB","MSSQLSERVER","RAYMEPRSDB","SERVER","SERVER LOGINS","INTRA\admDP6","sysadmin"
"RAYMEPRSDB","MSSQLSERVER","RAYMEPRSDB","SERVER","SERVER LOGINS","INTRA\admMK","sysadmin"
"RAYMEPRSDB","MSSQLSERVER","RAYMEPRSDB","SERVER","SERVER LOGINS","INTRA\admDB","sysadmin"
"RAYMEPRSDB","MSSQLSERVER","RAYMEPRSDB","SERVER","SERVER LOGINS","BUILTIN\Users","None"
"RAYMEPRSDB","MSSQLSERVER","RAYMEPRSDB","SERVER","SERVER LOGINS","INTRA\kst-admin","sysadmin"
"RAYMEPRSDB","MSSQLSERVER","RAYMEPRSDB","SERVER","SERVER LOGINS","INTRA\adexrsl","sysadmin"
"RAYMEPRSDB","MSSQLSERVER","RAYMEPRSDB","SERVER","SERVER LOGINS","INTRA\S_Ray_Users","None"
"RAYMEPRSDB","MSSQLSERVER","RAYMEPRSDB","SERVER","SERVER LOGINS","RAYMEPRSDB\sql-admin","None"
"RAYMEPRSDB","MSSQLSERVER","RAYMEPRSDB","SERVER","SERVER LOGINS","INTRA\DieKSTRS","None"
"RAYMEPRSDB","MSSQLSERVER","RAYMEPRSDB","RayStationClinicDB_1301","DB ROLE MEMBERS","dbo","db_owner"
"RAYMEPRSDB","MSSQLSERVER","RAYMEPRSDB","RayStationClinicDB_1301","DB ROLE MEMBERS","INTRA\adexrsl","db_owner"
"RAYMEPRSDB","MSSQLSERVER","RAYMEPRSDB","RayStationClinicDB_1301","DB ROLE MEMBERS","INTRA\kst-admin","db_owner"
"RAYMEPRSDB","MSSQLSERVER","RAYMEPRSDB","RayStationClinicDB_1301","DB ROLE MEMBERS","BUILTIN\Users","db_datareader"
"RAYMEPRSDB","MSSQLSERVER","RAYMEPRSDB","RayStationClinicDB_1301","DB ROLE MEMBERS","INTRA\S_Ray_Users","db_datareader"
"RAYMEPRSDB","MSSQLSERVER","RAYMEPRSDB","RayStationClinicDB_1301","DB ROLE MEMBERS","NT AUTHORITY\SYSTEM","db_datareader"
"RAYMEPRSDB","MSSQLSERVER","RAYMEPRSDB","RayStationClinicDB_1301","DB ROLE MEMBERS","BUILTIN\Users","db_datawriter"
"RAYMEPRSDB","MSSQLSERVER","RAYMEPRSDB","RayStationClinicDB_1301","DB ROLE MEMBERS","INTRA\S_Ray_Users","db_datawriter"
"RAYMEPRSDB","MSSQLSERVER","RAYMEPRSDB","RayStationClinicDB_1301","DB ROLE MEMBERS","NT AUTHORITY\SYSTEM","db_datawriter"
"RAYMEPRSDB","MSSQLSERVER","RAYMEPRSDB","RayStationClinicDB_1301SEAT","DB ROLE MEMBERS","dbo","db_owner"
"RAYMEPRSDB","MSSQLSERVER","RAYMEPRSDB","RayStationClinicDB_1301SEAT","DB ROLE MEMBERS","INTRA\kst-admin","db_owner"
"RAYMEPRSDB","MSSQLSERVER","RAYMEPRSDB","RayStationClinicDB_1301SEAT","DB ROLE MEMBERS","INTRA\S_Ray_Users","db_datareader"
"RAYMEPRSDB","MSSQLSERVER","RAYMEPRSDB","RayStationClinicDB_1301SEAT","DB ROLE MEMBERS","BUILTIN\Users","db_datareader"
"RAYMEPRSDB","MSSQLSERVER","RAYMEPRSDB","RayStationClinicDB_1301SEAT","DB ROLE MEMBERS","NT AUTHORITY\SYSTEM","db_datareader"
"RAYMEPRSDB","MSSQLSERVER","RAYMEPRSDB","RayStationClinicDB_1301SEAT","DB ROLE MEMBERS","INTRA\S_Ray_Users","db_datawriter"
"RAYMEPRSDB","MSSQLSERVER","RAYMEPRSDB","RayStationClinicDB_1301SEAT","DB ROLE MEMBERS","BUILTIN\Users","db_datawriter"
"RAYMEPRSDB","MSSQLSERVER","RAYMEPRSDB","RayStationClinicDB_1301SEAT","DB ROLE MEMBERS","NT AUTHORITY\SYSTEM","db_datawriter"
"RAYMEPRSDB","MSSQLSERVER","RAYMEPRSDB","RayStationClinicDB_1600","DB ROLE MEMBERS","dbo","db_owner"
"RAYMEPRSDB","MSSQLSERVER","RAYMEPRSDB","RayStationClinicDB_1600","DB ROLE MEMBERS","INTRA\adexrsl","db_owner"
"RAYMEPRSDB","MSSQLSERVER","RAYMEPRSDB","RayStationClinicDB_1600","DB ROLE MEMBERS","INTRA\kst-admin","db_owner"
"RAYMEPRSDB","MSSQLSERVER","RAYMEPRSDB","RayStationClinicDB_1600","DB ROLE MEMBERS","BUILTIN\Users","db_datareader"
"RAYMEPRSDB","MSSQLSERVER","RAYMEPRSDB","RayStationClinicDB_1600","DB ROLE MEMBERS","INTRA\S_Ray_Users","db_datareader"
"RAYMEPRSDB","MSSQLSERVER","RAYMEPRSDB","RayStationClinicDB_1600","DB ROLE MEMBERS","NT AUTHORITY\SYSTEM","db_datareader"
"RAYMEPRSDB","MSSQLSERVER","RAYMEPRSDB","RayStationClinicDB_1600","DB ROLE MEMBERS","BUILTIN\Users","db_datawriter"
"RAYMEPRSDB","MSSQLSERVER","RAYMEPRSDB","RayStationClinicDB_1600","DB ROLE MEMBERS","INTRA\S_Ray_Users","db_datawriter"
"RAYMEPRSDB","MSSQLSERVER","RAYMEPRSDB","RayStationClinicDB_1600","DB ROLE MEMBERS","NT AUTHORITY\SYSTEM","db_datawriter"
"RAYMEPRSDB","MSSQLSERVER","RAYMEPRSDB","RayStationClinicDB_1600SEAT","DB ROLE MEMBERS","dbo","db_owner"
"RAYMEPRSDB","MSSQLSERVER","RAYMEPRSDB","RayStationClinicDB_1600SEAT","DB ROLE MEMBERS","INTRA\kst-admin","db_owner"
"RAYMEPRSDB","MSSQLSERVER","RAYMEPRSDB","RayStationClinicDB_1600SEAT","DB ROLE MEMBERS","INTRA\S_Ray_Users","db_datareader"
"RAYMEPRSDB","MSSQLSERVER","RAYMEPRSDB","RayStationClinicDB_1600SEAT","DB ROLE MEMBERS","INTRA\S_Ray_Users","db_datawriter"
"RAYMEPRSDB","MSSQLSERVER","RAYMEPRSDB","RayStationClinicDB_Science_1301","DB ROLE MEMBERS","dbo","db_owner"
"RAYMEPRSDB","MSSQLSERVER","RAYMEPRSDB","RayStationClinicDB_Science_1301","DB ROLE MEMBERS","INTRA\adexrsl","db_owner"
"RAYMEPRSDB","MSSQLSERVER","RAYMEPRSDB","RayStationClinicDB_Science_1301","DB ROLE MEMBERS","INTRA\S_Ray_Users","db_datareader"
"RAYMEPRSDB","MSSQLSERVER","RAYMEPRSDB","RayStationClinicDB_Science_1301","DB ROLE MEMBERS","BUILTIN\Users","db_datareader"
"RAYMEPRSDB","MSSQLSERVER","RAYMEPRSDB","RayStationClinicDB_Science_1301","DB ROLE MEMBERS","INTRA\S_Ray_Users","db_datawriter"
"RAYMEPRSDB","MSSQLSERVER","RAYMEPRSDB","RayStationClinicDB_Science_1301","DB ROLE MEMBERS","BUILTIN\Users","db_datawriter"
"RAYMEPRSDB","MSSQLSERVER","RAYMEPRSDB","RayStationIndexServiceDB","DB ROLE MEMBERS","dbo","db_owner"
"RAYMEPRSDB","MSSQLSERVER","RAYMEPRSDB","RayStationIndexServiceDB","DB ROLE MEMBERS","INTRA\kst-admin","db_owner"
"RAYMEPRSDB","MSSQLSERVER","RAYMEPRSDB","RayStationIndexServiceDB","DB ROLE MEMBERS","BUILTIN\Users","db_datareader"
"RAYMEPRSDB","MSSQLSERVER","RAYMEPRSDB","RayStationIndexServiceDB","DB ROLE MEMBERS","INTRA\S_Ray_Users","db_datareader"
"RAYMEPRSDB","MSSQLSERVER","RAYMEPRSDB","RayStationIndexServiceDB","DB ROLE MEMBERS","NT AUTHORITY\SYSTEM","db_datareader"
"RAYMEPRSDB","MSSQLSERVER","RAYMEPRSDB","RayStationIndexServiceDB","DB ROLE MEMBERS","BUILTIN\Users","db_datawriter"
"RAYMEPRSDB","MSSQLSERVER","RAYMEPRSDB","RayStationIndexServiceDB","DB ROLE MEMBERS","INTRA\S_Ray_Users","db_datawriter"
"RAYMEPRSDB","MSSQLSERVER","RAYMEPRSDB","RayStationIndexServiceDB","DB ROLE MEMBERS","NT AUTHORITY\SYSTEM","db_datawriter"
"RAYMEPRSDB","MSSQLSERVER","RAYMEPRSDB","RayStationLicenseDB","DB ROLE MEMBERS","INTRA\DieKSTRS","db_spexec"
"RAYMEPRSDB","MSSQLSERVER","RAYMEPRSDB","RayStationLicenseDB","DB ROLE MEMBERS","dbo","db_owner"
"RAYMEPRSDB","MSSQLSERVER","RAYMEPRSDB","RayStationLicenseDB","DB ROLE MEMBERS","INTRA\kst-admin","db_owner"
"RAYMEPRSDB","MSSQLSERVER","RAYMEPRSDB","RayStationLicenseDB","DB ROLE MEMBERS","BUILTIN\Users","db_datareader"
"RAYMEPRSDB","MSSQLSERVER","RAYMEPRSDB","RayStationLicenseDB","DB ROLE MEMBERS","NT AUTHORITY\SYSTEM","db_datareader"
"RAYMEPRSDB","MSSQLSERVER","RAYMEPRSDB","RayStationLicenseDB","DB ROLE MEMBERS","INTRA\S_Ray_Users","db_datareader"
"RAYMEPRSDB","MSSQLSERVER","RAYMEPRSDB","RayStationLicenseDB","DB ROLE MEMBERS","INTRA\DieKSTRS","db_datareader"
"RAYMEPRSDB","MSSQLSERVER","RAYMEPRSDB","RayStationLicenseDB","DB ROLE MEMBERS","BUILTIN\Users","db_datawriter"
"RAYMEPRSDB","MSSQLSERVER","RAYMEPRSDB","RayStationLicenseDB","DB ROLE MEMBERS","NT AUTHORITY\SYSTEM","db_datawriter"
"RAYMEPRSDB","MSSQLSERVER","RAYMEPRSDB","RayStationLicenseDB","DB ROLE MEMBERS","INTRA\S_Ray_Users","db_datawriter"
"RAYMEPRSDB","MSSQLSERVER","RAYMEPRSDB","RayStationLicenseDB","DB ROLE MEMBERS","INTRA\DieKSTRS","db_datawriter"
"RAYMEPRSDB","MSSQLSERVER","RAYMEPRSDB","RayStationMachineDB_1301","DB ROLE MEMBERS","dbo","db_owner"
"RAYMEPRSDB","MSSQLSERVER","RAYMEPRSDB","RayStationMachineDB_1301","DB ROLE MEMBERS","INTRA\adexrsl","db_owner"
"RAYMEPRSDB","MSSQLSERVER","RAYMEPRSDB","RayStationMachineDB_1301","DB ROLE MEMBERS","INTRA\kst-admin","db_owner"
"RAYMEPRSDB","MSSQLSERVER","RAYMEPRSDB","RayStationMachineDB_1301","DB ROLE MEMBERS","BUILTIN\Users","db_datareader"
"RAYMEPRSDB","MSSQLSERVER","RAYMEPRSDB","RayStationMachineDB_1301","DB ROLE MEMBERS","INTRA\S_Ray_Users","db_datareader"
"RAYMEPRSDB","MSSQLSERVER","RAYMEPRSDB","RayStationMachineDB_1301","DB ROLE MEMBERS","NT AUTHORITY\SYSTEM","db_datareader"
"RAYMEPRSDB","MSSQLSERVER","RAYMEPRSDB","RayStationMachineDB_1301","DB ROLE MEMBERS","BUILTIN\Users","db_datawriter"
"RAYMEPRSDB","MSSQLSERVER","RAYMEPRSDB","RayStationMachineDB_1301","DB ROLE MEMBERS","INTRA\S_Ray_Users","db_datawriter"
"RAYMEPRSDB","MSSQLSERVER","RAYMEPRSDB","RayStationMachineDB_1301","DB ROLE MEMBERS","NT AUTHORITY\SYSTEM","db_datawriter"
"RAYMEPRSDB","MSSQLSERVER","RAYMEPRSDB","RayStationMachineDB_1301SEAT","DB ROLE MEMBERS","dbo","db_owner"
"RAYMEPRSDB","MSSQLSERVER","RAYMEPRSDB","RayStationMachineDB_1301SEAT","DB ROLE MEMBERS","INTRA\kst-admin","db_owner"
"RAYMEPRSDB","MSSQLSERVER","RAYMEPRSDB","RayStationMachineDB_1301SEAT","DB ROLE MEMBERS","INTRA\S_Ray_Users","db_datareader"
"RAYMEPRSDB","MSSQLSERVER","RAYMEPRSDB","RayStationMachineDB_1301SEAT","DB ROLE MEMBERS","BUILTIN\Users","db_datareader"
"RAYMEPRSDB","MSSQLSERVER","RAYMEPRSDB","RayStationMachineDB_1301SEAT","DB ROLE MEMBERS","NT AUTHORITY\SYSTEM","db_datareader"
"RAYMEPRSDB","MSSQLSERVER","RAYMEPRSDB","RayStationMachineDB_1301SEAT","DB ROLE MEMBERS","INTRA\S_Ray_Users","db_datawriter"
"RAYMEPRSDB","MSSQLSERVER","RAYMEPRSDB","RayStationMachineDB_1301SEAT","DB ROLE MEMBERS","BUILTIN\Users","db_datawriter"
"RAYMEPRSDB","MSSQLSERVER","RAYMEPRSDB","RayStationMachineDB_1301SEAT","DB ROLE MEMBERS","NT AUTHORITY\SYSTEM","db_datawriter"
"RAYMEPRSDB","MSSQLSERVER","RAYMEPRSDB","RayStationMachineDB_1600","DB ROLE MEMBERS","dbo","db_owner"
"RAYMEPRSDB","MSSQLSERVER","RAYMEPRSDB","RayStationMachineDB_1600","DB ROLE MEMBERS","INTRA\adexrsl","db_owner"
"RAYMEPRSDB","MSSQLSERVER","RAYMEPRSDB","RayStationMachineDB_1600","DB ROLE MEMBERS","INTRA\kst-admin","db_owner"
"RAYMEPRSDB","MSSQLSERVER","RAYMEPRSDB","RayStationMachineDB_1600","DB ROLE MEMBERS","BUILTIN\Users","db_datareader"
"RAYMEPRSDB","MSSQLSERVER","RAYMEPRSDB","RayStationMachineDB_1600","DB ROLE MEMBERS","INTRA\S_Ray_Users","db_datareader"
"RAYMEPRSDB","MSSQLSERVER","RAYMEPRSDB","RayStationMachineDB_1600","DB ROLE MEMBERS","NT AUTHORITY\SYSTEM","db_datareader"
"RAYMEPRSDB","MSSQLSERVER","RAYMEPRSDB","RayStationMachineDB_1600","DB ROLE MEMBERS","BUILTIN\Users","db_datawriter"
"RAYMEPRSDB","MSSQLSERVER","RAYMEPRSDB","RayStationMachineDB_1600","DB ROLE MEMBERS","INTRA\S_Ray_Users","db_datawriter"
"RAYMEPRSDB","MSSQLSERVER","RAYMEPRSDB","RayStationMachineDB_1600","DB ROLE MEMBERS","NT AUTHORITY\SYSTEM","db_datawriter"
"RAYMEPRSDB","MSSQLSERVER","RAYMEPRSDB","RayStationMachineDB_1600SEAT","DB ROLE MEMBERS","dbo","db_owner"
"RAYMEPRSDB","MSSQLSERVER","RAYMEPRSDB","RayStationMachineDB_1600SEAT","DB ROLE MEMBERS","INTRA\kst-admin","db_owner"
"RAYMEPRSDB","MSSQLSERVER","RAYMEPRSDB","RayStationMachineDB_1600SEAT","DB ROLE MEMBERS","INTRA\S_Ray_Users","db_datareader"
"RAYMEPRSDB","MSSQLSERVER","RAYMEPRSDB","RayStationMachineDB_1600SEAT","DB ROLE MEMBERS","INTRA\S_Ray_Users","db_datawriter"
"RAYMEPRSDB","MSSQLSERVER","RAYMEPRSDB","RayStationMachineDB_Science_1301","DB ROLE MEMBERS","dbo","db_owner"
"RAYMEPRSDB","MSSQLSERVER","RAYMEPRSDB","RayStationMachineDB_Science_1301","DB ROLE MEMBERS","INTRA\adexrsl","db_owner"
"RAYMEPRSDB","MSSQLSERVER","RAYMEPRSDB","RayStationMachineDB_Science_1301","DB ROLE MEMBERS","INTRA\S_Ray_Users","db_datareader"
"RAYMEPRSDB","MSSQLSERVER","RAYMEPRSDB","RayStationMachineDB_Science_1301","DB ROLE MEMBERS","BUILTIN\Users","db_datareader"
"RAYMEPRSDB","MSSQLSERVER","RAYMEPRSDB","RayStationMachineDB_Science_1301","DB ROLE MEMBERS","INTRA\S_Ray_Users","db_datawriter"
"RAYMEPRSDB","MSSQLSERVER","RAYMEPRSDB","RayStationMachineDB_Science_1301","DB ROLE MEMBERS","BUILTIN\Users","db_datawriter"
"RAYMEPRSDB","MSSQLSERVER","RAYMEPRSDB","RayStationMachineLearningDB_1300","DB ROLE MEMBERS","dbo","db_owner"
"RAYMEPRSDB","MSSQLSERVER","RAYMEPRSDB","RayStationMachineLearningDB_1300","DB ROLE MEMBERS","INTRA\kst-admin","db_owner"
"RAYMEPRSDB","MSSQLSERVER","RAYMEPRSDB","RayStationMachineLearningDB_1300","DB ROLE MEMBERS","INTRA\S_Ray_Users","db_datareader"
"RAYMEPRSDB","MSSQLSERVER","RAYMEPRSDB","RayStationMachineLearningDB_1300","DB ROLE MEMBERS","BUILTIN\Users","db_datareader"
"RAYMEPRSDB","MSSQLSERVER","RAYMEPRSDB","RayStationMachineLearningDB_1300","DB ROLE MEMBERS","NT AUTHORITY\SYSTEM","db_datareader"
"RAYMEPRSDB","MSSQLSERVER","RAYMEPRSDB","RayStationMachineLearningDB_1300","DB ROLE MEMBERS","INTRA\S_Ray_Users","db_datawriter"
"RAYMEPRSDB","MSSQLSERVER","RAYMEPRSDB","RayStationMachineLearningDB_1300","DB ROLE MEMBERS","BUILTIN\Users","db_datawriter"
"RAYMEPRSDB","MSSQLSERVER","RAYMEPRSDB","RayStationMachineLearningDB_1300","DB ROLE MEMBERS","NT AUTHORITY\SYSTEM","db_datawriter"
"RAYMEPRSDB","MSSQLSERVER","RAYMEPRSDB","RayStationMachineLearningDB_1600","DB ROLE MEMBERS","dbo","db_owner"
"RAYMEPRSDB","MSSQLSERVER","RAYMEPRSDB","RayStationMachineLearningDB_1600","DB ROLE MEMBERS","INTRA\kst-admin","db_owner"
"RAYMEPRSDB","MSSQLSERVER","RAYMEPRSDB","RayStationMachineLearningDB_1600","DB ROLE MEMBERS","INTRA\S_Ray_Users","db_datareader"
"RAYMEPRSDB","MSSQLSERVER","RAYMEPRSDB","RayStationMachineLearningDB_1600","DB ROLE MEMBERS","BUILTIN\Users","db_datareader"
"RAYMEPRSDB","MSSQLSERVER","RAYMEPRSDB","RayStationMachineLearningDB_1600","DB ROLE MEMBERS","INTRA\S_Ray_Users","db_datawriter"
"RAYMEPRSDB","MSSQLSERVER","RAYMEPRSDB","RayStationMachineLearningDB_1600","DB ROLE MEMBERS","BUILTIN\Users","db_datawriter"
"RAYMEPRSDB","MSSQLSERVER","RAYMEPRSDB","RayStationMachineLearningDB_1600SEAT","DB ROLE MEMBERS","dbo","db_owner"
"RAYMEPRSDB","MSSQLSERVER","RAYMEPRSDB","RayStationMachineLearningDB_1600SEAT","DB ROLE MEMBERS","INTRA\kst-admin","db_owner"
"RAYMEPRSDB","MSSQLSERVER","RAYMEPRSDB","RayStationMachineLearningDB_1600SEAT","DB ROLE MEMBERS","INTRA\S_Ray_Users","db_datareader"
"RAYMEPRSDB","MSSQLSERVER","RAYMEPRSDB","RayStationMachineLearningDB_1600SEAT","DB ROLE MEMBERS","INTRA\S_Ray_Users","db_datawriter"
"RAYMEPRSDB","MSSQLSERVER","RAYMEPRSDB","RayStationPatientDB_1001","DB ROLE MEMBERS","dbo","db_owner"
"RAYMEPRSDB","MSSQLSERVER","RAYMEPRSDB","RayStationPatientDB_1001","DB ROLE MEMBERS","INTRA\kst-admin","db_owner"
"RAYMEPRSDB","MSSQLSERVER","RAYMEPRSDB","RayStationPatientDB_1001","DB ROLE MEMBERS","INTRA\S_Ray_Users","db_datareader"
"RAYMEPRSDB","MSSQLSERVER","RAYMEPRSDB","RayStationPatientDB_1001","DB ROLE MEMBERS","NT AUTHORITY\SYSTEM","db_datareader"
"RAYMEPRSDB","MSSQLSERVER","RAYMEPRSDB","RayStationPatientDB_1001","DB ROLE MEMBERS","BUILTIN\Users","db_datareader"
"RAYMEPRSDB","MSSQLSERVER","RAYMEPRSDB","RayStationPatientDB_1001","DB ROLE MEMBERS","INTRA\DieKSTRS","db_datareader"
"RAYMEPRSDB","MSSQLSERVER","RAYMEPRSDB","RayStationPatientDB_1001","DB ROLE MEMBERS","INTRA\S_Ray_Users","db_datawriter"
"RAYMEPRSDB","MSSQLSERVER","RAYMEPRSDB","RayStationPatientDB_1001","DB ROLE MEMBERS","NT AUTHORITY\SYSTEM","db_datawriter"
"RAYMEPRSDB","MSSQLSERVER","RAYMEPRSDB","RayStationPatientDB_1001","DB ROLE MEMBERS","BUILTIN\Users","db_datawriter"
"RAYMEPRSDB","MSSQLSERVER","RAYMEPRSDB","RayStationPatientDB_1001","DB ROLE MEMBERS","INTRA\DieKSTRS","db_datawriter"
"RAYMEPRSDB","MSSQLSERVER","RAYMEPRSDB","RayStationPatientDB_1301","DB ROLE MEMBERS","dbo","db_owner"
"RAYMEPRSDB","MSSQLSERVER","RAYMEPRSDB","RayStationPatientDB_1301","DB ROLE MEMBERS","INTRA\kst-admin","db_owner"
"RAYMEPRSDB","MSSQLSERVER","RAYMEPRSDB","RayStationPatientDB_1301","DB ROLE MEMBERS","INTRA\S_Ray_Users","db_datareader"
"RAYMEPRSDB","MSSQLSERVER","RAYMEPRSDB","RayStationPatientDB_1301","DB ROLE MEMBERS","BUILTIN\Users","db_datareader"
"RAYMEPRSDB","MSSQLSERVER","RAYMEPRSDB","RayStationPatientDB_1301","DB ROLE MEMBERS","NT AUTHORITY\SYSTEM","db_datareader"
"RAYMEPRSDB","MSSQLSERVER","RAYMEPRSDB","RayStationPatientDB_1301","DB ROLE MEMBERS","INTRA\DieKSTRS","db_datareader"
"RAYMEPRSDB","MSSQLSERVER","RAYMEPRSDB","RayStationPatientDB_1301","DB ROLE MEMBERS","INTRA\S_Ray_Users","db_datawriter"
"RAYMEPRSDB","MSSQLSERVER","RAYMEPRSDB","RayStationPatientDB_1301","DB ROLE MEMBERS","BUILTIN\Users","db_datawriter"
"RAYMEPRSDB","MSSQLSERVER","RAYMEPRSDB","RayStationPatientDB_1301","DB ROLE MEMBERS","NT AUTHORITY\SYSTEM","db_datawriter"
"RAYMEPRSDB","MSSQLSERVER","RAYMEPRSDB","RayStationPatientDB_1301","DB ROLE MEMBERS","INTRA\DieKSTRS","db_datawriter"
"RAYMEPRSDB","MSSQLSERVER","RAYMEPRSDB","RayStationPatientDB_1301SEAT","DB ROLE MEMBERS","dbo","db_owner"
"RAYMEPRSDB","MSSQLSERVER","RAYMEPRSDB","RayStationPatientDB_1301SEAT","DB ROLE MEMBERS","INTRA\kst-admin","db_owner"
"RAYMEPRSDB","MSSQLSERVER","RAYMEPRSDB","RayStationPatientDB_1301SEAT","DB ROLE MEMBERS","INTRA\S_Ray_Users","db_datareader"
"RAYMEPRSDB","MSSQLSERVER","RAYMEPRSDB","RayStationPatientDB_1301SEAT","DB ROLE MEMBERS","BUILTIN\Users","db_datareader"
"RAYMEPRSDB","MSSQLSERVER","RAYMEPRSDB","RayStationPatientDB_1301SEAT","DB ROLE MEMBERS","NT AUTHORITY\SYSTEM","db_datareader"
"RAYMEPRSDB","MSSQLSERVER","RAYMEPRSDB","RayStationPatientDB_1301SEAT","DB ROLE MEMBERS","INTRA\DieKSTRS","db_datareader"
"RAYMEPRSDB","MSSQLSERVER","RAYMEPRSDB","RayStationPatientDB_1301SEAT","DB ROLE MEMBERS","INTRA\S_Ray_Users","db_datawriter"
"RAYMEPRSDB","MSSQLSERVER","RAYMEPRSDB","RayStationPatientDB_1301SEAT","DB ROLE MEMBERS","BUILTIN\Users","db_datawriter"
"RAYMEPRSDB","MSSQLSERVER","RAYMEPRSDB","RayStationPatientDB_1301SEAT","DB ROLE MEMBERS","NT AUTHORITY\SYSTEM","db_datawriter"
"RAYMEPRSDB","MSSQLSERVER","RAYMEPRSDB","RayStationPatientDB_1301SEAT","DB ROLE MEMBERS","INTRA\DieKSTRS","db_datawriter"
"RAYMEPRSDB","MSSQLSERVER","RAYMEPRSDB","RayStationPatientDB_1600","DB ROLE MEMBERS","dbo","db_owner"
"RAYMEPRSDB","MSSQLSERVER","RAYMEPRSDB","RayStationPatientDB_1600","DB ROLE MEMBERS","INTRA\kst-admin","db_owner"
"RAYMEPRSDB","MSSQLSERVER","RAYMEPRSDB","RayStationPatientDB_1600","DB ROLE MEMBERS","INTRA\S_Ray_Users","db_datareader"
"RAYMEPRSDB","MSSQLSERVER","RAYMEPRSDB","RayStationPatientDB_1600","DB ROLE MEMBERS","BUILTIN\Users","db_datareader"
"RAYMEPRSDB","MSSQLSERVER","RAYMEPRSDB","RayStationPatientDB_1600","DB ROLE MEMBERS","INTRA\S_Ray_Users","db_datawriter"
"RAYMEPRSDB","MSSQLSERVER","RAYMEPRSDB","RayStationPatientDB_1600","DB ROLE MEMBERS","BUILTIN\Users","db_datawriter"
"RAYMEPRSDB","MSSQLSERVER","RAYMEPRSDB","RayStationPatientDB_1600SEAT","DB ROLE MEMBERS","dbo","db_owner"
"RAYMEPRSDB","MSSQLSERVER","RAYMEPRSDB","RayStationPatientDB_1600SEAT","DB ROLE MEMBERS","INTRA\kst-admin","db_owner"
"RAYMEPRSDB","MSSQLSERVER","RAYMEPRSDB","RayStationPatientDB_1600SEAT","DB ROLE MEMBERS","INTRA\S_Ray_Users","db_datareader"
"RAYMEPRSDB","MSSQLSERVER","RAYMEPRSDB","RayStationPatientDB_1600SEAT","DB ROLE MEMBERS","INTRA\S_Ray_Users","db_datawriter"
"RAYMEPRSDB","MSSQLSERVER","RAYMEPRSDB","RayStationPatientDB_801","DB ROLE MEMBERS","dbo","db_owner"
"RAYMEPRSDB","MSSQLSERVER","RAYMEPRSDB","RayStationPatientDB_801","DB ROLE MEMBERS","INTRA\adexrsl","db_owner"
"RAYMEPRSDB","MSSQLSERVER","RAYMEPRSDB","RayStationPatientDB_801","DB ROLE MEMBERS","INTRA\kst-admin","db_owner"
"RAYMEPRSDB","MSSQLSERVER","RAYMEPRSDB","RayStationPatientDB_801","DB ROLE MEMBERS","BUILTIN\Users","db_datareader"
"RAYMEPRSDB","MSSQLSERVER","RAYMEPRSDB","RayStationPatientDB_801","DB ROLE MEMBERS","NT AUTHORITY\SYSTEM","db_datareader"
"RAYMEPRSDB","MSSQLSERVER","RAYMEPRSDB","RayStationPatientDB_801","DB ROLE MEMBERS","INTRA\S_Ray_Users","db_datareader"
"RAYMEPRSDB","MSSQLSERVER","RAYMEPRSDB","RayStationPatientDB_801","DB ROLE MEMBERS","INTRA\DieKSTRS","db_datareader"
"RAYMEPRSDB","MSSQLSERVER","RAYMEPRSDB","RayStationPatientDB_801","DB ROLE MEMBERS","BUILTIN\Users","db_datawriter"
"RAYMEPRSDB","MSSQLSERVER","RAYMEPRSDB","RayStationPatientDB_801","DB ROLE MEMBERS","NT AUTHORITY\SYSTEM","db_datawriter"
"RAYMEPRSDB","MSSQLSERVER","RAYMEPRSDB","RayStationPatientDB_801","DB ROLE MEMBERS","INTRA\S_Ray_Users","db_datawriter"
"RAYMEPRSDB","MSSQLSERVER","RAYMEPRSDB","RayStationPatientDB_801","DB ROLE MEMBERS","INTRA\DieKSTRS","db_datawriter"
"RAYMEPRSDB","MSSQLSERVER","RAYMEPRSDB","RayStationPatientDB_920","DB ROLE MEMBERS","dbo","db_owner"
"RAYMEPRSDB","MSSQLSERVER","RAYMEPRSDB","RayStationPatientDB_920","DB ROLE MEMBERS","INTRA\kst-admin","db_owner"
"RAYMEPRSDB","MSSQLSERVER","RAYMEPRSDB","RayStationPatientDB_920","DB ROLE MEMBERS","INTRA\S_Ray_Users","db_datareader"
"RAYMEPRSDB","MSSQLSERVER","RAYMEPRSDB","RayStationPatientDB_920","DB ROLE MEMBERS","NT AUTHORITY\SYSTEM","db_datareader"
"RAYMEPRSDB","MSSQLSERVER","RAYMEPRSDB","RayStationPatientDB_920","DB ROLE MEMBERS","BUILTIN\Users","db_datareader"
"RAYMEPRSDB","MSSQLSERVER","RAYMEPRSDB","RayStationPatientDB_920","DB ROLE MEMBERS","INTRA\DieKSTRS","db_datareader"
"RAYMEPRSDB","MSSQLSERVER","RAYMEPRSDB","RayStationPatientDB_920","DB ROLE MEMBERS","INTRA\S_Ray_Users","db_datawriter"
"RAYMEPRSDB","MSSQLSERVER","RAYMEPRSDB","RayStationPatientDB_920","DB ROLE MEMBERS","NT AUTHORITY\SYSTEM","db_datawriter"
"RAYMEPRSDB","MSSQLSERVER","RAYMEPRSDB","RayStationPatientDB_920","DB ROLE MEMBERS","BUILTIN\Users","db_datawriter"
"RAYMEPRSDB","MSSQLSERVER","RAYMEPRSDB","RayStationPatientDB_920","DB ROLE MEMBERS","INTRA\DieKSTRS","db_datawriter"
"RAYMEPRSDB","MSSQLSERVER","RAYMEPRSDB","RayStationPatientDB_Science_1301","DB ROLE MEMBERS","dbo","db_owner"
"RAYMEPRSDB","MSSQLSERVER","RAYMEPRSDB","RayStationPatientDB_Science_1301","DB ROLE MEMBERS","INTRA\adexrsl","db_owner"
"RAYMEPRSDB","MSSQLSERVER","RAYMEPRSDB","RayStationPatientDB_Science_1301","DB ROLE MEMBERS","INTRA\S_Ray_Users","db_datareader"
"RAYMEPRSDB","MSSQLSERVER","RAYMEPRSDB","RayStationPatientDB_Science_1301","DB ROLE MEMBERS","BUILTIN\Users","db_datareader"
"RAYMEPRSDB","MSSQLSERVER","RAYMEPRSDB","RayStationPatientDB_Science_1301","DB ROLE MEMBERS","INTRA\S_Ray_Users","db_datawriter"
"RAYMEPRSDB","MSSQLSERVER","RAYMEPRSDB","RayStationPatientDB_Science_1301","DB ROLE MEMBERS","BUILTIN\Users","db_datawriter"
"RAYMEPRSDB","MSSQLSERVER","RAYMEPRSDB","RayStationResourceDB_1301","DB ROLE MEMBERS","dbo","db_owner"
"RAYMEPRSDB","MSSQLSERVER","RAYMEPRSDB","RayStationResourceDB_1301","DB ROLE MEMBERS","INTRA\kst-admin","db_owner"
"RAYMEPRSDB","MSSQLSERVER","RAYMEPRSDB","RayStationResourceDB_1301","DB ROLE MEMBERS","BUILTIN\Users","db_datareader"
"RAYMEPRSDB","MSSQLSERVER","RAYMEPRSDB","RayStationResourceDB_1301","DB ROLE MEMBERS","INTRA\S_Ray_Users","db_datareader"
"RAYMEPRSDB","MSSQLSERVER","RAYMEPRSDB","RayStationResourceDB_1301","DB ROLE MEMBERS","NT AUTHORITY\SYSTEM","db_datareader"
"RAYMEPRSDB","MSSQLSERVER","RAYMEPRSDB","RayStationResourceDB_1301","DB ROLE MEMBERS","INTRA\DieKSTRS","db_datareader"
"RAYMEPRSDB","MSSQLSERVER","RAYMEPRSDB","RayStationResourceDB_1301","DB ROLE MEMBERS","BUILTIN\Users","db_datawriter"
"RAYMEPRSDB","MSSQLSERVER","RAYMEPRSDB","RayStationResourceDB_1301","DB ROLE MEMBERS","INTRA\S_Ray_Users","db_datawriter"
"RAYMEPRSDB","MSSQLSERVER","RAYMEPRSDB","RayStationResourceDB_1301","DB ROLE MEMBERS","NT AUTHORITY\SYSTEM","db_datawriter"
"RAYMEPRSDB","MSSQLSERVER","RAYMEPRSDB","RayStationResourceDB_1301","DB ROLE MEMBERS","INTRA\DieKSTRS","db_datawriter"
"RAYMEPRSDB","MSSQLSERVER","RAYMEPRSDB","RayStationResourceDB_1600","DB ROLE MEMBERS","dbo","db_owner"
"RAYMEPRSDB","MSSQLSERVER","RAYMEPRSDB","RayStationResourceDB_1600","DB ROLE MEMBERS","INTRA\kst-admin","db_owner"
"RAYMEPRSDB","MSSQLSERVER","RAYMEPRSDB","RayStationResourceDB_1600","DB ROLE MEMBERS","BUILTIN\Users","db_datareader"
"RAYMEPRSDB","MSSQLSERVER","RAYMEPRSDB","RayStationResourceDB_1600","DB ROLE MEMBERS","INTRA\S_Ray_Users","db_datareader"
"RAYMEPRSDB","MSSQLSERVER","RAYMEPRSDB","RayStationResourceDB_1600","DB ROLE MEMBERS","BUILTIN\Users","db_datawriter"
"RAYMEPRSDB","MSSQLSERVER","RAYMEPRSDB","RayStationResourceDB_1600","DB ROLE MEMBERS","INTRA\S_Ray_Users","db_datawriter"
"RAYMEPRSDB","MSSQLSERVER","RAYMEPRSDB","RayStationServiceDB","DB ROLE MEMBERS","dbo","db_owner"
"RAYMEPRSDB","MSSQLSERVER","RAYMEPRSDB","RayStationServiceDB","DB ROLE MEMBERS","INTRA\kst-admin","db_owner"
"RAYMEPRSDB","MSSQLSERVER","RAYMEPRSDB","RayStationServiceDB","DB ROLE MEMBERS","BUILTIN\Users","db_datareader"
"RAYMEPRSDB","MSSQLSERVER","RAYMEPRSDB","RayStationServiceDB","DB ROLE MEMBERS","NT AUTHORITY\SYSTEM","db_datareader"
"RAYMEPRSDB","MSSQLSERVER","RAYMEPRSDB","RayStationServiceDB","DB ROLE MEMBERS","INTRA\DieKSTRS","db_datareader"
"RAYMEPRSDB","MSSQLSERVER","RAYMEPRSDB","RayStationServiceDB","DB ROLE MEMBERS","BUILTIN\Users","db_datawriter"
"RAYMEPRSDB","MSSQLSERVER","RAYMEPRSDB","RayStationServiceDB","DB ROLE MEMBERS","INTRA\DieKSTRS","db_datawriter"
"RAYMEPRSDB","MSSQLSERVER","RAYMEPRSDB","RayStationSystemDB_309b3c7d94fc4366b3713d9aee660823","DB ROLE MEMBERS","dbo","db_owner"
"RAYMEPRSDB","MSSQLSERVER","RAYMEPRSDB","RayStationSystemDB_309b3c7d94fc4366b3713d9aee660823","DB ROLE MEMBERS","BUILTIN\Users","db_datareader"
"RAYMEPRSDB","MSSQLSERVER","RAYMEPRSDB","RayStationSystemDB_309b3c7d94fc4366b3713d9aee660823","DB ROLE MEMBERS","BUILTIN\Users","db_datawriter"
"RAYMEPRSDB","MSSQLSERVER","RAYMEPRSDB","RayStationSystemDB_dc673fa9d1b74a51bd495793397a7086","DB ROLE MEMBERS","dbo","db_owner"
"RAYMEPRSDB","MSSQLSERVER","RAYMEPRSDB","RayStationSystemDB_dc673fa9d1b74a51bd495793397a7086","DB ROLE MEMBERS","BUILTIN\Users","db_datareader"
"RAYMEPRSDB","MSSQLSERVER","RAYMEPRSDB","RayStationSystemDB_dc673fa9d1b74a51bd495793397a7086","DB ROLE MEMBERS","BUILTIN\Users","db_datawriter"
