#TYPE Selected.Dataplat.Dbatools.Database.BackupHistory
"ComputerName","InstanceName","SqlInstance","AvailabilityGroupName","Database","Start","End","Duration","TotalSize","CompressedBackupSize","CompressionRatio","Type","IsCopyOnly"
"KVZMEPCOBRA","COBRA","KVZMEPCOBRA\COBRA",,"NHS","07.03.2025 04:09:37","07.03.2025 04:09:43","00:00:06","85,95 MB","85,95 MB","1","Full","False"
"KVZMEPCOBRA","COBRA","KVZMEPCOBRA\COBRA",,"NHS","06.03.2025 00:44:14","06.03.2025 00:44:19","00:00:05","85,95 MB","85,95 MB","1","Full","False"
"KVZMEPCOBRA","COBRA","KVZMEPCOBRA\COBRA",,"NHS","05.03.2025 02:33:20","05.03.2025 02:33:25","00:00:05","85,95 MB","85,95 MB","1","Full","False"
"KVZMEPCOBRA","COBRA","KVZMEPCOBRA\COBRA",,"NHS","04.03.2025 00:41:19","04.03.2025 00:41:36","00:00:17","85,95 MB","85,95 MB","1","Full","False"
"KVZMEPCOBRA","COBRA","KVZMEPCOBRA\COBRA",,"NHS","03.03.2025 00:34:30","03.03.2025 00:34:35","00:00:05","85,95 MB","85,95 MB","1","Full","False"
"KVZMEPCOBRA","COBRA","KVZMEPCOBRA\COBRA",,"NHS","02.03.2025 06:35:11","02.03.2025 06:35:33","00:00:22","85,95 MB","85,95 MB","1","Full","False"
"KVZMEPCOBRA","COBRA","KVZMEPCOBRA\COBRA",,"NHS","01.03.2025 00:44:58","01.03.2025 00:45:11","00:00:13","85,95 MB","85,95 MB","1","Full","False"
"KVZMEPCOBRA","COBRA","KVZMEPCOBRA\COBRA",,"cobra_Main","07.03.2025 04:09:36","07.03.2025 04:09:43","00:00:07","9,45 MB","9,45 MB","1","Full","False"
"KVZMEPCOBRA","COBRA","KVZMEPCOBRA\COBRA",,"cobra_Main","06.03.2025 00:44:14","06.03.2025 00:44:19","00:00:05","9,45 MB","9,45 MB","1","Full","False"
"KVZMEPCOBRA","COBRA","KVZMEPCOBRA\COBRA",,"cobra_Main","05.03.2025 02:33:20","05.03.2025 02:33:25","00:00:05","9,45 MB","9,45 MB","1","Full","False"
"KVZMEPCOBRA","COBRA","KVZMEPCOBRA\COBRA",,"cobra_Main","04.03.2025 00:41:19","04.03.2025 00:41:36","00:00:17","9,45 MB","9,45 MB","1","Full","False"
"KVZMEPCOBRA","COBRA","KVZMEPCOBRA\COBRA",,"cobra_Main","03.03.2025 00:34:30","03.03.2025 00:34:35","00:00:05","9,45 MB","9,45 MB","1","Full","False"
"KVZMEPCOBRA","COBRA","KVZMEPCOBRA\COBRA",,"cobra_Main","02.03.2025 06:35:11","02.03.2025 06:35:33","00:00:22","9,45 MB","9,45 MB","1","Full","False"
"KVZMEPCOBRA","COBRA","KVZMEPCOBRA\COBRA",,"cobra_Main","01.03.2025 00:44:58","01.03.2025 00:45:11","00:00:13","9,45 MB","9,45 MB","1","Full","False"
"KVZMEPCOBRA","COBRA","KVZMEPCOBRA\COBRA",,"master","07.03.2025 04:09:37","07.03.2025 04:09:43","00:00:06","3,83 MB","3,83 MB","1","Full","False"
"KVZMEPCOBRA","COBRA","KVZMEPCOBRA\COBRA",,"master","06.03.2025 00:44:14","06.03.2025 00:44:19","00:00:05","3,83 MB","3,83 MB","1","Full","False"
"KVZMEPCOBRA","COBRA","KVZMEPCOBRA\COBRA",,"master","05.03.2025 02:33:20","05.03.2025 02:33:25","00:00:05","3,83 MB","3,83 MB","1","Full","False"
"KVZMEPCOBRA","COBRA","KVZMEPCOBRA\COBRA",,"master","04.03.2025 00:41:19","04.03.2025 00:41:36","00:00:17","3,83 MB","3,83 MB","1","Full","False"
"KVZMEPCOBRA","COBRA","KVZMEPCOBRA\COBRA",,"master","03.03.2025 00:34:30","03.03.2025 00:34:35","00:00:05","3,83 MB","3,83 MB","1","Full","False"
"KVZMEPCOBRA","COBRA","KVZMEPCOBRA\COBRA",,"master","02.03.2025 06:35:11","02.03.2025 06:35:33","00:00:22","3,83 MB","3,83 MB","1","Full","False"
"KVZMEPCOBRA","COBRA","KVZMEPCOBRA\COBRA",,"master","01.03.2025 00:44:58","01.03.2025 00:45:11","00:00:13","3,83 MB","3,83 MB","1","Full","False"
"KVZMEPCOBRA","COBRA","KVZMEPCOBRA\COBRA",,"msdb","07.03.2025 04:09:37","07.03.2025 04:09:43","00:00:06","51,66 MB","51,66 MB","1","Full","False"
"KVZMEPCOBRA","COBRA","KVZMEPCOBRA\COBRA",,"msdb","06.03.2025 00:44:14","06.03.2025 00:44:19","00:00:05","51,66 MB","51,66 MB","1","Full","False"
"KVZMEPCOBRA","COBRA","KVZMEPCOBRA\COBRA",,"msdb","05.03.2025 02:33:20","05.03.2025 02:33:25","00:00:05","51,66 MB","51,66 MB","1","Full","False"
"KVZMEPCOBRA","COBRA","KVZMEPCOBRA\COBRA",,"msdb","04.03.2025 00:41:19","04.03.2025 00:41:36","00:00:17","51,60 MB","51,60 MB","1","Full","False"
"KVZMEPCOBRA","COBRA","KVZMEPCOBRA\COBRA",,"msdb","03.03.2025 00:34:30","03.03.2025 00:34:35","00:00:05","51,58 MB","51,58 MB","1","Full","False"
"KVZMEPCOBRA","COBRA","KVZMEPCOBRA\COBRA",,"msdb","02.03.2025 06:35:11","02.03.2025 06:35:33","00:00:22","51,60 MB","51,60 MB","1","Full","False"
"KVZMEPCOBRA","COBRA","KVZMEPCOBRA\COBRA",,"msdb","01.03.2025 00:44:58","01.03.2025 00:45:11","00:00:13","51,60 MB","51,60 MB","1","Full","False"
"KVZMEPCOBRA","COBRA","KVZMEPCOBRA\COBRA",,"model","07.03.2025 04:09:36","07.03.2025 04:09:43","00:00:07","2,76 MB","2,76 MB","1","Full","False"
"KVZMEPCOBRA","COBRA","KVZMEPCOBRA\COBRA",,"model","06.03.2025 00:44:14","06.03.2025 00:44:19","00:00:05","2,76 MB","2,76 MB","1","Full","False"
"KVZMEPCOBRA","COBRA","KVZMEPCOBRA\COBRA",,"model","05.03.2025 02:33:20","05.03.2025 02:33:25","00:00:05","2,76 MB","2,76 MB","1","Full","False"
"KVZMEPCOBRA","COBRA","KVZMEPCOBRA\COBRA",,"model","04.03.2025 00:41:19","04.03.2025 00:41:36","00:00:17","2,76 MB","2,76 MB","1","Full","False"
"KVZMEPCOBRA","COBRA","KVZMEPCOBRA\COBRA",,"model","03.03.2025 00:34:30","03.03.2025 00:34:35","00:00:05","2,76 MB","2,76 MB","1","Full","False"
"KVZMEPCOBRA","COBRA","KVZMEPCOBRA\COBRA",,"model","02.03.2025 06:35:11","02.03.2025 06:35:33","00:00:22","2,76 MB","2,76 MB","1","Full","False"
"KVZMEPCOBRA","COBRA","KVZMEPCOBRA\COBRA",,"model","01.03.2025 00:44:58","01.03.2025 00:45:11","00:00:13","2,76 MB","2,76 MB","1","Full","False"
