#TYPE Selected.Microsoft.SqlServer.Management.Smo.Login
"ComputerName","InstanceName","SqlInstance","Name","DefaultDatabase","IsDisabled","IsLocked","IsPasswordExpired","LoginType"
"KVZMEPCOBRA","COBRA","KVZMEPCOBRA\COBRA","##MS_PolicyEventProcessingLogin##","master","True","False","False","SqlLogin"
"KVZMEPCOBRA","COBRA","KVZMEPCOBRA\COBRA","##MS_PolicyTsqlExecutionLogin##","master","True","False","False","SqlLogin"
"KVZMEPCOBRA","COBRA","KVZMEPCOBRA\COBRA","BUILTIN\Users","master","False",,,"WindowsGroup"
"KVZMEPCOBRA","COBRA","KVZMEPCOBRA\COBRA","INTRA\ADM-CIT","master","False",,,"WindowsGroup"
"KVZMEPCOBRA","COBRA","KVZMEPCOBRA\COBRA","INTRA\admdp6","master","False",,,"WindowsUser"
"KVZMEPCOBRA","COBRA","KVZMEPCOBRA\COBRA","INTRA\admrki","master","False",,,"WindowsUser"
"KVZMEPCOBRA","COBRA","KVZMEPCOBRA\COBRA","KVZMEPCOBRA\SQL-Admin","master","False",,,"WindowsGroup"
"KVZMEPCOBRA","COBRA","KVZMEPCOBRA\COBRA","NT AUTHORITY\SYSTEM","master","False",,,"WindowsUser"
"KVZMEPCOBRA","COBRA","KVZMEPCOBRA\COBRA","NT Service\MSSQL$COBRA","master","False",,,"WindowsUser"
"KVZMEPCOBRA","COBRA","KVZMEPCOBRA\COBRA","NT SERVICE\SQLWriter","master","False",,,"WindowsUser"
"KVZMEPCOBRA","COBRA","KVZMEPCOBRA\COBRA","NT SERVICE\Winmgmt","master","False",,,"WindowsUser"
"KVZMEPCOBRA","COBRA","KVZMEPCOBRA\COBRA","sa","master","False","False","False","SqlLogin"
