#TYPE Selected.System.Management.Automation.PSCustomObject
"ComputerName","InstanceName","SqlInstance","Object","Type","Member","RoleSecurableClass"
"KVZMEPCOBRA","COBRA","KVZMEPCOBRA\COBRA","SERVER","SERVER LOGINS","sa","sysadmin"
"KVZMEPCOBRA","COBRA","KVZMEPCOBRA\COBRA","SERVER","SERVER LOGINS","INTRA\admrki","sysadmin"
"KVZMEPCOBRA","COBRA","KVZMEPCOBRA\COBRA","SERVER","SERVER LOGINS","BUILTIN\Users","None"
"KVZMEPCOBRA","COBRA","KVZMEPCOBRA\COBRA","SERVER","SERVER LOGINS","INTRA\admdp6","sysadmin"
"KVZMEPCOBRA","COBRA","KVZMEPCOBRA\COBRA","SERVER","SERVER LOGINS","INTRA\ADM-CIT","sysadmin"
"KVZMEPCOBRA","COBRA","KVZMEPCOBRA\COBRA","SERVER","SERVER LOGINS","KVZMEPCOBRA\SQL-Admin","sysadmin"
"KVZMEPCOBRA","COBRA","KVZMEPCOBRA\COBRA","cobra_Main","DB ROLE MEMBERS","dbo","db_owner"
"KVZMEPCOBRA","COBRA","KVZMEPCOBRA\COBRA","NHS","DB ROLE MEMBERS","dbo","db_owner"
