#TYPE Selected.Microsoft.SqlServer.Management.Smo.Database
"BackupStatus","ComputerName","InstanceName","SqlInstance","SizeMB","Compatibility","Encrypted","LastFullBackup","LastDiffBackup","LastLogBackup","Name"
,"SWAMEPARCHIVDB","MSSQLSERVER","SWAMEPARCHIVDB","123337,5","Version130","False","07.03.2025 03:38:41","01.01.0001 00:00:00","01.01.0001 00:00:00","avpdb8"
,"SWAMEPARCHIVDB","MSSQLSERVER","SWAMEPARCHIVDB","20672,5","Version110","False","07.03.2025 03:38:41","01.01.0001 00:00:00","01.01.0001 00:00:00","avpdb"
,"SWAMEPARCHIVDB","MSSQLSERVER","SWAMEPARCHIVDB","5695,25","Version100","False","07.03.2025 03:38:41","01.01.0001 00:00:00","01.01.0001 00:00:00","avpdb8_0350"
