#TYPE Selected.Microsoft.SqlServer.Management.Smo.Login
"ComputerName","InstanceName","SqlInstance","Name","DefaultDatabase","IsDisabled","IsLocked","IsPasswordExpired","LoginType"
"SWAMEPARCHIVDB","MSSQLSERVER","SWAMEPARCHIVDB","##MS_PolicyEventProcessingLogin##","master","True","False","False","SqlLogin"
"SWAMEPARCHIVDB","MSSQLSERVER","SWAMEPARCHIVDB","##MS_PolicyTsqlExecutionLogin##","master","True","False","False","SqlLogin"
"SWAMEPARCHIVDB","MSSQLSERVER","SWAMEPARCHIVDB","BUILTIN\Administrators","master","False",,,"WindowsGroup"
"SWAMEPARCHIVDB","MSSQLSERVER","SWAMEPARCHIVDB","dmi","avpdb8","False","False","False","SqlLogin"
"SWAMEPARCHIVDB","MSSQLSERVER","SWAMEPARCHIVDB","INTRA\admdp6","master","False",,,"WindowsUser"
"SWAMEPARCHIVDB","MSSQLSERVER","SWAMEPARCHIVDB","NT AUTHORITY\SYSTEM","master","False",,,"WindowsUser"
"SWAMEPARCHIVDB","MSSQLSERVER","SWAMEPARCHIVDB","NT Service\MSSQLSERVER","master","False",,,"WindowsUser"
"SWAMEPARCHIVDB","MSSQLSERVER","SWAMEPARCHIVDB","NT SERVICE\SQLSERVERAGENT","master","False",,,"WindowsUser"
"SWAMEPARCHIVDB","MSSQLSERVER","SWAMEPARCHIVDB","NT SERVICE\SQLTELEMETRY","master","False",,,"WindowsUser"
"SWAMEPARCHIVDB","MSSQLSERVER","SWAMEPARCHIVDB","NT SERVICE\SQLWriter","master","False",,,"WindowsUser"
"SWAMEPARCHIVDB","MSSQLSERVER","SWAMEPARCHIVDB","NT SERVICE\Winmgmt","master","False",,,"WindowsUser"
"SWAMEPARCHIVDB","MSSQLSERVER","SWAMEPARCHIVDB","sa","master","True","False","False","SqlLogin"
"SWAMEPARCHIVDB","MSSQLSERVER","SWAMEPARCHIVDB","SWAMEPARCHIVDB\sql-admin","master","False",,,"WindowsGroup"
