#TYPE Selected.System.Management.Automation.PSCustomObject
"ComputerName","InstanceName","SqlInstance","Object","Type","Member","RoleSecurableClass"
"SWAMEPARCHIVDB","MSSQLSERVER","SWAMEPARCHIVDB","SERVER","SERVER LOGINS","sa","sysadmin"
"SWAMEPARCHIVDB","MSSQLSERVER","SWAMEPARCHIVDB","SERVER","SERVER LOGINS","BUILTIN\Administrators","sysadmin"
"SWAMEPARCHIVDB","MSSQLSERVER","SWAMEPARCHIVDB","SERVER","SERVER LOGINS","INTRA\admdp6","sysadmin"
"SWAMEPARCHIVDB","MSSQLSERVER","SWAMEPARCHIVDB","SERVER","SERVER LOGINS","dmi","sysadmin"
"SWAMEPARCHIVDB","MSSQLSERVER","SWAMEPARCHIVDB","SERVER","SERVER LOGINS","SWAMEPARCHIVDB\sql-admin","None"
"SWAMEPARCHIVDB","MSSQLSERVER","SWAMEPARCHIVDB","avpdb","DB ROLE MEMBERS","dbo","db_owner"
"SWAMEPARCHIVDB","MSSQLSERVER","SWAMEPARCHIVDB","avpdb","DB ROLE MEMBERS","otto","db_owner"
"SWAMEPARCHIVDB","MSSQLSERVER","SWAMEPARCHIVDB","avpdb","DB ROLE MEMBERS","SWAMEPAVPDB\AVPGMO","db_owner"
"SWAMEPARCHIVDB","MSSQLSERVER","SWAMEPARCHIVDB","avpdb","DB ROLE MEMBERS","SWAMEPARCHIV\AVPGMO2","db_owner"
"SWAMEPARCHIVDB","MSSQLSERVER","SWAMEPARCHIVDB","avpdb","DB ROLE MEMBERS","dmi","db_owner"
"SWAMEPARCHIVDB","MSSQLSERVER","SWAMEPARCHIVDB","avpdb8","DB ROLE MEMBERS","dbo","db_owner"
"SWAMEPARCHIVDB","MSSQLSERVER","SWAMEPARCHIVDB","avpdb8","DB ROLE MEMBERS","dmi","db_owner"
"SWAMEPARCHIVDB","MSSQLSERVER","SWAMEPARCHIVDB","avpdb8_0350","DB ROLE MEMBERS","dbo","db_owner"
"SWAMEPARCHIVDB","MSSQLSERVER","SWAMEPARCHIVDB","avpdb8_0350","DB ROLE MEMBERS","dmi","db_owner"
"SWAMEPARCHIVDB","MSSQLSERVER","SWAMEPARCHIVDB","avpdb8_0350","DB ROLE MEMBERS","OUF\cvadmin","db_backupoperator"
