#TYPE Selected.Microsoft.SqlServer.Management.Smo.Login
"ComputerName","InstanceName","SqlInstance","Name","DefaultDatabase","IsDisabled","IsLocked","IsPasswordExpired","LoginType"
"inftestiam","MSSQLSERVER","inftestiam","##MS_PolicyEventProcessingLogin##","master","True","False","False","SqlLogin"
"inftestiam","MSSQLSERVER","inftestiam","##MS_PolicyTsqlExecutionLogin##","master","True","False","False","SqlLogin"
"inftestiam","MSSQLSERVER","inftestiam","CIT1","master","False","False","False","SqlLogin"
"inftestiam","MSSQLSERVER","inftestiam","INFTESTIAM\SQL-Admin","master","False",,,"WindowsGroup"
"inftestiam","MSSQLSERVER","inftestiam","INTRA\D07CTALLE","master","False",,,"WindowsGroup"
"inftestiam","MSSQLSERVER","inftestiam","INTRA\D07INALLE","master","False",,,"WindowsGroup"
"inftestiam","MSSQLSERVER","inftestiam","INTRA\HReinig","ServerDB2012","False",,,"WindowsUser"
"inftestiam","MSSQLSERVER","inftestiam","NT AUTHORITY\iusr","master","False",,,"WindowsGroup"
"inftestiam","MSSQLSERVER","inftestiam","NT AUTHORITY\SYSTEM","master","False",,,"WindowsUser"
"inftestiam","MSSQLSERVER","inftestiam","NT SERVICE\MSSQLSERVER","master","False",,,"WindowsUser"
"inftestiam","MSSQLSERVER","inftestiam","NT SERVICE\SQLSERVERAGENT","master","False",,,"WindowsUser"
"inftestiam","MSSQLSERVER","inftestiam","NT SERVICE\SQLTELEMETRY","master","False",,,"WindowsUser"
"inftestiam","MSSQLSERVER","inftestiam","NT SERVICE\SQLWriter","master","False",,,"WindowsUser"
"inftestiam","MSSQLSERVER","inftestiam","NT SERVICE\Winmgmt","master","False",,,"WindowsUser"
"inftestiam","MSSQLSERVER","inftestiam","phoenix","master","False","False","False","SqlLogin"
"inftestiam","MSSQLSERVER","inftestiam","sa","master","True","False","False","SqlLogin"
"inftestiam","MSSQLSERVER","inftestiam","Web1","master","False","False","False","SqlLogin"
