#TYPE Selected.System.Management.Automation.PSCustomObject
"ComputerName","InstanceName","SqlInstance","Object","Type","Member","RoleSecurableClass"
"inftestiam","MSSQLSERVER","inftestiam","SERVER","SERVER LOGINS","sa","sysadmin"
"inftestiam","MSSQLSERVER","inftestiam","SERVER","SERVER LOGINS","INFTESTIAM\SQL-Admin","sysadmin"
"inftestiam","MSSQLSERVER","inftestiam","SERVER","SERVER LOGINS","CIT1","None"
"inftestiam","MSSQLSERVER","inftestiam","SERVER","SERVER LOGINS","INTRA\D07CTALLE","None"
"inftestiam","MSSQLSERVER","inftestiam","SERVER","SERVER LOGINS","INTRA\D07INALLE","None"
"inftestiam","MSSQLSERVER","inftestiam","SERVER","SERVER LOGINS","INTRA\HReinig","None"
"inftestiam","MSSQLSERVER","inftestiam","SERVER","SERVER LOGINS","phoenix","None"
"inftestiam","MSSQLSERVER","inftestiam","SERVER","SERVER LOGINS","Web1","None"
"inftestiam","MSSQLSERVER","inftestiam","IAM","DB ROLE MEMBERS","dbo","db_owner"
"inftestiam","MSSQLSERVER","inftestiam","IAM_VAULT","DB ROLE MEMBERS","dbo","db_owner"
