#TYPE Selected.Microsoft.SqlServer.Management.Smo.Database
"BackupStatus","ComputerName","InstanceName","SqlInstance","SizeMB","Compatibility","Encrypted","LastFullBackup","LastDiffBackup","LastLogBackup","Name"
,"dmstestdb2","MSSQLSERVER","dmstestdb2","7380,0625","Version150","False","07.03.2025 04:08:41","01.01.0001 00:00:00","07.03.2025 16:32:25","enaio_test"
,"dmstestdb2","MSSQLSERVER","dmstestdb2","18","Version150","False","07.03.2025 04:08:41","01.01.0001 00:00:00","07.03.2025 16:32:25","SmartFix_Matching_DB"
,"dmstestdb2","MSSQLSERVER","dmstestdb2","82","Version150","False","07.03.2025 04:08:41","01.01.0001 00:00:00","07.03.2025 16:32:25","SmartFix_Control_DB"
,"dmstestdb2","MSSQLSERVER","dmstestdb2","82","Version150","False","07.03.2025 04:08:41","01.01.0001 00:00:00","07.03.2025 16:32:25","SmartFix_Result_DB"
