#TYPE Selected.Microsoft.SqlServer.Management.Smo.Login
"ComputerName","InstanceName","SqlInstance","Name","DefaultDatabase","IsDisabled","IsLocked","IsPasswordExpired","LoginType"
"dmstestdb2","MSSQLSERVER","dmstestdb2","##MS_PolicyEventProcessingLogin##","master","True","False","False","SqlLogin"
"dmstestdb2","MSSQLSERVER","dmstestdb2","##MS_PolicyTsqlExecutionLogin##","master","True","False","False","SqlLogin"
"dmstestdb2","MSSQLSERVER","dmstestdb2","BUILTIN\Administrators","master","False",,,"WindowsGroup"
"dmstestdb2","MSSQLSERVER","dmstestdb2","DMSTESTDB2\SQL-Admin","master","False",,,"WindowsGroup"
"dmstestdb2","MSSQLSERVER","dmstestdb2","enaio_test","master","False","False","False","SqlLogin"
"dmstestdb2","MSSQLSERVER","dmstestdb2","INTRA\admDP6","master","False",,,"WindowsUser"
"dmstestdb2","MSSQLSERVER","dmstestdb2","NT AUTHORITY\SYSTEM","master","False",,,"WindowsUser"
"dmstestdb2","MSSQLSERVER","dmstestdb2","NT SERVICE\MSSQLSERVER","master","False",,,"WindowsUser"
"dmstestdb2","MSSQLSERVER","dmstestdb2","NT SERVICE\SQLSERVERAGENT","master","False",,,"WindowsUser"
"dmstestdb2","MSSQLSERVER","dmstestdb2","NT SERVICE\SQLTELEMETRY","master","False",,,"WindowsUser"
"dmstestdb2","MSSQLSERVER","dmstestdb2","NT SERVICE\SQLWriter","master","False",,,"WindowsUser"
"dmstestdb2","MSSQLSERVER","dmstestdb2","NT SERVICE\Winmgmt","master","False",,,"WindowsUser"
"dmstestdb2","MSSQLSERVER","dmstestdb2","sa","master","False","False","False","SqlLogin"
"dmstestdb2","MSSQLSERVER","dmstestdb2","smartfix","master","False","False","False","SqlLogin"
