#TYPE Selected.System.Management.Automation.PSCustomObject
"ServerName","ComputerName","InstanceName","SqlInstance","Name","DisplayName","Description","ConfiguredValue","RunningValue","DefaultValue","IsRunningDefaultValue"
"DMSTESTDB2","dmstestdb2","MSSQLSERVER","dmstestdb2","CursorThreshold","cursor threshold","cursor threshold","-1","-1","0","False"
"DMSTESTDB2","dmstestdb2","MSSQLSERVER","dmstestdb2","MaxDegreeOfParallelism","max degree of parallelism","maximum degree of parallelism","8","8","0","False"
"DMSTESTDB2","dmstestdb2","MSSQLSERVER","dmstestdb2","MaxServerMemory","max server memory (MB)","Maximum size of server memory (MB)","14260633","14260633","2147483647","False"
"DMSTESTDB2","dmstestdb2","MSSQLSERVER","dmstestdb2","DefaultTraceEnabled","default trace enabled","Enable or disable the default trace","1","1","0","False"
"DMSTESTDB2","dmstestdb2","MSSQLSERVER","dmstestdb2","ClrStrictSecurity","clr strict security","CLR strict security enabled in the server","1","1","0","False"
"DMSTESTDB2","dmstestdb2","MSSQLSERVER","dmstestdb2","VersionHighPartOfSqlServer","version high part of SQL Server","version high part of SQL Server that model database copied for","0","0",,"False"
"DMSTESTDB2","dmstestdb2","MSSQLSERVER","dmstestdb2","VersionLowPartOfSqlServer","version low part of SQL Server","version low part of SQL Server that model database copied for","0","0",,"False"
"DMSTESTDB2","dmstestdb2","MSSQLSERVER","dmstestdb2",,"max RPC request params (KB)","Maximum memory for RPC request parameters (kBytes)","0","0",,"False"
"DMSTESTDB2","dmstestdb2","MSSQLSERVER","dmstestdb2","AgentXPsEnabled","Agent XPs","Enable or disable Agent XPs","1","1","0","False"
