#TYPE Selected.System.Management.Automation.PSCustomObject
"ComputerName","InstanceName","SqlInstance","Object","Type","Member","RoleSecurableClass"
"dmstestdb2","MSSQLSERVER","dmstestdb2","SERVER","SERVER LOGINS","sa","sysadmin"
"dmstestdb2","MSSQLSERVER","dmstestdb2","SERVER","SERVER LOGINS","INTRA\admDP6","sysadmin"
"dmstestdb2","MSSQLSERVER","dmstestdb2","SERVER","SERVER LOGINS","BUILTIN\Administrators","sysadmin"
"dmstestdb2","MSSQLSERVER","dmstestdb2","SERVER","SERVER LOGINS","enaio_test","None"
"dmstestdb2","MSSQLSERVER","dmstestdb2","SERVER","SERVER LOGINS","smartfix","None"
"dmstestdb2","MSSQLSERVER","dmstestdb2","SERVER","SERVER LOGINS","DMSTESTDB2\SQL-Admin","sysadmin"
"dmstestdb2","MSSQLSERVER","dmstestdb2","enaio_test","DB ROLE MEMBERS","dbo","db_owner"
"dmstestdb2","MSSQLSERVER","dmstestdb2","enaio_test","DB ROLE MEMBERS","enaio_test","db_owner"
"dmstestdb2","MSSQLSERVER","dmstestdb2","SmartFix_Control_DB","DB ROLE MEMBERS","dbo","db_owner"
"dmstestdb2","MSSQLSERVER","dmstestdb2","SmartFix_Control_DB","DB ROLE MEMBERS","smartfix","db_datareader"
"dmstestdb2","MSSQLSERVER","dmstestdb2","SmartFix_Control_DB","DB ROLE MEMBERS","smartfix","db_datawriter"
"dmstestdb2","MSSQLSERVER","dmstestdb2","SmartFix_Matching_DB","DB ROLE MEMBERS","dbo","db_owner"
"dmstestdb2","MSSQLSERVER","dmstestdb2","SmartFix_Matching_DB","DB ROLE MEMBERS","smartfix","db_datareader"
"dmstestdb2","MSSQLSERVER","dmstestdb2","SmartFix_Matching_DB","DB ROLE MEMBERS","smartfix","db_datawriter"
"dmstestdb2","MSSQLSERVER","dmstestdb2","SmartFix_Result_DB","DB ROLE MEMBERS","dbo","db_owner"
"dmstestdb2","MSSQLSERVER","dmstestdb2","SmartFix_Result_DB","DB ROLE MEMBERS","smartfix","db_datareader"
"dmstestdb2","MSSQLSERVER","dmstestdb2","SmartFix_Result_DB","DB ROLE MEMBERS","smartfix","db_datawriter"
