#TYPE Selected.Microsoft.SqlServer.Management.Smo.Database
"BackupStatus","ComputerName","InstanceName","SqlInstance","SizeMB","Compatibility","Encrypted","LastFullBackup","LastDiffBackup","LastLogBackup","Name"
,"infmepcitdb2","MSSQLSERVER","infmepcitdb2","25","Version150","False","07.03.2025 03:22:00","01.01.0001 00:00:00","07.03.2025 16:32:05","ADReport"
,"infmepcitdb2","MSSQLSERVER","infmepcitdb2","76,75","Version100","False","07.03.2025 03:22:00","01.01.0001 00:00:00","07.03.2025 16:32:05","ServerDB2012-Enrico"
,"infmepcitdb2","MSSQLSERVER","infmepcitdb2","16","Version150","False","07.03.2025 03:22:00","01.01.0001 00:00:00","07.03.2025 16:32:05","SSYSAN2"
,"infmepcitdb2","MSSQLSERVER","infmepcitdb2","76,75","Version100","False","07.03.2025 03:22:00","01.01.0001 00:00:00","07.03.2025 16:32:06","ServerDB2012HORST"
,"infmepcitdb2","MSSQLSERVER","infmepcitdb2","76,75","Version100","False","07.03.2025 03:22:00","01.01.0001 00:00:00","07.03.2025 16:32:06","ServerDB2012-2"
