#TYPE Selected.Microsoft.SqlServer.Management.Smo.Login
"ComputerName","InstanceName","SqlInstance","Name","DefaultDatabase","IsDisabled","IsLocked","IsPasswordExpired","LoginType"
"infmepcitdb2","MSSQLSERVER","infmepcitdb2","##MS_PolicyEventProcessingLogin##","master","True","False","False","SqlLogin"
"infmepcitdb2","MSSQLSERVER","infmepcitdb2","##MS_PolicyTsqlExecutionLogin##","master","True","False","False","SqlLogin"
"infmepcitdb2","MSSQLSERVER","infmepcitdb2","addsqlreader","master","False","False","False","SqlLogin"
"infmepcitdb2","MSSQLSERVER","infmepcitdb2","CIT1","ServerDB2012-2","False","False","False","SqlLogin"
"infmepcitdb2","MSSQLSERVER","infmepcitdb2","INFMEPCITDB2\SQL-Admin","master","False",,,"WindowsGroup"
"infmepcitdb2","MSSQLSERVER","infmepcitdb2","INTRA\admFT","master","False",,,"WindowsUser"
"infmepcitdb2","MSSQLSERVER","infmepcitdb2","INTRA\admHR-SC","master","False",,,"WindowsUser"
"infmepcitdb2","MSSQLSERVER","infmepcitdb2","INTRA\AHoffmann","master","False",,,"WindowsUser"
"infmepcitdb2","MSSQLSERVER","infmepcitdb2","INTRA\D07CTALLE","master","False",,,"WindowsGroup"
"infmepcitdb2","MSSQLSERVER","infmepcitdb2","INTRA\D07INALLE","master","False",,,"WindowsGroup"
"infmepcitdb2","MSSQLSERVER","infmepcitdb2","INTRA\D07INSAN","master","False",,,"WindowsGroup"
"infmepcitdb2","MSSQLSERVER","infmepcitdb2","INTRA\MSteingas","master","False",,,"WindowsUser"
"infmepcitdb2","MSSQLSERVER","infmepcitdb2","INTRA\RGefing","ServerDB2012-2","False",,,"WindowsUser"
"infmepcitdb2","MSSQLSERVER","infmepcitdb2","INTRA\WCzachors","ServerDB2012-2","False",,,"WindowsUser"
"infmepcitdb2","MSSQLSERVER","infmepcitdb2","NT AUTHORITY\SYSTEM","master","False",,,"WindowsUser"
"infmepcitdb2","MSSQLSERVER","infmepcitdb2","NT SERVICE\MSSQLSERVER","master","False",,,"WindowsUser"
"infmepcitdb2","MSSQLSERVER","infmepcitdb2","NT SERVICE\SQLSERVERAGENT","master","False",,,"WindowsUser"
"infmepcitdb2","MSSQLSERVER","infmepcitdb2","NT SERVICE\SQLTELEMETRY","master","False",,,"WindowsUser"
"infmepcitdb2","MSSQLSERVER","infmepcitdb2","NT SERVICE\SQLWriter","master","False",,,"WindowsUser"
"infmepcitdb2","MSSQLSERVER","infmepcitdb2","NT SERVICE\Winmgmt","master","False",,,"WindowsUser"
"infmepcitdb2","MSSQLSERVER","infmepcitdb2","RZInventar","RZInventur","False","False","False","SqlLogin"
"infmepcitdb2","MSSQLSERVER","infmepcitdb2","sa","master","True","False","False","SqlLogin"
