#TYPE Selected.System.Management.Automation.PSCustomObject
"ServerName","ComputerName","InstanceName","SqlInstance","Name","DisplayName","Description","ConfiguredValue","RunningValue","DefaultValue","IsRunningDefaultValue"
"INFMEPCITDB2","infmepcitdb2","MSSQLSERVER","infmepcitdb2","CursorThreshold","cursor threshold","cursor threshold","-1","-1","0","False"
"INFMEPCITDB2","infmepcitdb2","MSSQLSERVER","infmepcitdb2","MaxDegreeOfParallelism","max degree of parallelism","maximum degree of parallelism","4","4","0","False"
"INFMEPCITDB2","infmepcitdb2","MSSQLSERVER","infmepcitdb2","MaxServerMemory","max server memory (MB)","Maximum size of server memory (MB)","2253","2253","2147483647","False"
"INFMEPCITDB2","infmepcitdb2","MSSQLSERVER","infmepcitdb2","DefaultTraceEnabled","default trace enabled","Enable or disable the default trace","1","1","0","False"
"INFMEPCITDB2","infmepcitdb2","MSSQLSERVER","infmepcitdb2","ClrStrictSecurity","clr strict security","CLR strict security enabled in the server","1","1","0","False"
"INFMEPCITDB2","infmepcitdb2","MSSQLSERVER","infmepcitdb2","VersionHighPartOfSqlServer","version high part of SQL Server","version high part of SQL Server that model database copied for","0","0",,"False"
"INFMEPCITDB2","infmepcitdb2","MSSQLSERVER","infmepcitdb2","VersionLowPartOfSqlServer","version low part of SQL Server","version low part of SQL Server that model database copied for","0","0",,"False"
"INFMEPCITDB2","infmepcitdb2","MSSQLSERVER","infmepcitdb2",,"max RPC request params (KB)","Maximum memory for RPC request parameters (kBytes)","0","0",,"False"
"INFMEPCITDB2","infmepcitdb2","MSSQLSERVER","infmepcitdb2","AgentXPsEnabled","Agent XPs","Enable or disable Agent XPs","1","1","0","False"
