#TYPE Selected.System.Management.Automation.PSCustomObject
"ComputerName","InstanceName","SqlInstance","Object","Type","Member","RoleSecurableClass"
"infmepcitdb2","MSSQLSERVER","infmepcitdb2","SERVER","SERVER LOGINS","sa","sysadmin"
"infmepcitdb2","MSSQLSERVER","infmepcitdb2","SERVER","SERVER LOGINS","INFMEPCITDB2\SQL-Admin","sysadmin"
"infmepcitdb2","MSSQLSERVER","infmepcitdb2","SERVER","SERVER LOGINS","INTRA\D07INALLE","None"
"infmepcitdb2","MSSQLSERVER","infmepcitdb2","SERVER","SERVER LOGINS","INTRA\D07CTALLE","None"
"infmepcitdb2","MSSQLSERVER","infmepcitdb2","SERVER","SERVER LOGINS","INTRA\D07INSAN","None"
"infmepcitdb2","MSSQLSERVER","infmepcitdb2","SERVER","SERVER LOGINS","INTRA\admHR-SC","sysadmin"
"infmepcitdb2","MSSQLSERVER","infmepcitdb2","SERVER","SERVER LOGINS","INTRA\MSteingas","None"
"infmepcitdb2","MSSQLSERVER","infmepcitdb2","SERVER","SERVER LOGINS","CIT1","None"
"infmepcitdb2","MSSQLSERVER","infmepcitdb2","SERVER","SERVER LOGINS","INTRA\admFT","None"
"infmepcitdb2","MSSQLSERVER","infmepcitdb2","SERVER","SERVER LOGINS","addsqlreader","None"
"infmepcitdb2","MSSQLSERVER","infmepcitdb2","SERVER","SERVER LOGINS","RZInventar","None"
"infmepcitdb2","MSSQLSERVER","infmepcitdb2","SERVER","SERVER LOGINS","INTRA\AHoffmann","None"
"infmepcitdb2","MSSQLSERVER","infmepcitdb2","SERVER","SERVER LOGINS","INTRA\RGefing","None"
"infmepcitdb2","MSSQLSERVER","infmepcitdb2","SERVER","SERVER LOGINS","INTRA\WCzachors","None"
"infmepcitdb2","MSSQLSERVER","infmepcitdb2","ADReport","DB ROLE MEMBERS","dbo","db_owner"
"infmepcitdb2","MSSQLSERVER","infmepcitdb2","ServerDB2012-2","DB ROLE MEMBERS","dbo","db_owner"
"infmepcitdb2","MSSQLSERVER","infmepcitdb2","ServerDB2012-2","DB ROLE MEMBERS","INTRA\admHR-SC","db_owner"
"infmepcitdb2","MSSQLSERVER","infmepcitdb2","ServerDB2012-2","DB ROLE MEMBERS","INTRA\D07INSAN","db_datareader"
"infmepcitdb2","MSSQLSERVER","infmepcitdb2","ServerDB2012-2","DB ROLE MEMBERS","NT AUTHORITY\IUSR","db_datareader"
"infmepcitdb2","MSSQLSERVER","infmepcitdb2","ServerDB2012-2","DB ROLE MEMBERS","INTRA\D07CTALLE","db_datareader"
"infmepcitdb2","MSSQLSERVER","infmepcitdb2","ServerDB2012-2","DB ROLE MEMBERS","INTRA\admHR-SC","db_datareader"
"infmepcitdb2","MSSQLSERVER","infmepcitdb2","ServerDB2012-2","DB ROLE MEMBERS","INTRA\AHoffmann","db_datareader"
"infmepcitdb2","MSSQLSERVER","infmepcitdb2","ServerDB2012-2","DB ROLE MEMBERS","Web1","db_datareader"
"infmepcitdb2","MSSQLSERVER","infmepcitdb2","ServerDB2012-2","DB ROLE MEMBERS","INTRA\RGefing","db_datareader"
"infmepcitdb2","MSSQLSERVER","infmepcitdb2","ServerDB2012-2","DB ROLE MEMBERS","INTRA\WCzachors","db_datareader"
"infmepcitdb2","MSSQLSERVER","infmepcitdb2","ServerDB2012-2","DB ROLE MEMBERS","INTRA\D07INALLE","db_datareader"
"infmepcitdb2","MSSQLSERVER","infmepcitdb2","ServerDB2012-2","DB ROLE MEMBERS","INTRA\MSteingas","db_datareader"
"infmepcitdb2","MSSQLSERVER","infmepcitdb2","ServerDB2012-2","DB ROLE MEMBERS","CIT1","db_datareader"
"infmepcitdb2","MSSQLSERVER","infmepcitdb2","ServerDB2012-2","DB ROLE MEMBERS","addsqlreader","db_datareader"
"infmepcitdb2","MSSQLSERVER","infmepcitdb2","ServerDB2012-2","DB ROLE MEMBERS","INTRA\D07INSAN","db_datawriter"
"infmepcitdb2","MSSQLSERVER","infmepcitdb2","ServerDB2012-2","DB ROLE MEMBERS","INTRA\D07CTALLE","db_datawriter"
"infmepcitdb2","MSSQLSERVER","infmepcitdb2","ServerDB2012-2","DB ROLE MEMBERS","INTRA\admHR-SC","db_datawriter"
"infmepcitdb2","MSSQLSERVER","infmepcitdb2","ServerDB2012-2","DB ROLE MEMBERS","INTRA\AHoffmann","db_datawriter"
"infmepcitdb2","MSSQLSERVER","infmepcitdb2","ServerDB2012-2","DB ROLE MEMBERS","Web1","db_datawriter"
"infmepcitdb2","MSSQLSERVER","infmepcitdb2","ServerDB2012-2","DB ROLE MEMBERS","INTRA\WCzachors","db_datawriter"
"infmepcitdb2","MSSQLSERVER","infmepcitdb2","ServerDB2012-2","DB ROLE MEMBERS","INTRA\MSteingas","db_datawriter"
"infmepcitdb2","MSSQLSERVER","infmepcitdb2","ServerDB2012-2","DB ROLE MEMBERS","CIT1","db_datawriter"
"infmepcitdb2","MSSQLSERVER","infmepcitdb2","ServerDB2012-Enrico","DB ROLE MEMBERS","dbo","db_owner"
"infmepcitdb2","MSSQLSERVER","infmepcitdb2","ServerDB2012-Enrico","DB ROLE MEMBERS","INTRA\admHR-SC","db_owner"
"infmepcitdb2","MSSQLSERVER","infmepcitdb2","ServerDB2012-Enrico","DB ROLE MEMBERS","INTRA\D07INSAN","db_datareader"
"infmepcitdb2","MSSQLSERVER","infmepcitdb2","ServerDB2012-Enrico","DB ROLE MEMBERS","NT AUTHORITY\IUSR","db_datareader"
"infmepcitdb2","MSSQLSERVER","infmepcitdb2","ServerDB2012-Enrico","DB ROLE MEMBERS","INTRA\D07CTALLE","db_datareader"
"infmepcitdb2","MSSQLSERVER","infmepcitdb2","ServerDB2012-Enrico","DB ROLE MEMBERS","INTRA\admHR-SC","db_datareader"
"infmepcitdb2","MSSQLSERVER","infmepcitdb2","ServerDB2012-Enrico","DB ROLE MEMBERS","INTRA\AHoffmann","db_datareader"
"infmepcitdb2","MSSQLSERVER","infmepcitdb2","ServerDB2012-Enrico","DB ROLE MEMBERS","Web1","db_datareader"
"infmepcitdb2","MSSQLSERVER","infmepcitdb2","ServerDB2012-Enrico","DB ROLE MEMBERS","INTRA\HFehler","db_datareader"
"infmepcitdb2","MSSQLSERVER","infmepcitdb2","ServerDB2012-Enrico","DB ROLE MEMBERS","INTRA\D07INALLE","db_datareader"
"infmepcitdb2","MSSQLSERVER","infmepcitdb2","ServerDB2012-Enrico","DB ROLE MEMBERS","INTRA\MSteingas","db_datareader"
"infmepcitdb2","MSSQLSERVER","infmepcitdb2","ServerDB2012-Enrico","DB ROLE MEMBERS","CIT1","db_datareader"
"infmepcitdb2","MSSQLSERVER","infmepcitdb2","ServerDB2012-Enrico","DB ROLE MEMBERS","addsqlreader","db_datareader"
"infmepcitdb2","MSSQLSERVER","infmepcitdb2","ServerDB2012-Enrico","DB ROLE MEMBERS","INTRA\D07INSAN","db_datawriter"
"infmepcitdb2","MSSQLSERVER","infmepcitdb2","ServerDB2012-Enrico","DB ROLE MEMBERS","INTRA\D07CTALLE","db_datawriter"
"infmepcitdb2","MSSQLSERVER","infmepcitdb2","ServerDB2012-Enrico","DB ROLE MEMBERS","INTRA\admHR-SC","db_datawriter"
"infmepcitdb2","MSSQLSERVER","infmepcitdb2","ServerDB2012-Enrico","DB ROLE MEMBERS","INTRA\AHoffmann","db_datawriter"
"infmepcitdb2","MSSQLSERVER","infmepcitdb2","ServerDB2012-Enrico","DB ROLE MEMBERS","Web1","db_datawriter"
"infmepcitdb2","MSSQLSERVER","infmepcitdb2","ServerDB2012-Enrico","DB ROLE MEMBERS","INTRA\HFehler","db_datawriter"
"infmepcitdb2","MSSQLSERVER","infmepcitdb2","ServerDB2012-Enrico","DB ROLE MEMBERS","INTRA\MSteingas","db_datawriter"
"infmepcitdb2","MSSQLSERVER","infmepcitdb2","ServerDB2012-Enrico","DB ROLE MEMBERS","CIT1","db_datawriter"
"infmepcitdb2","MSSQLSERVER","infmepcitdb2","ServerDB2012HORST","DB ROLE MEMBERS","dbo","db_owner"
"infmepcitdb2","MSSQLSERVER","infmepcitdb2","ServerDB2012HORST","DB ROLE MEMBERS","INTRA\admHR-SC","db_owner"
"infmepcitdb2","MSSQLSERVER","infmepcitdb2","ServerDB2012HORST","DB ROLE MEMBERS","INTRA\D07INSAN","db_datareader"
"infmepcitdb2","MSSQLSERVER","infmepcitdb2","ServerDB2012HORST","DB ROLE MEMBERS","NT AUTHORITY\IUSR","db_datareader"
"infmepcitdb2","MSSQLSERVER","infmepcitdb2","ServerDB2012HORST","DB ROLE MEMBERS","INTRA\D07CTALLE","db_datareader"
"infmepcitdb2","MSSQLSERVER","infmepcitdb2","ServerDB2012HORST","DB ROLE MEMBERS","INTRA\admHR-SC","db_datareader"
"infmepcitdb2","MSSQLSERVER","infmepcitdb2","ServerDB2012HORST","DB ROLE MEMBERS","Web1","db_datareader"
"infmepcitdb2","MSSQLSERVER","infmepcitdb2","ServerDB2012HORST","DB ROLE MEMBERS","INTRA\D07INALLE","db_datareader"
"infmepcitdb2","MSSQLSERVER","infmepcitdb2","ServerDB2012HORST","DB ROLE MEMBERS","INTRA\MSteingas","db_datareader"
"infmepcitdb2","MSSQLSERVER","infmepcitdb2","ServerDB2012HORST","DB ROLE MEMBERS","CIT1","db_datareader"
"infmepcitdb2","MSSQLSERVER","infmepcitdb2","ServerDB2012HORST","DB ROLE MEMBERS","addsqlreader","db_datareader"
"infmepcitdb2","MSSQLSERVER","infmepcitdb2","ServerDB2012HORST","DB ROLE MEMBERS","julianTest","db_datareader"
"infmepcitdb2","MSSQLSERVER","infmepcitdb2","ServerDB2012HORST","DB ROLE MEMBERS","INTRA\D07INSAN","db_datawriter"
"infmepcitdb2","MSSQLSERVER","infmepcitdb2","ServerDB2012HORST","DB ROLE MEMBERS","INTRA\D07CTALLE","db_datawriter"
"infmepcitdb2","MSSQLSERVER","infmepcitdb2","ServerDB2012HORST","DB ROLE MEMBERS","INTRA\admHR-SC","db_datawriter"
"infmepcitdb2","MSSQLSERVER","infmepcitdb2","ServerDB2012HORST","DB ROLE MEMBERS","Web1","db_datawriter"
"infmepcitdb2","MSSQLSERVER","infmepcitdb2","ServerDB2012HORST","DB ROLE MEMBERS","INTRA\MSteingas","db_datawriter"
"infmepcitdb2","MSSQLSERVER","infmepcitdb2","ServerDB2012HORST","DB ROLE MEMBERS","CIT1","db_datawriter"
"infmepcitdb2","MSSQLSERVER","infmepcitdb2","SSYSAN2","DB ROLE MEMBERS","dbo","db_owner"
