#TYPE Selected.Microsoft.SqlServer.Management.Smo.Login
"ComputerName","InstanceName","SqlInstance","Name","DefaultDatabase","IsDisabled","IsLocked","IsPasswordExpired","LoginType"
"labmephytec","MSSQLSERVER","labmephytec","##MS_PolicyEventProcessingLogin##","master","True","False","False","SqlLogin"
"labmephytec","MSSQLSERVER","labmephytec","##MS_PolicyTsqlExecutionLogin##","master","True","False","False","SqlLogin"
"labmephytec","MSSQLSERVER","labmephytec","Hybase","HyTec","False","False","False","SqlLogin"
"labmephytec","MSSQLSERVER","labmephytec","HYSYSADM","HyTec","False","False","False","SqlLogin"
"labmephytec","MSSQLSERVER","labmephytec","INTRA\S_inf_SQLSRV-Supp","master","False",,,"WindowsGroup"
"labmephytec","MSSQLSERVER","labmephytec","LABMEPHYTEC\SQL-Admin","master","False",,,"WindowsGroup"
"labmephytec","MSSQLSERVER","labmephytec","NT AUTHORITY\SYSTEM","master","False",,,"WindowsUser"
"labmephytec","MSSQLSERVER","labmephytec","NT SERVICE\MSSQLSERVER","master","False",,,"WindowsUser"
"labmephytec","MSSQLSERVER","labmephytec","NT SERVICE\SQLSERVERAGENT","master","False",,,"WindowsUser"
"labmephytec","MSSQLSERVER","labmephytec","NT SERVICE\SQLTELEMETRY","master","False",,,"WindowsUser"
"labmephytec","MSSQLSERVER","labmephytec","NT SERVICE\SQLWriter","master","False",,,"WindowsUser"
"labmephytec","MSSQLSERVER","labmephytec","NT SERVICE\Winmgmt","master","False",,,"WindowsUser"
"labmephytec","MSSQLSERVER","labmephytec","sa","master","True","False","False","SqlLogin"
