#TYPE Selected.System.Management.Automation.PSCustomObject
"ComputerName","InstanceName","SqlInstance","Object","Type","Member","RoleSecurableClass"
"labmephytec","MSSQLSERVER","labmephytec","SERVER","SERVER LOGINS","sa","sysadmin"
"labmephytec","MSSQLSERVER","labmephytec","SERVER","SERVER LOGINS","LABMEPHYTEC\SQL-Admin","sysadmin"
"labmephytec","MSSQLSERVER","labmephytec","SERVER","SERVER LOGINS","HYSYSADM","None"
"labmephytec","MSSQLSERVER","labmephytec","SERVER","SERVER LOGINS","Hybase","None"
"labmephytec","MSSQLSERVER","labmephytec","SERVER","SERVER LOGINS","INTRA\S_inf_SQLSRV-Supp","sysadmin"
"labmephytec","MSSQLSERVER","labmephytec","HyTec","DB ROLE MEMBERS","dbo","db_owner"
"labmephytec","MSSQLSERVER","labmephytec","HyTec","DB ROLE MEMBERS","HYSYSADM","db_owner"
"labmephytec","MSSQLSERVER","labmephytec","HyTec","DB ROLE MEMBERS","Hybase","db_datareader"
