#TYPE Selected.Microsoft.SqlServer.Management.Smo.Login
"ComputerName","InstanceName","SqlInstance","Name","DefaultDatabase","IsDisabled","IsLocked","IsPasswordExpired","LoginType"
"intmepremv6","INTMEPREMV6V1","intmepremv6\INTMEPREMV6V1","##MS_PolicyEventProcessingLogin##","master","True","False","False","SqlLogin"
"intmepremv6","INTMEPREMV6V1","intmepremv6\INTMEPREMV6V1","##MS_PolicyTsqlExecutionLogin##","master","True","False","False","SqlLogin"
"intmepremv6","INTMEPREMV6V1","intmepremv6\INTMEPREMV6V1","INTMEPREMV6\SQL-Admin","master","False",,,"WindowsGroup"
"intmepremv6","INTMEPREMV6V1","intmepremv6\INTMEPREMV6V1","INTRA\admCW","master","False",,,"WindowsUser"
"intmepremv6","INTMEPREMV6V1","intmepremv6\INTMEPREMV6V1","INTRA\admmku","master","False",,,"WindowsUser"
"intmepremv6","INTMEPREMV6V1","intmepremv6\INTMEPREMV6V1","INTRA\S_inf_SQLSRV-Supp","master","False",,,"WindowsGroup"
"intmepremv6","INTMEPREMV6V1","intmepremv6\INTMEPREMV6V1","mv_statistik","master","False","False","False","SqlLogin"
"intmepremv6","INTMEPREMV6V1","intmepremv6\INTMEPREMV6V1","mvadmin","master","False","False","False","SqlLogin"
"intmepremv6","INTMEPREMV6V1","intmepremv6\INTMEPREMV6V1","MVSQLBW","REP_PROD","False","False","False","SqlLogin"
"intmepremv6","INTMEPREMV6V1","intmepremv6\INTMEPREMV6V1","mvuser","master","False","False","False","SqlLogin"
"intmepremv6","INTMEPREMV6V1","intmepremv6\INTMEPREMV6V1","NT AUTHORITY\SYSTEM","master","False",,,"WindowsUser"
"intmepremv6","INTMEPREMV6V1","intmepremv6\INTMEPREMV6V1","NT Service\MSSQL$INTMEPREMV6V1","master","False",,,"WindowsUser"
"intmepremv6","INTMEPREMV6V1","intmepremv6\INTMEPREMV6V1","NT SERVICE\SQLAgent$INTMEPREMV6V1","master","False",,,"WindowsUser"
"intmepremv6","INTMEPREMV6V1","intmepremv6\INTMEPREMV6V1","NT SERVICE\SQLTELEMETRY$INTMEPREMV6V1","master","False",,,"WindowsUser"
"intmepremv6","INTMEPREMV6V1","intmepremv6\INTMEPREMV6V1","NT SERVICE\SQLWriter","master","False",,,"WindowsUser"
"intmepremv6","INTMEPREMV6V1","intmepremv6\INTMEPREMV6V1","NT SERVICE\Winmgmt","master","False",,,"WindowsUser"
"intmepremv6","INTMEPREMV6V1","intmepremv6\INTMEPREMV6V1","sa","master","False","False","False","SqlLogin"
