#TYPE Selected.System.Management.Automation.PSCustomObject
"ServerName","ComputerName","InstanceName","SqlInstance","Name","DisplayName","Description","ConfiguredValue","RunningValue","DefaultValue","IsRunningDefaultValue"
"INTMEPREMV6\INTMEPREMV6V1","intmepremv6","INTMEPREMV6V1","intmepremv6\INTMEPREMV6V1","CursorThreshold","cursor threshold","cursor threshold","-1","-1","0","False"
"INTMEPREMV6\INTMEPREMV6V1","intmepremv6","INTMEPREMV6V1","intmepremv6\INTMEPREMV6V1","MaxDegreeOfParallelism","max degree of parallelism","maximum degree of parallelism","4","4","0","False"
"INTMEPREMV6\INTMEPREMV6V1","intmepremv6","INTMEPREMV6V1","intmepremv6\INTMEPREMV6V1","DefaultTraceEnabled","default trace enabled","Enable or disable the default trace","1","1","0","False"
"INTMEPREMV6\INTMEPREMV6V1","intmepremv6","INTMEPREMV6V1","intmepremv6\INTMEPREMV6V1","ClrStrictSecurity","clr strict security","CLR strict security enabled in the server","1","1","0","False"
"INTMEPREMV6\INTMEPREMV6V1","intmepremv6","INTMEPREMV6V1","intmepremv6\INTMEPREMV6V1","VersionHighPartOfSqlServer","version high part of SQL Server","version high part of SQL Server that model database copied for","0","0",,"False"
"INTMEPREMV6\INTMEPREMV6V1","intmepremv6","INTMEPREMV6V1","intmepremv6\INTMEPREMV6V1","VersionLowPartOfSqlServer","version low part of SQL Server","version low part of SQL Server that model database copied for","0","0",,"False"
"INTMEPREMV6\INTMEPREMV6V1","intmepremv6","INTMEPREMV6V1","intmepremv6\INTMEPREMV6V1",,"max RPC request params (KB)","Maximum memory for RPC request parameters (kBytes)","0","0",,"False"
"INTMEPREMV6\INTMEPREMV6V1","intmepremv6","INTMEPREMV6V1","intmepremv6\INTMEPREMV6V1","AgentXPsEnabled","Agent XPs","Enable or disable Agent XPs","1","1","0","False"
