#TYPE Selected.System.Management.Automation.PSCustomObject
"ComputerName","InstanceName","SqlInstance","Object","Type","Member","RoleSecurableClass"
"intmepremv6","INTMEPREMV6V1","intmepremv6\INTMEPREMV6V1","SERVER","SERVER LOGINS","sa","sysadmin"
"intmepremv6","INTMEPREMV6V1","intmepremv6\INTMEPREMV6V1","SERVER","SERVER LOGINS","INTRA\admCW","sysadmin"
"intmepremv6","INTMEPREMV6V1","intmepremv6\INTMEPREMV6V1","SERVER","SERVER LOGINS","INTRA\admmku","sysadmin"
"intmepremv6","INTMEPREMV6V1","intmepremv6\INTMEPREMV6V1","SERVER","SERVER LOGINS","INTMEPREMV6\SQL-Admin","sysadmin"
"intmepremv6","INTMEPREMV6V1","intmepremv6\INTMEPREMV6V1","SERVER","SERVER LOGINS","mvadmin","sysadmin"
"intmepremv6","INTMEPREMV6V1","intmepremv6\INTMEPREMV6V1","SERVER","SERVER LOGINS","mvuser","None"
"intmepremv6","INTMEPREMV6V1","intmepremv6\INTMEPREMV6V1","SERVER","SERVER LOGINS","MVSQLBW","sysadmin"
"intmepremv6","INTMEPREMV6V1","intmepremv6\INTMEPREMV6V1","SERVER","SERVER LOGINS","INTRA\S_inf_SQLSRV-Supp","sysadmin"
"intmepremv6","INTMEPREMV6V1","intmepremv6\INTMEPREMV6V1","SERVER","SERVER LOGINS","mv_statistik","None"
"intmepremv6","INTMEPREMV6V1","intmepremv6\INTMEPREMV6V1","REP_PROD","DB ROLE MEMBERS","dbo","db_owner"
"intmepremv6","INTMEPREMV6V1","intmepremv6\INTMEPREMV6V1","REP_PROD","DB ROLE MEMBERS","mvuser","db_datareader"
"intmepremv6","INTMEPREMV6V1","intmepremv6\INTMEPREMV6V1","REP_PROD","DB ROLE MEMBERS","mvadmin","db_owner"
"intmepremv6","INTMEPREMV6V1","intmepremv6\INTMEPREMV6V1","REP_PROD","DB ROLE MEMBERS","mv_statistik","db_datareader"
