#TYPE Selected.Microsoft.SqlServer.Management.Smo.Login
"ComputerName","InstanceName","SqlInstance","Name","DefaultDatabase","IsDisabled","IsLocked","IsPasswordExpired","LoginType"
"infmepcliqdb","MSSQLSERVER","infmepcliqdb","##MS_PolicyEventProcessingLogin##","master","True","False","False","SqlLogin"
"infmepcliqdb","MSSQLSERVER","infmepcliqdb","##MS_PolicyTsqlExecutionLogin##","master","True","False","False","SqlLogin"
"infmepcliqdb","MSSQLSERVER","infmepcliqdb","INFMEPCLIQDB\SQL-Admin","master","False",,,"WindowsGroup"
"infmepcliqdb","MSSQLSERVER","infmepcliqdb","INTRA\admal","master","False",,,"WindowsUser"
"infmepcliqdb","MSSQLSERVER","infmepcliqdb","INTRA\dieeqliq","master","False",,,"WindowsUser"
"infmepcliqdb","MSSQLSERVER","infmepcliqdb","NT AUTHORITY\SYSTEM","master","False",,,"WindowsUser"
"infmepcliqdb","MSSQLSERVER","infmepcliqdb","NT SERVICE\MSSQLSERVER","master","False",,,"WindowsUser"
"infmepcliqdb","MSSQLSERVER","infmepcliqdb","NT SERVICE\SQLSERVERAGENT","master","False",,,"WindowsUser"
"infmepcliqdb","MSSQLSERVER","infmepcliqdb","NT SERVICE\SQLTELEMETRY","master","False",,,"WindowsUser"
"infmepcliqdb","MSSQLSERVER","infmepcliqdb","NT SERVICE\SQLWriter","master","False",,,"WindowsUser"
"infmepcliqdb","MSSQLSERVER","infmepcliqdb","NT SERVICE\Winmgmt","master","False",,,"WindowsUser"
"infmepcliqdb","MSSQLSERVER","infmepcliqdb","sa","master","True","False","False","SqlLogin"
