#TYPE Selected.System.Management.Automation.PSCustomObject
"ServerName","ComputerName","InstanceName","SqlInstance","Name","DisplayName","Description","ConfiguredValue","RunningValue","DefaultValue","IsRunningDefaultValue"
"INFMEPCLIQDB","infmepcliqdb","MSSQLSERVER","infmepcliqdb","ShowAdvancedOptions","show advanced options","show advanced options","0","0","1","False"
"INFMEPCLIQDB","infmepcliqdb","MSSQLSERVER","infmepcliqdb","MaxDegreeOfParallelism","max degree of parallelism","maximum degree of parallelism","0","0","4","False"
"INFMEPCLIQDB","infmepcliqdb","MSSQLSERVER","infmepcliqdb","VersionLowPartOfSqlServer","version low part of SQL Server","version low part of SQL Server that model database copied for","273612801","273612801","65536006","False"
"INFMEPCLIQDB","infmepcliqdb","MSSQLSERVER","infmepcliqdb",,"max RPC request params (KB)","Maximum memory for RPC request parameters (kBytes)","0","0",,"False"
"INFMEPCLIQDB","infmepcliqdb","MSSQLSERVER","infmepcliqdb","AgentXPsEnabled","Agent XPs","Enable or disable Agent XPs","1","1","0","False"
"INFMEPCLIQDB","infmepcliqdb","MSSQLSERVER","infmepcliqdb",,"external xtp dll gen util enabled","Enable or disable using external xtp dll generation via HkDllGen.exe","0","0",,"False"
