#TYPE Selected.System.Management.Automation.PSCustomObject
"ComputerName","InstanceName","SqlInstance","Object","Type","Member","RoleSecurableClass"
"infmepcliqdb","MSSQLSERVER","infmepcliqdb","SERVER","SERVER LOGINS","sa","sysadmin"
"infmepcliqdb","MSSQLSERVER","infmepcliqdb","SERVER","SERVER LOGINS","INFMEPCLIQDB\SQL-Admin","sysadmin"
"infmepcliqdb","MSSQLSERVER","infmepcliqdb","SERVER","SERVER LOGINS","INTRA\dieeqliq","None"
"infmepcliqdb","MSSQLSERVER","infmepcliqdb","SERVER","SERVER LOGINS","INTRA\admal","None"
"infmepcliqdb","MSSQLSERVER","infmepcliqdb","cliqmanagerdb","DB ROLE MEMBERS","dbo","db_owner"
"infmepcliqdb","MSSQLSERVER","infmepcliqdb","cliqmanagerdb","DB ROLE MEMBERS","INTRA\dieeqliq","db_datareader"
"infmepcliqdb","MSSQLSERVER","infmepcliqdb","cliqmanagerdb","DB ROLE MEMBERS","INTRA\dieeqliq","db_datawriter"
"infmepcliqdb","MSSQLSERVER","infmepcliqdb","cliqremotedb","DB ROLE MEMBERS","dbo","db_owner"
"infmepcliqdb","MSSQLSERVER","infmepcliqdb","cliqremotedb","DB ROLE MEMBERS","INTRA\dieeqliq","db_datareader"
"infmepcliqdb","MSSQLSERVER","infmepcliqdb","cliqremotedb","DB ROLE MEMBERS","INTRA\dieeqliq","db_datawriter"
