#TYPE Selected.Microsoft.SqlServer.Management.Smo.Login
"ComputerName","InstanceName","SqlInstance","Name","DefaultDatabase","IsDisabled","IsLocked","IsPasswordExpired","LoginType"
"infmepdocu","MSSQLSERVER","infmepdocu","##MS_PolicyEventProcessingLogin##","master","True","False","False","SqlLogin"
"infmepdocu","MSSQLSERVER","infmepdocu","##MS_PolicyTsqlExecutionLogin##","master","True","False","False","SqlLogin"
"infmepdocu","MSSQLSERVER","infmepdocu","BUILTIN\Administrators","master","False",,,"WindowsGroup"
"infmepdocu","MSSQLSERVER","infmepdocu","docusnap_DB","master","False","False","False","SqlLogin"
"infmepdocu","MSSQLSERVER","infmepdocu","INFMEPDOCU\SQL-Admin","master","False",,,"WindowsGroup"
"infmepdocu","MSSQLSERVER","infmepdocu","INTRA\admDP6","master","False",,,"WindowsUser"
"infmepdocu","MSSQLSERVER","infmepdocu","INTRA\S_Docusnap_Admin","docusnapPROD","False",,,"WindowsGroup"
"infmepdocu","MSSQLSERVER","infmepdocu","NT AUTHORITY\SYSTEM","master","False",,,"WindowsUser"
"infmepdocu","MSSQLSERVER","infmepdocu","NT SERVICE\MSSQLSERVER","master","False",,,"WindowsUser"
"infmepdocu","MSSQLSERVER","infmepdocu","NT SERVICE\SQLSERVERAGENT","master","False",,,"WindowsUser"
"infmepdocu","MSSQLSERVER","infmepdocu","NT SERVICE\SQLTELEMETRY","master","False",,,"WindowsUser"
"infmepdocu","MSSQLSERVER","infmepdocu","NT SERVICE\SQLWriter","master","False",,,"WindowsUser"
"infmepdocu","MSSQLSERVER","infmepdocu","NT SERVICE\Winmgmt","master","False",,,"WindowsUser"
"infmepdocu","MSSQLSERVER","infmepdocu","sa","master","False","False","False","SqlLogin"
