#TYPE Selected.System.Management.Automation.PSCustomObject
"ServerName","ComputerName","InstanceName","SqlInstance","Name","DisplayName","Description","ConfiguredValue","RunningValue","DefaultValue","IsRunningDefaultValue"
"INFMEPDOCU","infmepdocu","MSSQLSERVER","infmepdocu","CursorThreshold","cursor threshold","cursor threshold","-1","-1","0","False"
"INFMEPDOCU","infmepdocu","MSSQLSERVER","infmepdocu","MaxDegreeOfParallelism","max degree of parallelism","maximum degree of parallelism","4","4","0","False"
"INFMEPDOCU","infmepdocu","MSSQLSERVER","infmepdocu","MinServerMemory","min server memory (MB)","Minimum size of server memory (MB)","12000","12000","0","False"
"INFMEPDOCU","infmepdocu","MSSQLSERVER","infmepdocu","MaxServerMemory","max server memory (MB)","Maximum size of server memory (MB)","12000","12000","2147483647","False"
"INFMEPDOCU","infmepdocu","MSSQLSERVER","infmepdocu","DefaultTraceEnabled","default trace enabled","Enable or disable the default trace","1","1","0","False"
"INFMEPDOCU","infmepdocu","MSSQLSERVER","infmepdocu","ClrStrictSecurity","clr strict security","CLR strict security enabled in the server","1","1","0","False"
"INFMEPDOCU","infmepdocu","MSSQLSERVER","infmepdocu","VersionHighPartOfSqlServer","version high part of SQL Server","version high part of SQL Server that model database copied for","0","0",,"False"
"INFMEPDOCU","infmepdocu","MSSQLSERVER","infmepdocu","VersionLowPartOfSqlServer","version low part of SQL Server","version low part of SQL Server that model database copied for","0","0",,"False"
"INFMEPDOCU","infmepdocu","MSSQLSERVER","infmepdocu",,"max RPC request params (KB)","Maximum memory for RPC request parameters (kBytes)","0","0",,"False"
"INFMEPDOCU","infmepdocu","MSSQLSERVER","infmepdocu","AgentXPsEnabled","Agent XPs","Enable or disable Agent XPs","1","1","0","False"
