#TYPE Selected.System.Management.Automation.PSCustomObject
"ComputerName","InstanceName","SqlInstance","Object","Type","Member","RoleSecurableClass"
"infmepdocu","MSSQLSERVER","infmepdocu","SERVER","SERVER LOGINS","sa","sysadmin"
"infmepdocu","MSSQLSERVER","infmepdocu","SERVER","SERVER LOGINS","INTRA\admDP6","sysadmin"
"infmepdocu","MSSQLSERVER","infmepdocu","SERVER","SERVER LOGINS","BUILTIN\Administrators","sysadmin"
"infmepdocu","MSSQLSERVER","infmepdocu","SERVER","SERVER LOGINS","docusnap_DB","sysadmin"
"infmepdocu","MSSQLSERVER","infmepdocu","SERVER","SERVER LOGINS","docusnap_DB","dbcreator"
"infmepdocu","MSSQLSERVER","infmepdocu","SERVER","SERVER LOGINS","INTRA\S_Docusnap_Admin","sysadmin"
"infmepdocu","MSSQLSERVER","infmepdocu","SERVER","SERVER LOGINS","INTRA\S_Docusnap_Admin","dbcreator"
"infmepdocu","MSSQLSERVER","infmepdocu","SERVER","SERVER LOGINS","INFMEPDOCU\SQL-Admin","sysadmin"
"infmepdocu","MSSQLSERVER","infmepdocu","docusnapPROD","DB ROLE MEMBERS","dbo","db_owner"
"infmepdocu","MSSQLSERVER","infmepdocu","docusnapPROD","DB ROLE MEMBERS","webclient","role_serverapi"
"infmepdocu","MSSQLSERVER","infmepdocu","docusnapPROD","DB ROLE MEMBERS","INTRA\S_Docusnap_Admin","db_owner"
"infmepdocu","MSSQLSERVER","infmepdocu","docusnapPROD","DB ROLE MEMBERS","INTRA\S_Docusnap_Admin","db_datareader"
