#TYPE Selected.Microsoft.SqlServer.Management.Smo.Database
"BackupStatus","ComputerName","InstanceName","SqlInstance","SizeMB","Compatibility","Encrypted","LastFullBackup","LastDiffBackup","LastLogBackup","Name"
,"SWAMEPBANK2","MSSQLSERVER","SWAMEPBANK2",,"Version140","False","01.01.0001 00:00:00","01.01.0001 00:00:00","01.01.0001 00:00:00","wimaKGUTESTOLD"
,"SWAMEPBANK2","MSSQLSERVER","SWAMEPBANK2","4279,8125","Version140","False","07.03.2025 03:05:20","01.01.0001 00:00:00","07.03.2025 17:00:44","wimaKGUTEST"
,"SWAMEPBANK2","MSSQLSERVER","SWAMEPBANK2","149952","Version140","False","07.03.2025 03:05:20","01.01.0001 00:00:00","07.03.2025 17:00:44","wimakgu"
