#TYPE Selected.Microsoft.SqlServer.Management.Smo.Login
"ComputerName","InstanceName","SqlInstance","Name","DefaultDatabase","IsDisabled","IsLocked","IsPasswordExpired","LoginType"
"SWAMEPBANK2","MSSQLSERVER","SWAMEPBANK2","##MS_PolicyEventProcessingLogin##","master","True","False","False","SqlLogin"
"SWAMEPBANK2","MSSQLSERVER","SWAMEPBANK2","##MS_PolicyTsqlExecutionLogin##","master","True","False","False","SqlLogin"
"SWAMEPBANK2","MSSQLSERVER","SWAMEPBANK2","INTRA\admDP6","master","False",,,"WindowsUser"
"SWAMEPBANK2","MSSQLSERVER","SWAMEPBANK2","INTRA\admebank","master","False",,,"WindowsUser"
"SWAMEPBANK2","MSSQLSERVER","SWAMEPBANK2","NT SERVICE\MSSQLSERVER","master","False",,,"WindowsUser"
"SWAMEPBANK2","MSSQLSERVER","SWAMEPBANK2","NT SERVICE\SQLSERVERAGENT","master","False",,,"WindowsUser"
"SWAMEPBANK2","MSSQLSERVER","SWAMEPBANK2","NT SERVICE\SQLTELEMETRY","master","False",,,"WindowsUser"
"SWAMEPBANK2","MSSQLSERVER","SWAMEPBANK2","NT SERVICE\SQLWriter","master","False",,,"WindowsUser"
"SWAMEPBANK2","MSSQLSERVER","SWAMEPBANK2","NT SERVICE\Winmgmt","master","False",,,"WindowsUser"
"SWAMEPBANK2","MSSQLSERVER","SWAMEPBANK2","NT-AUTORIT?T\SYSTEM","master","False",,,"WindowsUser"
"SWAMEPBANK2","MSSQLSERVER","SWAMEPBANK2","sa","master","False","False","False","SqlLogin"
"SWAMEPBANK2","MSSQLSERVER","SWAMEPBANK2","SWAMEPBANK2\sql-admin","master","False",,,"WindowsGroup"
"SWAMEPBANK2","MSSQLSERVER","SWAMEPBANK2","VORDEFINIERT\Administratoren","master","False",,,"WindowsGroup"
"SWAMEPBANK2","MSSQLSERVER","SWAMEPBANK2","wimaKGU","wimakgu","False","False","False","SqlLogin"
"SWAMEPBANK2","MSSQLSERVER","SWAMEPBANK2","wimaKGUTEST","master","False","False","False","SqlLogin"
