#TYPE Selected.System.Management.Automation.PSCustomObject
"ServerName","ComputerName","InstanceName","SqlInstance","Name","DisplayName","Description","ConfiguredValue","RunningValue","DefaultValue","IsRunningDefaultValue"
"SWAMEPBANK2","SWAMEPBANK2","MSSQLSERVER","SWAMEPBANK2","DefaultLanguage","default language","default language","1","1","0","False"
"SWAMEPBANK2","SWAMEPBANK2","MSSQLSERVER","SWAMEPBANK2","NetworkPacketSize","network packet size (B)","Network packet size","8092","8092","4096","False"
"SWAMEPBANK2","SWAMEPBANK2","MSSQLSERVER","SWAMEPBANK2","DefaultFullTextLanguage","default full-text language","default full-text language","1031","1031","1033","False"
"SWAMEPBANK2","SWAMEPBANK2","MSSQLSERVER","SWAMEPBANK2","CostThresholdForParallelism","cost threshold for parallelism","cost threshold for parallelism","50","50","5","False"
"SWAMEPBANK2","SWAMEPBANK2","MSSQLSERVER","SWAMEPBANK2","MaxDegreeOfParallelism","max degree of parallelism","maximum degree of parallelism","4","4","0","False"
"SWAMEPBANK2","SWAMEPBANK2","MSSQLSERVER","SWAMEPBANK2","MinServerMemory","min server memory (MB)","Minimum size of server memory (MB)","1024","1024","0","False"
"SWAMEPBANK2","SWAMEPBANK2","MSSQLSERVER","SWAMEPBANK2","MaxServerMemory","max server memory (MB)","Maximum size of server memory (MB)","26624","26624","2147483647","False"
"SWAMEPBANK2","SWAMEPBANK2","MSSQLSERVER","SWAMEPBANK2","DefaultBackupCompression","backup compression default","Enable compression of backups by default","1","1","0","False"
"SWAMEPBANK2","SWAMEPBANK2","MSSQLSERVER","SWAMEPBANK2","AgentXPsEnabled","Agent XPs","Enable or disable Agent XPs","1","1","0","False"
