#TYPE Selected.System.Management.Automation.PSCustomObject
"ComputerName","InstanceName","SqlInstance","Object","Type","Member","RoleSecurableClass"
"SWAMEPBANK2","MSSQLSERVER","SWAMEPBANK2","SERVER","SERVER LOGINS","sa","sysadmin"
"SWAMEPBANK2","MSSQLSERVER","SWAMEPBANK2","SERVER","SERVER LOGINS","VORDEFINIERT\Administratoren","sysadmin"
"SWAMEPBANK2","MSSQLSERVER","SWAMEPBANK2","SERVER","SERVER LOGINS","INTRA\admDP6","sysadmin"
"SWAMEPBANK2","MSSQLSERVER","SWAMEPBANK2","SERVER","SERVER LOGINS","NT-AUTORIT?T\SYSTEM","None"
"SWAMEPBANK2","MSSQLSERVER","SWAMEPBANK2","SERVER","SERVER LOGINS","INTRA\admebank","None"
"SWAMEPBANK2","MSSQLSERVER","SWAMEPBANK2","SERVER","SERVER LOGINS","wimaKGU","None"
"SWAMEPBANK2","MSSQLSERVER","SWAMEPBANK2","SERVER","SERVER LOGINS","wimaKGUTEST","None"
"SWAMEPBANK2","MSSQLSERVER","SWAMEPBANK2","SERVER","SERVER LOGINS","SWAMEPBANK2\sql-admin","sysadmin"
"SWAMEPBANK2","MSSQLSERVER","SWAMEPBANK2","wimakgu","DB ROLE MEMBERS","dbo","db_owner"
"SWAMEPBANK2","MSSQLSERVER","SWAMEPBANK2","wimaKGUTEST","DB ROLE MEMBERS","dbo","db_owner"
