#TYPE Selected.Microsoft.SqlServer.Management.Smo.Database
"BackupStatus","ComputerName","InstanceName","SqlInstance","SizeMB","Compatibility","Encrypted","LastFullBackup","LastDiffBackup","LastLogBackup","Name"
,"INFMEPLDDB","LDMSDATA","INFMEPLDDB\LDMSDATA","1104","Version130","False","07.03.2025 04:01:12","01.01.0001 00:00:00","07.03.2025 16:31:09","adddb"
,"INFMEPLDDB","LDMSDATA","INFMEPLDDB\LDMSDATA","56189,75","Version120","False","07.03.2025 04:01:12","01.01.0001 00:00:00","01.01.0001 00:00:00","lddb"
,"INFMEPLDDB","LDMSDATA","INFMEPLDDB\LDMSDATA","400","Version130","False","07.03.2025 04:01:12","01.01.0001 00:00:00","07.03.2025 16:31:09","lddb_test1"
,"INFMEPLDDB","LDMSDATA","INFMEPLDDB\LDMSDATA","1400,1875","Version100","False","07.03.2025 04:01:12","01.01.0001 00:00:00","01.01.0001 00:00:00","ldpm2"
,"INFMEPLDDB","LDMSDATA","INFMEPLDDB\LDMSDATA","144","Version150","False","07.03.2025 04:01:12","01.01.0001 00:00:00","07.03.2025 16:31:09","ReportServer"
,"INFMEPLDDB","LDMSDATA","INFMEPLDDB\LDMSDATA","16","Version150","False","07.03.2025 04:01:12","01.01.0001 00:00:00","01.01.0001 00:00:00","ReportServerTempDB"
,"INFMEPLDDB","LDMSDATA","INFMEPLDDB\LDMSDATA","91,1875","Version150","False","07.03.2025 04:01:12","01.01.0001 00:00:00","07.03.2025 16:31:09","SSISDB"
,"INFMEPLDDB","LDMSDATA","INFMEPLDDB\LDMSDATA","16","Version150","False","07.03.2025 04:01:12","01.01.0001 00:00:00","07.03.2025 16:31:10","MDM"
