#TYPE Selected.Microsoft.SqlServer.Management.Smo.Login
"ComputerName","InstanceName","SqlInstance","Name","DefaultDatabase","IsDisabled","IsLocked","IsPasswordExpired","LoginType"
"INFMEPLDDB","LDMSDATA","INFMEPLDDB\LDMSDATA","##MS_PolicyEventProcessingLogin##","master","True","False","False","SqlLogin"
"INFMEPLDDB","LDMSDATA","INFMEPLDDB\LDMSDATA","##MS_PolicyTsqlExecutionLogin##","master","True","False","False","SqlLogin"
"INFMEPLDDB","LDMSDATA","INFMEPLDDB\LDMSDATA","##MS_SSISServerCleanupJobLogin##","master","True","False","False","SqlLogin"
"INFMEPLDDB","LDMSDATA","INFMEPLDDB\LDMSDATA","adddbuser","adddb","False","False","False","SqlLogin"
"INFMEPLDDB","LDMSDATA","INFMEPLDDB\LDMSDATA","adduser","adddb","False","False","False","SqlLogin"
"INFMEPLDDB","LDMSDATA","INFMEPLDDB\LDMSDATA","cnisReader","master","False","False","False","SqlLogin"
"INFMEPLDDB","LDMSDATA","INFMEPLDDB\LDMSDATA","gwinotfalluser","adddb","False","False","False","SqlLogin"
"INFMEPLDDB","LDMSDATA","INFMEPLDDB\LDMSDATA","INFMEPLDDB\SQL-Admin","master","False",,,"WindowsGroup"
"INFMEPLDDB","LDMSDATA","INFMEPLDDB\LDMSDATA","INTRA\admCV","master","False",,,"WindowsUser"
"INFMEPLDDB","LDMSDATA","INFMEPLDDB\LDMSDATA","INTRA\admdba","master","False",,,"WindowsUser"
"INFMEPLDDB","LDMSDATA","INFMEPLDDB\LDMSDATA","INTRA\admDP6","master","False",,,"WindowsUser"
"INFMEPLDDB","LDMSDATA","INFMEPLDDB\LDMSDATA","INTRA\admFT","master","False",,,"WindowsUser"
"INFMEPLDDB","LDMSDATA","INFMEPLDDB\LDMSDATA","INTRA\admJMu","master","False",,,"WindowsUser"
"INFMEPLDDB","LDMSDATA","INFMEPLDDB\LDMSDATA","INTRA\AdmSM","master","False",,,"WindowsUser"
"INFMEPLDDB","LDMSDATA","INFMEPLDDB\LDMSDATA","INTRA\admSSch","lddb","False",,,"WindowsUser"
"INFMEPLDDB","LDMSDATA","INFMEPLDDB\LDMSDATA","INTRA\DBalta","master","False",,,"WindowsUser"
"INFMEPLDDB","LDMSDATA","INFMEPLDDB\LDMSDATA","INTRA\gMSASQL$","master","False",,,"WindowsUser"
"INFMEPLDDB","LDMSDATA","INFMEPLDDB\LDMSDATA","INTRA\rolluser","msdb","False",,,"WindowsUser"
"INFMEPLDDB","LDMSDATA","INFMEPLDDB\LDMSDATA","ldamgruser","master","False","False","False","SqlLogin"
"INFMEPLDDB","LDMSDATA","INFMEPLDDB\LDMSDATA","ldconnect","master","False","False","False","SqlLogin"
"INFMEPLDDB","LDMSDATA","INFMEPLDDB\LDMSDATA","ldCustomInv","lddb","False","False","False","SqlLogin"
"INFMEPLDDB","LDMSDATA","INFMEPLDDB\LDMSDATA","lddbread","lddb","False","False","False","SqlLogin"
"INFMEPLDDB","LDMSDATA","INFMEPLDDB\LDMSDATA","lddbreadonly","master","False","False","True","SqlLogin"
"INFMEPLDDB","LDMSDATA","INFMEPLDDB\LDMSDATA","lddbtestuser","master","False","False","True","SqlLogin"
"INFMEPLDDB","LDMSDATA","INFMEPLDDB\LDMSDATA","lddbuser","master","False","False","False","SqlLogin"
"INFMEPLDDB","LDMSDATA","INFMEPLDDB\LDMSDATA","ldpmuser","master","False","False","False","SqlLogin"
"INFMEPLDDB","LDMSDATA","INFMEPLDDB\LDMSDATA","NT AUTHORITY\SYSTEM","master","False",,,"WindowsUser"
"INFMEPLDDB","LDMSDATA","INFMEPLDDB\LDMSDATA","NT Service\MSSQL$LDMSDATA","master","False",,,"WindowsUser"
"INFMEPLDDB","LDMSDATA","INFMEPLDDB\LDMSDATA","NT SERVICE\SQLAgent$LDMSDATA","master","False",,,"WindowsUser"
"INFMEPLDDB","LDMSDATA","INFMEPLDDB\LDMSDATA","NT SERVICE\SQLTELEMETRY$LDMSDATA","master","False",,,"WindowsUser"
"INFMEPLDDB","LDMSDATA","INFMEPLDDB\LDMSDATA","NT SERVICE\SQLWriter","master","False",,,"WindowsUser"
"INFMEPLDDB","LDMSDATA","INFMEPLDDB\LDMSDATA","NT SERVICE\Winmgmt","master","False",,,"WindowsUser"
"INFMEPLDDB","LDMSDATA","INFMEPLDDB\LDMSDATA","sa","master","False","False","False","SqlLogin"
