#TYPE Selected.System.Management.Automation.PSCustomObject
"ServerName","ComputerName","InstanceName","SqlInstance","Name","DisplayName","Description","ConfiguredValue","RunningValue","DefaultValue","IsRunningDefaultValue"
"INFMEPLDDB\LDMSDATA","INFMEPLDDB","LDMSDATA","INFMEPLDDB\LDMSDATA","CursorThreshold","cursor threshold","cursor threshold","-1","-1","0","False"
"INFMEPLDDB\LDMSDATA","INFMEPLDDB","LDMSDATA","INFMEPLDDB\LDMSDATA","ReplicationMaxTextSize","max text repl size (B)","Maximum size of a text field in replication.","3500000","3500000","65536","False"
"INFMEPLDDB\LDMSDATA","INFMEPLDDB","LDMSDATA","INFMEPLDDB\LDMSDATA","MaxDegreeOfParallelism","max degree of parallelism","maximum degree of parallelism","4","4","0","False"
"INFMEPLDDB\LDMSDATA","INFMEPLDDB","LDMSDATA","INFMEPLDDB\LDMSDATA","MinServerMemory","min server memory (MB)","Minimum size of server memory (MB)","4096","4096","0","False"
"INFMEPLDDB\LDMSDATA","INFMEPLDDB","LDMSDATA","INFMEPLDDB\LDMSDATA","MaxServerMemory","max server memory (MB)","Maximum size of server memory (MB)","12288","12288","2147483647","False"
"INFMEPLDDB\LDMSDATA","INFMEPLDDB","LDMSDATA","INFMEPLDDB\LDMSDATA","ScanForStartupProcedures","scan for startup procs","scan for startup stored procedures","1","1","0","False"
"INFMEPLDDB\LDMSDATA","INFMEPLDDB","LDMSDATA","INFMEPLDDB\LDMSDATA","IsSqlClrEnabled","clr enabled","CLR user code execution enabled in the server","1","1","0","False"
"INFMEPLDDB\LDMSDATA","INFMEPLDDB","LDMSDATA","INFMEPLDDB\LDMSDATA","DefaultTraceEnabled","default trace enabled","Enable or disable the default trace","1","1","0","False"
"INFMEPLDDB\LDMSDATA","INFMEPLDDB","LDMSDATA","INFMEPLDDB\LDMSDATA","ClrStrictSecurity","clr strict security","CLR strict security enabled in the server","1","1","0","False"
"INFMEPLDDB\LDMSDATA","INFMEPLDDB","LDMSDATA","INFMEPLDDB\LDMSDATA","AgentXPsEnabled","Agent XPs","Enable or disable Agent XPs","1","1","0","False"
"INFMEPLDDB\LDMSDATA","INFMEPLDDB","LDMSDATA","INFMEPLDDB\LDMSDATA","DatabaseMailEnabled","Database Mail XPs","Enable or disable Database Mail XPs","1","1","0","False"
