#TYPE Selected.System.Management.Automation.PSCustomObject
"ComputerName","InstanceName","SqlInstance","Object","Type","Member","RoleSecurableClass"
"INFMEPLDDB","LDMSDATA","INFMEPLDDB\LDMSDATA","SERVER","SERVER LOGINS","sa","sysadmin"
"INFMEPLDDB","LDMSDATA","INFMEPLDDB\LDMSDATA","SERVER","SERVER LOGINS","adddbuser","None"
"INFMEPLDDB","LDMSDATA","INFMEPLDDB\LDMSDATA","SERVER","SERVER LOGINS","adduser","None"
"INFMEPLDDB","LDMSDATA","INFMEPLDDB\LDMSDATA","SERVER","SERVER LOGINS","gwinotfalluser","None"
"INFMEPLDDB","LDMSDATA","INFMEPLDDB\LDMSDATA","SERVER","SERVER LOGINS","INTRA\admdba","sysadmin"
"INFMEPLDDB","LDMSDATA","INFMEPLDDB\LDMSDATA","SERVER","SERVER LOGINS","INTRA\admDP6","sysadmin"
"INFMEPLDDB","LDMSDATA","INFMEPLDDB\LDMSDATA","SERVER","SERVER LOGINS","INTRA\admFT","None"
"INFMEPLDDB","LDMSDATA","INFMEPLDDB\LDMSDATA","SERVER","SERVER LOGINS","INTRA\AdmSM","sysadmin"
"INFMEPLDDB","LDMSDATA","INFMEPLDDB\LDMSDATA","SERVER","SERVER LOGINS","INTRA\admSSch","None"
"INFMEPLDDB","LDMSDATA","INFMEPLDDB\LDMSDATA","SERVER","SERVER LOGINS","INTRA\DBalta","sysadmin"
"INFMEPLDDB","LDMSDATA","INFMEPLDDB\LDMSDATA","SERVER","SERVER LOGINS","INTRA\gMSASQL$","setupadmin"
"INFMEPLDDB","LDMSDATA","INFMEPLDDB\LDMSDATA","SERVER","SERVER LOGINS","ldconnect","None"
"INFMEPLDDB","LDMSDATA","INFMEPLDDB\LDMSDATA","SERVER","SERVER LOGINS","lddbread","None"
"INFMEPLDDB","LDMSDATA","INFMEPLDDB\LDMSDATA","SERVER","SERVER LOGINS","lddbreadonly","None"
"INFMEPLDDB","LDMSDATA","INFMEPLDDB\LDMSDATA","SERVER","SERVER LOGINS","lddbtestuser","sysadmin"
"INFMEPLDDB","LDMSDATA","INFMEPLDDB\LDMSDATA","SERVER","SERVER LOGINS","lddbuser","sysadmin"
"INFMEPLDDB","LDMSDATA","INFMEPLDDB\LDMSDATA","SERVER","SERVER LOGINS","ldpmuser","None"
"INFMEPLDDB","LDMSDATA","INFMEPLDDB\LDMSDATA","SERVER","SERVER LOGINS","ldCustomInv","None"
"INFMEPLDDB","LDMSDATA","INFMEPLDDB\LDMSDATA","SERVER","SERVER LOGINS","INTRA\admJMu","None"
"INFMEPLDDB","LDMSDATA","INFMEPLDDB\LDMSDATA","SERVER","SERVER LOGINS","cnisReader","None"
"INFMEPLDDB","LDMSDATA","INFMEPLDDB\LDMSDATA","SERVER","SERVER LOGINS","ldamgruser","None"
"INFMEPLDDB","LDMSDATA","INFMEPLDDB\LDMSDATA","SERVER","SERVER LOGINS","INTRA\admCV","None"
"INFMEPLDDB","LDMSDATA","INFMEPLDDB\LDMSDATA","SERVER","SERVER LOGINS","INFMEPLDDB\SQL-Admin","sysadmin"
"INFMEPLDDB","LDMSDATA","INFMEPLDDB\LDMSDATA","SERVER","SERVER LOGINS","INTRA\rolluser","None"
"INFMEPLDDB","LDMSDATA","INFMEPLDDB\LDMSDATA","adddb","DB ROLE MEMBERS","dbo","db_owner"
"INFMEPLDDB","LDMSDATA","INFMEPLDDB\LDMSDATA","adddb","DB ROLE MEMBERS","lddbuser","db_owner"
"INFMEPLDDB","LDMSDATA","INFMEPLDDB\LDMSDATA","adddb","DB ROLE MEMBERS","adduser","db_datareader"
"INFMEPLDDB","LDMSDATA","INFMEPLDDB\LDMSDATA","adddb","DB ROLE MEMBERS","gwinotfalluser","db_datareader"
"INFMEPLDDB","LDMSDATA","INFMEPLDDB\LDMSDATA","adddb","DB ROLE MEMBERS","lddbread","db_datareader"
"INFMEPLDDB","LDMSDATA","INFMEPLDDB\LDMSDATA","adddb","DB ROLE MEMBERS","INTRA\admSSch","db_datareader"
"INFMEPLDDB","LDMSDATA","INFMEPLDDB\LDMSDATA","adddb","DB ROLE MEMBERS","adddbuser","db_datareader"
"INFMEPLDDB","LDMSDATA","INFMEPLDDB\LDMSDATA","adddb","DB ROLE MEMBERS","adduser","db_datawriter"
"INFMEPLDDB","LDMSDATA","INFMEPLDDB\LDMSDATA","adddb","DB ROLE MEMBERS","gwinotfalluser","db_datawriter"
"INFMEPLDDB","LDMSDATA","INFMEPLDDB\LDMSDATA","adddb","DB ROLE MEMBERS","INTRA\admSSch","db_datawriter"
"INFMEPLDDB","LDMSDATA","INFMEPLDDB\LDMSDATA","adddb","DB ROLE MEMBERS","adddbuser","db_datawriter"
"INFMEPLDDB","LDMSDATA","INFMEPLDDB\LDMSDATA","adddb","DB ROLE MEMBERS","INTRA\admJMu","db_denydatareader"
"INFMEPLDDB","LDMSDATA","INFMEPLDDB\LDMSDATA","lddb","DB ROLE MEMBERS","dbo","db_owner"
"INFMEPLDDB","LDMSDATA","INFMEPLDDB\LDMSDATA","lddb","DB ROLE MEMBERS","lddbuser","db_owner"
"INFMEPLDDB","LDMSDATA","INFMEPLDDB\LDMSDATA","lddb","DB ROLE MEMBERS","CAServiceDesk","db_datareader"
"INFMEPLDDB","LDMSDATA","INFMEPLDDB\LDMSDATA","lddb","DB ROLE MEMBERS","INTRA\admSSch","db_datareader"
"INFMEPLDDB","LDMSDATA","INFMEPLDDB\LDMSDATA","lddb","DB ROLE MEMBERS","INTRA\admCV","db_datareader"
"INFMEPLDDB","LDMSDATA","INFMEPLDDB\LDMSDATA","lddb","DB ROLE MEMBERS","lddbreadonly","db_datareader"
"INFMEPLDDB","LDMSDATA","INFMEPLDDB\LDMSDATA","lddb","DB ROLE MEMBERS","ldconnect","db_datareader"
"INFMEPLDDB","LDMSDATA","INFMEPLDDB\LDMSDATA","lddb","DB ROLE MEMBERS","INTRA\admFT","db_denydatareader"
"INFMEPLDDB","LDMSDATA","INFMEPLDDB\LDMSDATA","lddb","DB ROLE MEMBERS","ldamgruser","db_datareader"
"INFMEPLDDB","LDMSDATA","INFMEPLDDB\LDMSDATA","lddb","DB ROLE MEMBERS","lddbread","db_datareader"
"INFMEPLDDB","LDMSDATA","INFMEPLDDB\LDMSDATA","lddb","DB ROLE MEMBERS","adddbuser","db_datareader"
"INFMEPLDDB","LDMSDATA","INFMEPLDDB\LDMSDATA","lddb","DB ROLE MEMBERS","INTRA\admJMu","db_denydatareader"
"INFMEPLDDB","LDMSDATA","INFMEPLDDB\LDMSDATA","lddb","DB ROLE MEMBERS","adduser","db_datareader"
"INFMEPLDDB","LDMSDATA","INFMEPLDDB\LDMSDATA","lddb","DB ROLE MEMBERS","gwinotfalluser","db_datareader"
"INFMEPLDDB","LDMSDATA","INFMEPLDDB\LDMSDATA","lddb","DB ROLE MEMBERS","gwinotfalluser","db_datawriter"
"INFMEPLDDB","LDMSDATA","INFMEPLDDB\LDMSDATA","lddb_test1","DB ROLE MEMBERS","dbo","db_owner"
"INFMEPLDDB","LDMSDATA","INFMEPLDDB\LDMSDATA","lddb_test1","DB ROLE MEMBERS","lddbreadonly","db_datareader"
"INFMEPLDDB","LDMSDATA","INFMEPLDDB\LDMSDATA","ldpm2","DB ROLE MEMBERS","dbo","db_owner"
"INFMEPLDDB","LDMSDATA","INFMEPLDDB\LDMSDATA","ldpm2","DB ROLE MEMBERS","ldpmuser","db_owner"
"INFMEPLDDB","LDMSDATA","INFMEPLDDB\LDMSDATA","MDM","DB ROLE MEMBERS","dbo","db_owner"
"INFMEPLDDB","LDMSDATA","INFMEPLDDB\LDMSDATA","ReportServer","DB ROLE MEMBERS","dbo","db_owner"
"INFMEPLDDB","LDMSDATA","INFMEPLDDB\LDMSDATA","ReportServer","DB ROLE MEMBERS","RSExecRole","db_owner"
"INFMEPLDDB","LDMSDATA","INFMEPLDDB\LDMSDATA","ReportServer","DB ROLE MEMBERS","INTRA\gMSASQL$","RSExecRole"
"INFMEPLDDB","LDMSDATA","INFMEPLDDB\LDMSDATA","ReportServerTempDB","DB ROLE MEMBERS","INTRA\gMSASQL$","RSExecRole"
"INFMEPLDDB","LDMSDATA","INFMEPLDDB\LDMSDATA","ReportServerTempDB","DB ROLE MEMBERS","dbo","db_owner"
"INFMEPLDDB","LDMSDATA","INFMEPLDDB\LDMSDATA","ReportServerTempDB","DB ROLE MEMBERS","RSExecRole","db_owner"
"INFMEPLDDB","LDMSDATA","INFMEPLDDB\LDMSDATA","SSISDB","DB ROLE MEMBERS","dbo","db_owner"
"INFMEPLDDB","LDMSDATA","INFMEPLDDB\LDMSDATA","SSISDB","DB ROLE MEMBERS","AllSchemaOwner","ssis_admin"
