#TYPE Selected.Microsoft.SqlServer.Management.Smo.Database
"BackupStatus","ComputerName","InstanceName","SqlInstance","SizeMB","Compatibility","Encrypted","LastFullBackup","LastDiffBackup","LastLogBackup","Name"
,"OPMTESTSQL1","MSSQLSERVER","OPMTESTSQL1","400","Version140","False","07.03.2025 03:48:51","01.01.0001 00:00:00","07.03.2025 16:45:25","steadyPRINT88Test"
,"OPMTESTSQL1","MSSQLSERVER","OPMTESTSQL1","400","Version140","False","07.03.2025 03:48:51","01.01.0001 00:00:00","07.03.2025 16:45:25","steadyPRINT100Test"
,"OPMTESTSQL1","MSSQLSERVER","OPMTESTSQL1","3322,5","Version140","False","07.03.2025 03:48:51","01.01.0001 00:00:00","01.01.0001 00:00:00","steadyPRINT100"
