#TYPE Selected.Microsoft.SqlServer.Management.Smo.Login
"ComputerName","InstanceName","SqlInstance","Name","DefaultDatabase","IsDisabled","IsLocked","IsPasswordExpired","LoginType"
"OPMTESTSQL1","MSSQLSERVER","OPMTESTSQL1","##MS_PolicyEventProcessingLogin##","master","True","False","False","SqlLogin"
"OPMTESTSQL1","MSSQLSERVER","OPMTESTSQL1","##MS_PolicyTsqlExecutionLogin##","master","True","False","False","SqlLogin"
"OPMTESTSQL1","MSSQLSERVER","OPMTESTSQL1","BUILTIN\Administrators","master","False",,,"WindowsGroup"
"OPMTESTSQL1","MSSQLSERVER","OPMTESTSQL1","INTRA\admDP6","master","False",,,"WindowsUser"
"OPMTESTSQL1","MSSQLSERVER","OPMTESTSQL1","INTRA\S_inf_SQLSRV-Supp","master","False",,,"WindowsGroup"
"OPMTESTSQL1","MSSQLSERVER","OPMTESTSQL1","NT AUTHORITY\SYSTEM","master","False",,,"WindowsUser"
"OPMTESTSQL1","MSSQLSERVER","OPMTESTSQL1","NT SERVICE\MSSQLSERVER","master","False",,,"WindowsUser"
"OPMTESTSQL1","MSSQLSERVER","OPMTESTSQL1","NT SERVICE\SQLSERVERAGENT","master","False",,,"WindowsUser"
"OPMTESTSQL1","MSSQLSERVER","OPMTESTSQL1","NT SERVICE\SQLTELEMETRY","master","False",,,"WindowsUser"
"OPMTESTSQL1","MSSQLSERVER","OPMTESTSQL1","NT SERVICE\SQLWriter","master","False",,,"WindowsUser"
"OPMTESTSQL1","MSSQLSERVER","OPMTESTSQL1","NT SERVICE\Winmgmt","master","False",,,"WindowsUser"
"OPMTESTSQL1","MSSQLSERVER","OPMTESTSQL1","OPMTESTSQL1\sql-admin","master","False",,,"WindowsGroup"
"OPMTESTSQL1","MSSQLSERVER","OPMTESTSQL1","pm","master","False","False","False","SqlLogin"
"OPMTESTSQL1","MSSQLSERVER","OPMTESTSQL1","pm_startUser","steadyPRINT88Test","False","False","False","SqlLogin"
"OPMTESTSQL1","MSSQLSERVER","OPMTESTSQL1","pm_subscribeUser","steadyPRINT88Test","False","False","False","SqlLogin"
"OPMTESTSQL1","MSSQLSERVER","OPMTESTSQL1","sa","master","False","False","False","SqlLogin"
"OPMTESTSQL1","MSSQLSERVER","OPMTESTSQL1","steadyDBUser","steadyPRINT100","False","False","False","SqlLogin"
"OPMTESTSQL1","MSSQLSERVER","OPMTESTSQL1","steadyDBUser_startUser","steadyPRINT100","False","False","False","SqlLogin"
"OPMTESTSQL1","MSSQLSERVER","OPMTESTSQL1","steadyDBUser_subscribeUser","steadyPRINT100","False","False","False","SqlLogin"
