#TYPE Selected.System.Management.Automation.PSCustomObject
"ComputerName","InstanceName","SqlInstance","Object","Type","Member","RoleSecurableClass"
"OPMTESTSQL1","MSSQLSERVER","OPMTESTSQL1","SERVER","SERVER LOGINS","sa","sysadmin"
"OPMTESTSQL1","MSSQLSERVER","OPMTESTSQL1","SERVER","SERVER LOGINS","BUILTIN\Administrators","sysadmin"
"OPMTESTSQL1","MSSQLSERVER","OPMTESTSQL1","SERVER","SERVER LOGINS","INTRA\admDP6","sysadmin"
"OPMTESTSQL1","MSSQLSERVER","OPMTESTSQL1","SERVER","SERVER LOGINS","pm","None"
"OPMTESTSQL1","MSSQLSERVER","OPMTESTSQL1","SERVER","SERVER LOGINS","pm_startUser","None"
"OPMTESTSQL1","MSSQLSERVER","OPMTESTSQL1","SERVER","SERVER LOGINS","pm_subscribeUser","None"
"OPMTESTSQL1","MSSQLSERVER","OPMTESTSQL1","SERVER","SERVER LOGINS","OPMTESTSQL1\sql-admin","None"
"OPMTESTSQL1","MSSQLSERVER","OPMTESTSQL1","SERVER","SERVER LOGINS","INTRA\S_inf_SQLSRV-Supp","sysadmin"
"OPMTESTSQL1","MSSQLSERVER","OPMTESTSQL1","SERVER","SERVER LOGINS","steadyDBUser","None"
"OPMTESTSQL1","MSSQLSERVER","OPMTESTSQL1","SERVER","SERVER LOGINS","steadyDBUser_startUser","None"
"OPMTESTSQL1","MSSQLSERVER","OPMTESTSQL1","SERVER","SERVER LOGINS","steadyDBUser_subscribeUser","None"
"OPMTESTSQL1","MSSQLSERVER","OPMTESTSQL1","steadyPRINT100","DB ROLE MEMBERS","dbo","db_owner"
"OPMTESTSQL1","MSSQLSERVER","OPMTESTSQL1","steadyPRINT100","DB ROLE MEMBERS","pm_startUser","sql_dependency_starter"
"OPMTESTSQL1","MSSQLSERVER","OPMTESTSQL1","steadyPRINT100","DB ROLE MEMBERS","pm_subscribeUser","sql_dependency_subscriber"
"OPMTESTSQL1","MSSQLSERVER","OPMTESTSQL1","steadyPRINT100","DB ROLE MEMBERS","steadyDBUser_startUser","sql_dependency_starter"
"OPMTESTSQL1","MSSQLSERVER","OPMTESTSQL1","steadyPRINT100","DB ROLE MEMBERS","steadyDBUser_subscribeUser","sql_dependency_subscriber"
"OPMTESTSQL1","MSSQLSERVER","OPMTESTSQL1","steadyPRINT100Test","DB ROLE MEMBERS","dbo","db_owner"
"OPMTESTSQL1","MSSQLSERVER","OPMTESTSQL1","steadyPRINT100Test","DB ROLE MEMBERS","pm_startUser","sql_dependency_starter"
"OPMTESTSQL1","MSSQLSERVER","OPMTESTSQL1","steadyPRINT100Test","DB ROLE MEMBERS","pm_subscribeUser","sql_dependency_subscriber"
"OPMTESTSQL1","MSSQLSERVER","OPMTESTSQL1","steadyPRINT88Test","DB ROLE MEMBERS","dbo","db_owner"
"OPMTESTSQL1","MSSQLSERVER","OPMTESTSQL1","steadyPRINT88Test","DB ROLE MEMBERS","pm_startUser","sql_dependency_starter"
"OPMTESTSQL1","MSSQLSERVER","OPMTESTSQL1","steadyPRINT88Test","DB ROLE MEMBERS","pm_subscribeUser","sql_dependency_subscriber"
