#TYPE Selected.Dataplat.Dbatools.Database.BackupHistory
"ComputerName","InstanceName","SqlInstance","AvailabilityGroupName","Database","Start","End","Duration","TotalSize","CompressedBackupSize","CompressionRatio","Type","IsCopyOnly"
"ccwmepdb1","CARDIO","ccwmepdb1\CARDIO",,"CARDDAS","07.03.2025 16:00:00","07.03.2025 16:00:10","00:00:10","936,31 MB","936,31 MB","1","Differential","False"
"ccwmepdb1","CARDIO","ccwmepdb1\CARDIO",,"CARDDAS","07.03.2025 15:00:00","07.03.2025 15:00:10","00:00:10","897,31 MB","897,31 MB","1","Differential","False"
"ccwmepdb1","CARDIO","ccwmepdb1\CARDIO",,"CARDDAS","07.03.2025 14:00:00","07.03.2025 14:00:11","00:00:11","850,37 MB","850,37 MB","1","Differential","False"
"ccwmepdb1","CARDIO","ccwmepdb1\CARDIO",,"CARDDAS","07.03.2025 13:00:00","07.03.2025 13:00:10","00:00:10","804,31 MB","804,31 MB","1","Differential","False"
"ccwmepdb1","CARDIO","ccwmepdb1\CARDIO",,"CARDDAS","07.03.2025 12:00:00","07.03.2025 12:00:10","00:00:10","738,31 MB","738,31 MB","1","Differential","False"
"ccwmepdb1","CARDIO","ccwmepdb1\CARDIO",,"CARDDAS","07.03.2025 11:00:00","07.03.2025 11:00:10","00:00:10","655,30 MB","655,30 MB","1","Differential","False"
"ccwmepdb1","CARDIO","ccwmepdb1\CARDIO",,"CARDDAS","07.03.2025 10:00:00","07.03.2025 10:00:11","00:00:11","556,49 MB","556,49 MB","1","Differential","False"
"ccwmepdb1","CARDIO","ccwmepdb1\CARDIO",,"CARDDAS","07.03.2025 09:00:00","07.03.2025 09:00:08","00:00:08","426,36 MB","426,36 MB","1","Differential","False"
"ccwmepdb1","CARDIO","ccwmepdb1\CARDIO",,"CARDDAS","07.03.2025 08:00:00","07.03.2025 08:00:07","00:00:07","280,30 MB","280,30 MB","1","Differential","False"
"ccwmepdb1","CARDIO","ccwmepdb1\CARDIO",,"CARDDAS","07.03.2025 07:00:00","07.03.2025 07:00:06","00:00:06","184,30 MB","184,30 MB","1","Differential","False"
"ccwmepdb1","CARDIO","ccwmepdb1\CARDIO",,"CARDDAS","07.03.2025 06:00:00","07.03.2025 06:00:07","00:00:07","152,30 MB","152,30 MB","1","Differential","False"
"ccwmepdb1","CARDIO","ccwmepdb1\CARDIO",,"CARDDAS","07.03.2025 02:04:03","07.03.2025 02:04:35","00:00:32","5,14 GB","5,14 GB","1","Log","False"
"ccwmepdb1","CARDIO","ccwmepdb1\CARDIO",,"CARDDAS","07.03.2025 02:00:00","07.03.2025 02:04:03","00:04:03","44,18 GB","44,18 GB","1","Full","False"
"ccwmepdb1","CARDIO","ccwmepdb1\CARDIO",,"CARDDAS","06.03.2025 22:00:01","06.03.2025 22:00:22","00:00:21","2,57 GB","2,57 GB","1","Differential","False"
"ccwmepdb1","CARDIO","ccwmepdb1\CARDIO",,"CARDDAS","06.03.2025 21:00:00","06.03.2025 21:00:16","00:00:16","2,57 GB","2,57 GB","1","Differential","False"
"ccwmepdb1","CARDIO","ccwmepdb1\CARDIO",,"CARDDAS","06.03.2025 20:00:00","06.03.2025 20:00:16","00:00:16","2,55 GB","2,55 GB","1","Differential","False"
"ccwmepdb1","CARDIO","ccwmepdb1\CARDIO",,"CARDDAS","06.03.2025 19:00:00","06.03.2025 19:00:15","00:00:15","2,54 GB","2,54 GB","1","Differential","False"
"ccwmepdb1","CARDIO","ccwmepdb1\CARDIO",,"CARDDAS","06.03.2025 18:00:00","06.03.2025 18:00:16","00:00:16","2,54 GB","2,54 GB","1","Differential","False"
"ccwmepdb1","CARDIO","ccwmepdb1\CARDIO",,"CARDDAS","06.03.2025 17:00:01","06.03.2025 17:00:16","00:00:15","2,53 GB","2,53 GB","1","Differential","False"
"ccwmepdb1","CARDIO","ccwmepdb1\CARDIO",,"CARDDAS","06.03.2025 16:00:00","06.03.2025 16:00:16","00:00:16","2,51 GB","2,51 GB","1","Differential","False"
"ccwmepdb1","CARDIO","ccwmepdb1\CARDIO",,"CARDDAS","06.03.2025 15:00:00","06.03.2025 15:00:16","00:00:16","2,49 GB","2,49 GB","1","Differential","False"
"ccwmepdb1","CARDIO","ccwmepdb1\CARDIO",,"CARDDAS","06.03.2025 14:00:00","06.03.2025 14:00:16","00:00:16","2,46 GB","2,46 GB","1","Differential","False"
"ccwmepdb1","CARDIO","ccwmepdb1\CARDIO",,"CARDDAS","06.03.2025 13:00:01","06.03.2025 13:00:16","00:00:15","2,43 GB","2,43 GB","1","Differential","False"
"ccwmepdb1","CARDIO","ccwmepdb1\CARDIO",,"CARDDAS","06.03.2025 12:00:00","06.03.2025 12:00:15","00:00:15","2,38 GB","2,38 GB","1","Differential","False"
"ccwmepdb1","CARDIO","ccwmepdb1\CARDIO",,"CARDDAS","06.03.2025 11:00:00","06.03.2025 11:00:15","00:00:15","2,34 GB","2,34 GB","1","Differential","False"
"ccwmepdb1","CARDIO","ccwmepdb1\CARDIO",,"CARDDAS","06.03.2025 10:00:00","06.03.2025 10:00:15","00:00:15","2,28 GB","2,28 GB","1","Differential","False"
"ccwmepdb1","CARDIO","ccwmepdb1\CARDIO",,"CARDDAS","06.03.2025 09:00:00","06.03.2025 09:00:14","00:00:14","2,21 GB","2,21 GB","1","Differential","False"
"ccwmepdb1","CARDIO","ccwmepdb1\CARDIO",,"CARDDAS","06.03.2025 08:00:00","06.03.2025 08:00:06","00:00:06","244,29 MB","244,29 MB","1","Differential","False"
"ccwmepdb1","CARDIO","ccwmepdb1\CARDIO",,"CARDDAS","06.03.2025 07:00:00","06.03.2025 07:00:05","00:00:05","158,29 MB","158,29 MB","1","Differential","False"
"ccwmepdb1","CARDIO","ccwmepdb1\CARDIO",,"CARDDAS","06.03.2025 06:00:00","06.03.2025 06:00:05","00:00:05","123,29 MB","123,29 MB","1","Differential","False"
"ccwmepdb1","CARDIO","ccwmepdb1\CARDIO",,"CARDDAS","06.03.2025 02:03:30","06.03.2025 02:03:33","00:00:03","943,81 MB","943,81 MB","1","Log","False"
"ccwmepdb1","CARDIO","ccwmepdb1\CARDIO",,"CARDDAS","06.03.2025 02:00:01","06.03.2025 02:03:30","00:03:29","44,10 GB","44,10 GB","1","Full","False"
"ccwmepdb1","CARDIO","ccwmepdb1\CARDIO",,"CARDDAS","05.03.2025 22:00:00","05.03.2025 22:00:11","00:00:11","1,01 GB","1,01 GB","1","Differential","False"
"ccwmepdb1","CARDIO","ccwmepdb1\CARDIO",,"CARDDAS","05.03.2025 21:00:01","05.03.2025 21:00:11","00:00:10","1.022,29 MB","1.022,29 MB","1","Differential","False"
"ccwmepdb1","CARDIO","ccwmepdb1\CARDIO",,"CARDDAS","05.03.2025 20:00:00","05.03.2025 20:00:10","00:00:10","1.005,29 MB","1.005,29 MB","1","Differential","False"
"ccwmepdb1","CARDIO","ccwmepdb1\CARDIO",,"CARDDAS","05.03.2025 19:00:00","05.03.2025 19:00:10","00:00:10","993,29 MB","993,29 MB","1","Differential","False"
"ccwmepdb1","CARDIO","ccwmepdb1\CARDIO",,"CARDDAS","05.03.2025 18:00:00","05.03.2025 18:00:10","00:00:10","978,29 MB","978,29 MB","1","Differential","False"
"ccwmepdb1","CARDIO","ccwmepdb1\CARDIO",,"CARDDAS","05.03.2025 17:00:00","05.03.2025 17:00:10","00:00:10","956,29 MB","956,29 MB","1","Differential","False"
"ccwmepdb1","CARDIO","ccwmepdb1\CARDIO",,"CARDDAS","05.03.2025 16:00:01","05.03.2025 16:00:11","00:00:10","942,36 MB","942,36 MB","1","Differential","False"
"ccwmepdb1","CARDIO","ccwmepdb1\CARDIO",,"CARDDAS","05.03.2025 15:00:01","05.03.2025 15:00:10","00:00:09","904,29 MB","904,29 MB","1","Differential","False"
"ccwmepdb1","CARDIO","ccwmepdb1\CARDIO",,"CARDDAS","05.03.2025 14:00:00","05.03.2025 14:00:11","00:00:11","867,60 MB","867,60 MB","1","Differential","False"
"ccwmepdb1","CARDIO","ccwmepdb1\CARDIO",,"CARDDAS","05.03.2025 13:00:00","05.03.2025 13:00:10","00:00:10","803,29 MB","803,29 MB","1","Differential","False"
"ccwmepdb1","CARDIO","ccwmepdb1\CARDIO",,"CARDDAS","05.03.2025 12:00:00","05.03.2025 12:00:09","00:00:09","744,29 MB","744,29 MB","1","Differential","False"
"ccwmepdb1","CARDIO","ccwmepdb1\CARDIO",,"CARDDAS","05.03.2025 11:00:01","05.03.2025 11:00:10","00:00:09","650,29 MB","650,29 MB","1","Differential","False"
"ccwmepdb1","CARDIO","ccwmepdb1\CARDIO",,"CARDDAS","05.03.2025 10:00:00","05.03.2025 10:00:08","00:00:08","544,35 MB","544,35 MB","1","Differential","False"
"ccwmepdb1","CARDIO","ccwmepdb1\CARDIO",,"CARDDAS","05.03.2025 09:00:00","05.03.2025 09:00:08","00:00:08","410,28 MB","410,28 MB","1","Differential","False"
"ccwmepdb1","CARDIO","ccwmepdb1\CARDIO",,"CARDDAS","05.03.2025 08:00:00","05.03.2025 08:00:06","00:00:06","254,28 MB","254,28 MB","1","Differential","False"
"ccwmepdb1","CARDIO","ccwmepdb1\CARDIO",,"CARDDAS","05.03.2025 07:00:00","05.03.2025 07:00:05","00:00:05","165,28 MB","165,28 MB","1","Differential","False"
"ccwmepdb1","CARDIO","ccwmepdb1\CARDIO",,"CARDDAS","05.03.2025 06:00:00","05.03.2025 06:00:05","00:00:05","123,28 MB","123,28 MB","1","Differential","False"
"ccwmepdb1","CARDIO","ccwmepdb1\CARDIO",,"CARDDAS","05.03.2025 02:04:24","05.03.2025 02:04:30","00:00:06","958,57 MB","958,57 MB","1","Log","False"
"ccwmepdb1","CARDIO","ccwmepdb1\CARDIO",,"CARDDAS","05.03.2025 02:00:01","05.03.2025 02:04:24","00:04:23","43,93 GB","43,93 GB","1","Full","False"
"ccwmepdb1","CARDIO","ccwmepdb1\CARDIO",,"CARDDAS","04.03.2025 22:00:00","04.03.2025 22:00:11","00:00:11","1.021,29 MB","1.021,29 MB","1","Differential","False"
"ccwmepdb1","CARDIO","ccwmepdb1\CARDIO",,"CARDDAS","04.03.2025 21:00:00","04.03.2025 21:00:11","00:00:11","1.008,29 MB","1.008,29 MB","1","Differential","False"
"ccwmepdb1","CARDIO","ccwmepdb1\CARDIO",,"CARDDAS","04.03.2025 20:00:01","04.03.2025 20:00:11","00:00:10","993,29 MB","993,29 MB","1","Differential","False"
"ccwmepdb1","CARDIO","ccwmepdb1\CARDIO",,"CARDDAS","04.03.2025 19:00:00","04.03.2025 19:00:11","00:00:11","983,29 MB","983,29 MB","1","Differential","False"
"ccwmepdb1","CARDIO","ccwmepdb1\CARDIO",,"CARDDAS","04.03.2025 18:00:00","04.03.2025 18:00:11","00:00:11","967,29 MB","967,29 MB","1","Differential","False"
"ccwmepdb1","CARDIO","ccwmepdb1\CARDIO",,"CARDDAS","04.03.2025 17:00:00","04.03.2025 17:00:11","00:00:11","954,35 MB","954,35 MB","1","Differential","False"
"ccwmepdb1","CARDIO","ccwmepdb1\CARDIO",,"CARDDAS","04.03.2025 16:00:00","04.03.2025 16:00:11","00:00:11","935,41 MB","935,41 MB","1","Differential","False"
"ccwmepdb1","CARDIO","ccwmepdb1\CARDIO",,"CARDDAS","04.03.2025 15:00:00","04.03.2025 15:00:11","00:00:11","905,29 MB","905,29 MB","1","Differential","False"
"ccwmepdb1","CARDIO","ccwmepdb1\CARDIO",,"CARDDAS","04.03.2025 14:00:00","04.03.2025 14:00:12","00:00:12","850,28 MB","850,28 MB","1","Differential","False"
"ccwmepdb1","CARDIO","ccwmepdb1\CARDIO",,"CARDDAS","04.03.2025 13:00:00","04.03.2025 13:00:10","00:00:10","801,28 MB","801,28 MB","1","Differential","False"
"ccwmepdb1","CARDIO","ccwmepdb1\CARDIO",,"CARDDAS","04.03.2025 12:00:01","04.03.2025 12:00:11","00:00:10","735,28 MB","735,28 MB","1","Differential","False"
"ccwmepdb1","CARDIO","ccwmepdb1\CARDIO",,"CARDDAS","04.03.2025 11:00:00","04.03.2025 11:00:09","00:00:09","644,34 MB","644,34 MB","1","Differential","False"
"ccwmepdb1","CARDIO","ccwmepdb1\CARDIO",,"CARDDAS","04.03.2025 10:00:00","04.03.2025 10:00:08","00:00:08","533,52 MB","533,52 MB","1","Differential","False"
"ccwmepdb1","CARDIO","ccwmepdb1\CARDIO",,"CARDDAS","04.03.2025 09:00:00","04.03.2025 09:00:07","00:00:07","384,27 MB","384,27 MB","1","Differential","False"
"ccwmepdb1","CARDIO","ccwmepdb1\CARDIO",,"CARDDAS","04.03.2025 08:00:00","04.03.2025 08:00:06","00:00:06","245,27 MB","245,27 MB","1","Differential","False"
"ccwmepdb1","CARDIO","ccwmepdb1\CARDIO",,"CARDDAS","04.03.2025 07:00:01","04.03.2025 07:00:06","00:00:05","149,27 MB","149,27 MB","1","Differential","False"
"ccwmepdb1","CARDIO","ccwmepdb1\CARDIO",,"CARDDAS","04.03.2025 06:00:00","04.03.2025 06:00:07","00:00:07","114,27 MB","114,27 MB","1","Differential","False"
"ccwmepdb1","CARDIO","ccwmepdb1\CARDIO",,"CARDDAS","04.03.2025 02:02:52","04.03.2025 02:02:55","00:00:03","974,85 MB","974,85 MB","1","Log","False"
"ccwmepdb1","CARDIO","ccwmepdb1\CARDIO",,"CARDDAS","04.03.2025 02:00:00","04.03.2025 02:02:51","00:02:51","43,74 GB","43,74 GB","1","Full","False"
"ccwmepdb1","CARDIO","ccwmepdb1\CARDIO",,"CARDDAS","03.03.2025 22:00:01","03.03.2025 22:00:12","00:00:11","979,27 MB","979,27 MB","1","Differential","False"
"ccwmepdb1","CARDIO","ccwmepdb1\CARDIO",,"CARDDAS","03.03.2025 21:00:00","03.03.2025 21:00:11","00:00:11","968,27 MB","968,27 MB","1","Differential","False"
"ccwmepdb1","CARDIO","ccwmepdb1\CARDIO",,"CARDDAS","03.03.2025 20:00:00","03.03.2025 20:00:12","00:00:12","959,27 MB","959,27 MB","1","Differential","False"
"ccwmepdb1","CARDIO","ccwmepdb1\CARDIO",,"CARDDAS","03.03.2025 19:00:00","03.03.2025 19:00:12","00:00:12","945,27 MB","945,27 MB","1","Differential","False"
"ccwmepdb1","CARDIO","ccwmepdb1\CARDIO",,"CARDDAS","03.03.2025 18:00:00","03.03.2025 18:00:12","00:00:12","930,27 MB","930,27 MB","1","Differential","False"
"ccwmepdb1","CARDIO","ccwmepdb1\CARDIO",,"CARDDAS","03.03.2025 17:00:01","03.03.2025 17:00:12","00:00:11","914,27 MB","914,27 MB","1","Differential","False"
"ccwmepdb1","CARDIO","ccwmepdb1\CARDIO",,"CARDDAS","03.03.2025 16:00:00","03.03.2025 16:00:11","00:00:11","882,27 MB","882,27 MB","1","Differential","False"
"ccwmepdb1","CARDIO","ccwmepdb1\CARDIO",,"CARDDAS","03.03.2025 15:00:00","03.03.2025 15:00:11","00:00:11","845,33 MB","845,33 MB","1","Differential","False"
"ccwmepdb1","CARDIO","ccwmepdb1\CARDIO",,"CARDDAS","03.03.2025 14:00:00","03.03.2025 14:00:10","00:00:10","806,33 MB","806,33 MB","1","Differential","False"
"ccwmepdb1","CARDIO","ccwmepdb1\CARDIO",,"CARDDAS","03.03.2025 13:00:00","03.03.2025 13:00:10","00:00:10","736,26 MB","736,26 MB","1","Differential","False"
"ccwmepdb1","CARDIO","ccwmepdb1\CARDIO",,"CARDDAS","03.03.2025 12:00:00","03.03.2025 12:00:10","00:00:10","674,26 MB","674,26 MB","1","Differential","False"
"ccwmepdb1","CARDIO","ccwmepdb1\CARDIO",,"CARDDAS","03.03.2025 11:00:00","03.03.2025 11:00:09","00:00:09","605,51 MB","605,51 MB","1","Differential","False"
"ccwmepdb1","CARDIO","ccwmepdb1\CARDIO",,"CARDDAS","03.03.2025 10:00:00","03.03.2025 10:00:09","00:00:09","495,25 MB","495,25 MB","1","Differential","False"
"ccwmepdb1","CARDIO","ccwmepdb1\CARDIO",,"CARDDAS","03.03.2025 09:00:00","03.03.2025 09:00:07","00:00:07","371,31 MB","371,31 MB","1","Differential","False"
"ccwmepdb1","CARDIO","ccwmepdb1\CARDIO",,"CARDDAS","03.03.2025 08:00:00","03.03.2025 08:00:06","00:00:06","220,25 MB","220,25 MB","1","Differential","False"
"ccwmepdb1","CARDIO","ccwmepdb1\CARDIO",,"CARDDAS","03.03.2025 07:00:00","03.03.2025 07:00:06","00:00:06","141,25 MB","141,25 MB","1","Differential","False"
"ccwmepdb1","CARDIO","ccwmepdb1\CARDIO",,"CARDDAS","03.03.2025 06:00:00","03.03.2025 06:00:06","00:00:06","110,25 MB","110,25 MB","1","Differential","False"
"ccwmepdb1","CARDIO","ccwmepdb1\CARDIO",,"CARDDAS","03.03.2025 02:03:37","03.03.2025 02:03:41","00:00:04","734,95 MB","734,95 MB","1","Log","False"
"ccwmepdb1","CARDIO","ccwmepdb1\CARDIO",,"CARDDAS","03.03.2025 02:00:00","03.03.2025 02:03:37","00:03:37","43,55 GB","43,55 GB","1","Full","False"
"ccwmepdb1","CARDIO","ccwmepdb1\CARDIO",,"CARDDAS","02.03.2025 22:00:00","02.03.2025 22:00:09","00:00:09","427,25 MB","427,25 MB","1","Differential","False"
"ccwmepdb1","CARDIO","ccwmepdb1\CARDIO",,"CARDDAS","02.03.2025 21:00:00","02.03.2025 21:00:10","00:00:10","412,25 MB","412,25 MB","1","Differential","False"
"ccwmepdb1","CARDIO","ccwmepdb1\CARDIO",,"CARDDAS","02.03.2025 20:00:00","02.03.2025 20:00:09","00:00:09","396,25 MB","396,25 MB","1","Differential","False"
"ccwmepdb1","CARDIO","ccwmepdb1\CARDIO",,"CARDDAS","02.03.2025 19:00:00","02.03.2025 19:00:09","00:00:09","380,25 MB","380,25 MB","1","Differential","False"
"ccwmepdb1","CARDIO","ccwmepdb1\CARDIO",,"CARDDAS","02.03.2025 18:00:00","02.03.2025 18:00:10","00:00:10","361,25 MB","361,25 MB","1","Differential","False"
"ccwmepdb1","CARDIO","ccwmepdb1\CARDIO",,"CARDDAS","02.03.2025 17:00:01","02.03.2025 17:00:10","00:00:09","343,25 MB","343,25 MB","1","Differential","False"
"ccwmepdb1","CARDIO","ccwmepdb1\CARDIO",,"CARDDAS","02.03.2025 16:00:00","02.03.2025 16:00:09","00:00:09","317,25 MB","317,25 MB","1","Differential","False"
"ccwmepdb1","CARDIO","ccwmepdb1\CARDIO",,"CARDDAS","02.03.2025 15:00:00","02.03.2025 15:00:09","00:00:09","298,25 MB","298,25 MB","1","Differential","False"
"ccwmepdb1","CARDIO","ccwmepdb1\CARDIO",,"CARDDAS","02.03.2025 14:00:00","02.03.2025 14:00:09","00:00:09","283,25 MB","283,25 MB","1","Differential","False"
"ccwmepdb1","CARDIO","ccwmepdb1\CARDIO",,"CARDDAS","02.03.2025 13:00:00","02.03.2025 13:00:10","00:00:10","250,25 MB","250,25 MB","1","Differential","False"
"ccwmepdb1","CARDIO","ccwmepdb1\CARDIO",,"CARDDAS","02.03.2025 12:00:00","02.03.2025 12:00:08","00:00:08","229,25 MB","229,25 MB","1","Differential","False"
"ccwmepdb1","CARDIO","ccwmepdb1\CARDIO",,"CARDDAS","02.03.2025 11:00:00","02.03.2025 11:00:08","00:00:08","211,25 MB","211,25 MB","1","Differential","False"
"ccwmepdb1","CARDIO","ccwmepdb1\CARDIO",,"CARDDAS","02.03.2025 10:00:00","02.03.2025 10:00:10","00:00:10","182,25 MB","182,25 MB","1","Differential","False"
"ccwmepdb1","CARDIO","ccwmepdb1\CARDIO",,"CARDDAS","02.03.2025 09:00:00","02.03.2025 09:00:07","00:00:07","166,25 MB","166,25 MB","1","Differential","False"
"ccwmepdb1","CARDIO","ccwmepdb1\CARDIO",,"CARDDAS","02.03.2025 08:00:01","02.03.2025 08:00:08","00:00:07","152,25 MB","152,25 MB","1","Differential","False"
"ccwmepdb1","CARDIO","ccwmepdb1\CARDIO",,"CARDDAS","02.03.2025 07:00:00","02.03.2025 07:00:07","00:00:07","135,25 MB","135,25 MB","1","Differential","False"
"ccwmepdb1","CARDIO","ccwmepdb1\CARDIO",,"CARDDAS","02.03.2025 06:00:01","02.03.2025 06:00:08","00:00:07","121,25 MB","121,25 MB","1","Differential","False"
"ccwmepdb1","CARDIO","ccwmepdb1\CARDIO",,"CARDDAS","02.03.2025 02:05:18","02.03.2025 02:06:33","00:01:15","7,67 GB","7,67 GB","1","Log","False"
"ccwmepdb1","CARDIO","ccwmepdb1\CARDIO",,"CARDDAS","02.03.2025 02:00:00","02.03.2025 02:05:18","00:05:18","43,49 GB","43,49 GB","1","Full","False"
"ccwmepdb1","CARDIO","ccwmepdb1\CARDIO",,"CARDDAS","01.03.2025 22:00:00","01.03.2025 22:00:08","00:00:08","366,25 MB","366,25 MB","1","Differential","False"
"ccwmepdb1","CARDIO","ccwmepdb1\CARDIO",,"CARDDAS","01.03.2025 21:00:01","01.03.2025 21:00:08","00:00:07","356,25 MB","356,25 MB","1","Differential","False"
"ccwmepdb1","CARDIO","ccwmepdb1\CARDIO",,"CARDDAS","01.03.2025 20:00:01","01.03.2025 20:00:08","00:00:07","347,25 MB","347,25 MB","1","Differential","False"
"ccwmepdb1","CARDIO","ccwmepdb1\CARDIO",,"CARDDAS","01.03.2025 19:00:00","01.03.2025 19:00:07","00:00:07","325,25 MB","325,25 MB","1","Differential","False"
"ccwmepdb1","CARDIO","ccwmepdb1\CARDIO",,"CARDDAS","01.03.2025 18:00:00","01.03.2025 18:00:06","00:00:06","306,25 MB","306,25 MB","1","Differential","False"
"ccwmepdb1","CARDIO","ccwmepdb1\CARDIO",,"CARDDAS","01.03.2025 17:00:00","01.03.2025 17:00:07","00:00:07","292,25 MB","292,25 MB","1","Differential","False"
"ccwmepdb1","CARDIO","ccwmepdb1\CARDIO",,"CARDDAS","01.03.2025 16:00:00","01.03.2025 16:00:07","00:00:07","279,25 MB","279,25 MB","1","Differential","False"
"ccwmepdb1","CARDIO","ccwmepdb1\CARDIO",,"CARDDAS","01.03.2025 15:00:00","01.03.2025 15:00:06","00:00:06","266,25 MB","266,25 MB","1","Differential","False"
"ccwmepdb1","CARDIO","ccwmepdb1\CARDIO",,"CARDDAS","01.03.2025 14:00:00","01.03.2025 14:00:07","00:00:07","254,25 MB","254,25 MB","1","Differential","False"
"ccwmepdb1","CARDIO","ccwmepdb1\CARDIO",,"CARDDAS","01.03.2025 13:00:00","01.03.2025 13:00:06","00:00:06","237,25 MB","237,25 MB","1","Differential","False"
"ccwmepdb1","CARDIO","ccwmepdb1\CARDIO",,"CARDDAS","01.03.2025 12:00:00","01.03.2025 12:00:06","00:00:06","212,25 MB","212,25 MB","1","Differential","False"
"ccwmepdb1","CARDIO","ccwmepdb1\CARDIO",,"CARDDAS","01.03.2025 11:00:00","01.03.2025 11:00:05","00:00:05","191,25 MB","191,25 MB","1","Differential","False"
"ccwmepdb1","CARDIO","ccwmepdb1\CARDIO",,"CARDDAS","01.03.2025 10:00:00","01.03.2025 10:00:07","00:00:07","169,25 MB","169,25 MB","1","Differential","False"
"ccwmepdb1","CARDIO","ccwmepdb1\CARDIO",,"CARDDAS","01.03.2025 09:00:00","01.03.2025 09:00:05","00:00:05","146,25 MB","146,25 MB","1","Differential","False"
"ccwmepdb1","CARDIO","ccwmepdb1\CARDIO",,"CARDDAS","01.03.2025 08:00:00","01.03.2025 08:00:05","00:00:05","132,25 MB","132,25 MB","1","Differential","False"
"ccwmepdb1","CARDIO","ccwmepdb1\CARDIO",,"CARDDAS","01.03.2025 07:00:00","01.03.2025 07:00:05","00:00:05","120,25 MB","120,25 MB","1","Differential","False"
"ccwmepdb1","CARDIO","ccwmepdb1\CARDIO",,"CARDDAS","01.03.2025 06:00:00","01.03.2025 06:00:06","00:00:06","108,25 MB","108,25 MB","1","Differential","False"
"ccwmepdb1","CARDIO","ccwmepdb1\CARDIO",,"CARDDAS","01.03.2025 02:04:03","01.03.2025 02:04:09","00:00:06","1,01 GB","1,01 GB","1","Log","False"
"ccwmepdb1","CARDIO","ccwmepdb1\CARDIO",,"CARDDAS","01.03.2025 02:00:00","01.03.2025 02:04:03","00:04:03","43,77 GB","43,77 GB","1","Full","False"
"ccwmepdb1","CARDIO","ccwmepdb1\CARDIO",,"CARDDAS","28.02.2025 22:00:00","28.02.2025 22:00:11","00:00:11","981,32 MB","981,32 MB","1","Differential","False"
"ccwmepdb1","CARDIO","ccwmepdb1\CARDIO",,"CARDDAS","28.02.2025 21:00:00","28.02.2025 21:00:11","00:00:11","969,25 MB","969,25 MB","1","Differential","False"
"ccwmepdb1","CARDIO","ccwmepdb1\CARDIO",,"CARDDAS","28.02.2025 20:00:01","28.02.2025 20:00:11","00:00:10","958,25 MB","958,25 MB","1","Differential","False"
"ccwmepdb1","CARDIO","ccwmepdb1\CARDIO",,"CARDDAS","28.02.2025 19:00:01","28.02.2025 19:00:12","00:00:11","944,25 MB","944,25 MB","1","Differential","False"
"ccwmepdb1","CARDIO","ccwmepdb1\CARDIO",,"CARDDAS","28.02.2025 18:00:00","28.02.2025 18:00:11","00:00:11","917,25 MB","917,25 MB","1","Differential","False"
"ccwmepdb1","CARDIO","ccwmepdb1\CARDIO",,"CARDDAS","28.02.2025 17:00:01","28.02.2025 17:00:11","00:00:10","896,25 MB","896,25 MB","1","Differential","False"
