#TYPE Selected.Microsoft.SqlServer.Management.Smo.Login
"ComputerName","InstanceName","SqlInstance","Name","DefaultDatabase","IsDisabled","IsLocked","IsPasswordExpired","LoginType"
"ccwmepdb1","CARDIO","ccwmepdb1\CARDIO","##MS_PolicyEventProcessingLogin##","master","True","False","False","SqlLogin"
"ccwmepdb1","CARDIO","ccwmepdb1\CARDIO","##MS_PolicyTsqlExecutionLogin##","master","True","False","False","SqlLogin"
"ccwmepdb1","CARDIO","ccwmepdb1\CARDIO","BUILTIN\Administrators","master","False",,,"WindowsGroup"
"ccwmepdb1","CARDIO","ccwmepdb1\CARDIO","CCWMEPDB1\Administrator","master","False",,,"WindowsUser"
"ccwmepdb1","CARDIO","ccwmepdb1\CARDIO","CCWMEPDB1\SQL-Admin","master","False",,,"WindowsGroup"
"ccwmepdb1","CARDIO","ccwmepdb1\CARDIO","NT AUTHORITY\NETWORK SERVICE","CARDDAS","False",,,"WindowsUser"
"ccwmepdb1","CARDIO","ccwmepdb1\CARDIO","NT AUTHORITY\SYSTEM","master","False",,,"WindowsUser"
"ccwmepdb1","CARDIO","ccwmepdb1\CARDIO","NT Service\MSSQL$CARDIO","master","False",,,"WindowsUser"
"ccwmepdb1","CARDIO","ccwmepdb1\CARDIO","NT SERVICE\SQLAgent$CARDIO","master","False",,,"WindowsUser"
"ccwmepdb1","CARDIO","ccwmepdb1\CARDIO","NT SERVICE\SQLTELEMETRY$CARDIO","master","False",,,"WindowsUser"
"ccwmepdb1","CARDIO","ccwmepdb1\CARDIO","NT SERVICE\SQLWriter","master","False",,,"WindowsUser"
"ccwmepdb1","CARDIO","ccwmepdb1\CARDIO","NT SERVICE\Winmgmt","master","False",,,"WindowsUser"
"ccwmepdb1","CARDIO","ccwmepdb1\CARDIO","reporting","CARDDAS","False","False","False","SqlLogin"
"ccwmepdb1","CARDIO","ccwmepdb1\CARDIO","sa","master","False","False","False","SqlLogin"
"ccwmepdb1","CARDIO","ccwmepdb1\CARDIO","sysadm","CARDDAS","False","False","False","SqlLogin"
"ccwmepdb1","CARDIO","ccwmepdb1\CARDIO","sysuser","CARDDAS","False","False","False","SqlLogin"
