#TYPE Selected.System.Management.Automation.PSCustomObject
"ServerName","ComputerName","InstanceName","SqlInstance","Name","DisplayName","Description","ConfiguredValue","RunningValue","DefaultValue","IsRunningDefaultValue"
"CCWMEPDB1\CARDIO","ccwmepdb1","CARDIO","ccwmepdb1\CARDIO","ShowAdvancedOptions","show advanced options","show advanced options","1","1","0","False"
"CCWMEPDB1\CARDIO","ccwmepdb1","CARDIO","ccwmepdb1\CARDIO","CursorThreshold","cursor threshold","cursor threshold","-1","-1","0","False"
"CCWMEPDB1\CARDIO","ccwmepdb1","CARDIO","ccwmepdb1\CARDIO","MaxDegreeOfParallelism","max degree of parallelism","maximum degree of parallelism","8","8","0","False"
"CCWMEPDB1\CARDIO","ccwmepdb1","CARDIO","ccwmepdb1\CARDIO","MaxServerMemory","max server memory (MB)","Maximum size of server memory (MB)","28544","28544","2147483647","False"
"CCWMEPDB1\CARDIO","ccwmepdb1","CARDIO","ccwmepdb1\CARDIO","DefaultTraceEnabled","default trace enabled","Enable or disable the default trace","1","1","0","False"
"CCWMEPDB1\CARDIO","ccwmepdb1","CARDIO","ccwmepdb1\CARDIO","FilestreamAccessLevel","filestream access level","Sets the FILESTREAM access level","1","1","0","False"
"CCWMEPDB1\CARDIO","ccwmepdb1","CARDIO","ccwmepdb1\CARDIO","ClrStrictSecurity","clr strict security","CLR strict security enabled in the server","1","1","0","False"
"CCWMEPDB1\CARDIO","ccwmepdb1","CARDIO","ccwmepdb1\CARDIO","VersionHighPartOfSqlServer","version high part of SQL Server","version high part of SQL Server that model database copied for","0","0",,"False"
"CCWMEPDB1\CARDIO","ccwmepdb1","CARDIO","ccwmepdb1\CARDIO","VersionLowPartOfSqlServer","version low part of SQL Server","version low part of SQL Server that model database copied for","0","0",,"False"
"CCWMEPDB1\CARDIO","ccwmepdb1","CARDIO","ccwmepdb1\CARDIO",,"max RPC request params (KB)","Maximum memory for RPC request parameters (kBytes)","0","0",,"False"
"CCWMEPDB1\CARDIO","ccwmepdb1","CARDIO","ccwmepdb1\CARDIO","AgentXPsEnabled","Agent XPs","Enable or disable Agent XPs","1","1","0","False"
