#TYPE Selected.System.Management.Automation.PSCustomObject
"ComputerName","InstanceName","SqlInstance","Object","Type","Member","RoleSecurableClass"
"ccwmepdb1","CARDIO","ccwmepdb1\CARDIO","SERVER","SERVER LOGINS","sa","sysadmin"
"ccwmepdb1","CARDIO","ccwmepdb1\CARDIO","SERVER","SERVER LOGINS","CCWMEPDB1\Administrator","sysadmin"
"ccwmepdb1","CARDIO","ccwmepdb1\CARDIO","SERVER","SERVER LOGINS","BUILTIN\Administrators","sysadmin"
"ccwmepdb1","CARDIO","ccwmepdb1\CARDIO","SERVER","SERVER LOGINS","CCWMEPDB1\SQL-Admin","sysadmin"
"ccwmepdb1","CARDIO","ccwmepdb1\CARDIO","SERVER","SERVER LOGINS","sysadm","sysadmin"
"ccwmepdb1","CARDIO","ccwmepdb1\CARDIO","SERVER","SERVER LOGINS","reporting","None"
"ccwmepdb1","CARDIO","ccwmepdb1\CARDIO","SERVER","SERVER LOGINS","sysuser","None"
"ccwmepdb1","CARDIO","ccwmepdb1\CARDIO","CARDDAS","DB ROLE MEMBERS","dbo","db_owner"
"ccwmepdb1","CARDIO","ccwmepdb1\CARDIO","CARDDAS","DB ROLE MEMBERS","SYSADM","db_owner"
"ccwmepdb1","CARDIO","ccwmepdb1\CARDIO","CARDDAS","DB ROLE MEMBERS","SYSADM","db_accessadmin"
"ccwmepdb1","CARDIO","ccwmepdb1\CARDIO","CARDDAS","DB ROLE MEMBERS","SYSADM","db_datareader"
"ccwmepdb1","CARDIO","ccwmepdb1\CARDIO","CARDDAS","DB ROLE MEMBERS","SYSADM","db_datawriter"
"ccwmepdb1","CARDIO","ccwmepdb1\CARDIO","CARDDAS","DB ROLE MEMBERS","NT AUTHORITY\NETWORK SERVICE","CCWUser"
"ccwmepdb1","CARDIO","ccwmepdb1\CARDIO","CARDDAS","DB ROLE MEMBERS","CCWMEPDB\onwatch","OnWatchMonitoringRole"
"ccwmepdb1","CARDIO","ccwmepdb1\CARDIO","CARDDAS","DB ROLE MEMBERS","onwatch","OnWatchMonitoringRole"
"ccwmepdb1","CARDIO","ccwmepdb1\CARDIO","CARDDAS","DB ROLE MEMBERS","reporting","db_datareader"
"ccwmepdb1","CARDIO","ccwmepdb1\CARDIO","CARDDAS","DB ROLE MEMBERS","CCWUser","db_datareader"
"ccwmepdb1","CARDIO","ccwmepdb1\CARDIO","CARDDAS","DB ROLE MEMBERS","CCWUser","db_datawriter"
"ccwmepdb1","CARDIO","ccwmepdb1\CARDIO","CARDDAS","DB ROLE MEMBERS","sysuser","CCWUser"
