#TYPE Selected.Dataplat.Dbatools.Database.BackupHistory
"ComputerName","InstanceName","SqlInstance","AvailabilityGroupName","Database","Start","End","Duration","TotalSize","CompressedBackupSize","CompressionRatio","Type","IsCopyOnly"
"kvzmepteleform3","MSSQLSERVER","kvzmepteleform3",,"master","06.03.2025 23:07:50","06.03.2025 23:08:06","00:00:16","3,90 MB","3,90 MB","1","Full","False"
"kvzmepteleform3","MSSQLSERVER","kvzmepteleform3",,"master","05.03.2025 20:35:35","05.03.2025 20:35:40","00:00:05","3,90 MB","3,90 MB","1","Full","False"
"kvzmepteleform3","MSSQLSERVER","kvzmepteleform3",,"master","04.03.2025 20:36:29","04.03.2025 20:36:34","00:00:05","3,90 MB","3,90 MB","1","Full","False"
"kvzmepteleform3","MSSQLSERVER","kvzmepteleform3",,"master","03.03.2025 20:37:09","03.03.2025 20:37:15","00:00:06","3,90 MB","3,90 MB","1","Full","False"
"kvzmepteleform3","MSSQLSERVER","kvzmepteleform3",,"master","02.03.2025 20:33:29","02.03.2025 20:33:42","00:00:13","3,90 MB","3,90 MB","1","Full","False"
"kvzmepteleform3","MSSQLSERVER","kvzmepteleform3",,"master","01.03.2025 20:33:15","01.03.2025 20:33:20","00:00:05","3,90 MB","3,90 MB","1","Full","False"
"kvzmepteleform3","MSSQLSERVER","kvzmepteleform3",,"master","28.02.2025 20:34:44","28.02.2025 20:35:00","00:00:16","3,90 MB","3,90 MB","1","Full","False"
"kvzmepteleform3","MSSQLSERVER","kvzmepteleform3",,"teleform","06.03.2025 23:26:46","06.03.2025 23:26:46","00:00:00","72,39 MB","72,39 MB","1","Log","False"
"kvzmepteleform3","MSSQLSERVER","kvzmepteleform3",,"teleform","06.03.2025 23:07:50","06.03.2025 23:08:06","00:00:16","33,77 MB","33,77 MB","1","Full","False"
"kvzmepteleform3","MSSQLSERVER","kvzmepteleform3",,"teleform","05.03.2025 20:37:16","05.03.2025 20:37:16","00:00:00","73,05 MB","73,05 MB","1","Log","False"
"kvzmepteleform3","MSSQLSERVER","kvzmepteleform3",,"teleform","05.03.2025 20:35:35","05.03.2025 20:35:40","00:00:05","34,01 MB","34,01 MB","1","Full","False"
"kvzmepteleform3","MSSQLSERVER","kvzmepteleform3",,"teleform","04.03.2025 20:38:10","04.03.2025 20:38:11","00:00:01","89,30 MB","89,30 MB","1","Log","False"
"kvzmepteleform3","MSSQLSERVER","kvzmepteleform3",,"teleform","04.03.2025 20:36:29","04.03.2025 20:36:34","00:00:05","33,20 MB","33,20 MB","1","Full","False"
"kvzmepteleform3","MSSQLSERVER","kvzmepteleform3",,"teleform","03.03.2025 20:39:00","03.03.2025 20:39:00","00:00:00","61,00 MB","61,00 MB","1","Log","False"
"kvzmepteleform3","MSSQLSERVER","kvzmepteleform3",,"teleform","03.03.2025 20:37:09","03.03.2025 20:37:15","00:00:06","32,45 MB","32,45 MB","1","Full","False"
"kvzmepteleform3","MSSQLSERVER","kvzmepteleform3",,"teleform","02.03.2025 20:35:06","02.03.2025 20:35:06","00:00:00","4,99 MB","4,99 MB","1","Log","False"
"kvzmepteleform3","MSSQLSERVER","kvzmepteleform3",,"teleform","02.03.2025 20:33:29","02.03.2025 20:33:42","00:00:13","32,89 MB","32,89 MB","1","Full","False"
"kvzmepteleform3","MSSQLSERVER","kvzmepteleform3",,"teleform","01.03.2025 20:34:50","01.03.2025 20:34:50","00:00:00","88,19 MB","88,19 MB","1","Log","False"
"kvzmepteleform3","MSSQLSERVER","kvzmepteleform3",,"teleform","01.03.2025 20:33:15","01.03.2025 20:33:20","00:00:05","32,90 MB","32,90 MB","1","Full","False"
"kvzmepteleform3","MSSQLSERVER","kvzmepteleform3",,"teleform","28.02.2025 20:36:39","28.02.2025 20:36:39","00:00:00","42,31 MB","42,31 MB","1","Log","False"
"kvzmepteleform3","MSSQLSERVER","kvzmepteleform3",,"teleform","28.02.2025 20:34:44","28.02.2025 20:35:00","00:00:16","33,77 MB","33,77 MB","1","Full","False"
"kvzmepteleform3","MSSQLSERVER","kvzmepteleform3",,"msdb","06.03.2025 23:07:50","06.03.2025 23:08:06","00:00:16","25,62 MB","25,62 MB","1","Full","False"
"kvzmepteleform3","MSSQLSERVER","kvzmepteleform3",,"msdb","05.03.2025 20:35:35","05.03.2025 20:35:40","00:00:05","25,62 MB","25,62 MB","1","Full","False"
"kvzmepteleform3","MSSQLSERVER","kvzmepteleform3",,"msdb","04.03.2025 20:36:29","04.03.2025 20:36:34","00:00:05","25,58 MB","25,58 MB","1","Full","False"
"kvzmepteleform3","MSSQLSERVER","kvzmepteleform3",,"msdb","03.03.2025 20:37:09","03.03.2025 20:37:15","00:00:06","25,55 MB","25,55 MB","1","Full","False"
"kvzmepteleform3","MSSQLSERVER","kvzmepteleform3",,"msdb","02.03.2025 20:33:29","02.03.2025 20:33:42","00:00:13","25,37 MB","25,37 MB","1","Full","False"
"kvzmepteleform3","MSSQLSERVER","kvzmepteleform3",,"msdb","01.03.2025 20:33:15","01.03.2025 20:33:20","00:00:05","25,30 MB","25,30 MB","1","Full","False"
"kvzmepteleform3","MSSQLSERVER","kvzmepteleform3",,"msdb","28.02.2025 20:34:44","28.02.2025 20:35:00","00:00:16","25,30 MB","25,30 MB","1","Full","False"
"kvzmepteleform3","MSSQLSERVER","kvzmepteleform3",,"model","06.03.2025 23:26:46","06.03.2025 23:26:46","00:00:00","82,00 KB","82,00 KB","1","Log","False"
"kvzmepteleform3","MSSQLSERVER","kvzmepteleform3",,"model","06.03.2025 23:07:50","06.03.2025 23:08:06","00:00:16","2,57 MB","2,57 MB","1","Full","False"
"kvzmepteleform3","MSSQLSERVER","kvzmepteleform3",,"model","05.03.2025 20:37:16","05.03.2025 20:37:16","00:00:00","82,00 KB","82,00 KB","1","Log","False"
"kvzmepteleform3","MSSQLSERVER","kvzmepteleform3",,"model","05.03.2025 20:35:35","05.03.2025 20:35:40","00:00:05","2,57 MB","2,57 MB","1","Full","False"
"kvzmepteleform3","MSSQLSERVER","kvzmepteleform3",,"model","04.03.2025 20:38:10","04.03.2025 20:38:10","00:00:00","82,00 KB","82,00 KB","1","Log","False"
"kvzmepteleform3","MSSQLSERVER","kvzmepteleform3",,"model","04.03.2025 20:36:29","04.03.2025 20:36:34","00:00:05","2,57 MB","2,57 MB","1","Full","False"
"kvzmepteleform3","MSSQLSERVER","kvzmepteleform3",,"model","03.03.2025 20:39:00","03.03.2025 20:39:00","00:00:00","82,00 KB","82,00 KB","1","Log","False"
"kvzmepteleform3","MSSQLSERVER","kvzmepteleform3",,"model","03.03.2025 20:37:09","03.03.2025 20:37:15","00:00:06","2,57 MB","2,57 MB","1","Full","False"
"kvzmepteleform3","MSSQLSERVER","kvzmepteleform3",,"model","02.03.2025 20:35:06","02.03.2025 20:35:06","00:00:00","82,00 KB","82,00 KB","1","Log","False"
"kvzmepteleform3","MSSQLSERVER","kvzmepteleform3",,"model","02.03.2025 20:33:29","02.03.2025 20:33:42","00:00:13","2,57 MB","2,57 MB","1","Full","False"
"kvzmepteleform3","MSSQLSERVER","kvzmepteleform3",,"model","01.03.2025 20:34:50","01.03.2025 20:34:50","00:00:00","82,00 KB","82,00 KB","1","Log","False"
"kvzmepteleform3","MSSQLSERVER","kvzmepteleform3",,"model","01.03.2025 20:33:15","01.03.2025 20:33:20","00:00:05","2,57 MB","2,57 MB","1","Full","False"
"kvzmepteleform3","MSSQLSERVER","kvzmepteleform3",,"model","28.02.2025 20:36:39","28.02.2025 20:36:39","00:00:00","82,00 KB","82,00 KB","1","Log","False"
"kvzmepteleform3","MSSQLSERVER","kvzmepteleform3",,"model","28.02.2025 20:34:44","28.02.2025 20:35:00","00:00:16","2,57 MB","2,57 MB","1","Full","False"
