#TYPE Selected.Microsoft.SqlServer.Management.Smo.Login
"ComputerName","InstanceName","SqlInstance","Name","DefaultDatabase","IsDisabled","IsLocked","IsPasswordExpired","LoginType"
"kvzmepteleform3","MSSQLSERVER","kvzmepteleform3","##MS_PolicyEventProcessingLogin##","master","True","False","False","SqlLogin"
"kvzmepteleform3","MSSQLSERVER","kvzmepteleform3","##MS_PolicyTsqlExecutionLogin##","master","True","False","False","SqlLogin"
"kvzmepteleform3","MSSQLSERVER","kvzmepteleform3","KVZMEPTELEFORM3\SQL-Admin","master","False",,,"WindowsGroup"
"kvzmepteleform3","MSSQLSERVER","kvzmepteleform3","NT AUTHORITY\SYSTEM","master","False",,,"WindowsUser"
"kvzmepteleform3","MSSQLSERVER","kvzmepteleform3","NT SERVICE\MSSQLSERVER","master","False",,,"WindowsUser"
"kvzmepteleform3","MSSQLSERVER","kvzmepteleform3","NT SERVICE\SQLSERVERAGENT","master","False",,,"WindowsUser"
"kvzmepteleform3","MSSQLSERVER","kvzmepteleform3","NT SERVICE\SQLTELEMETRY","master","False",,,"WindowsUser"
"kvzmepteleform3","MSSQLSERVER","kvzmepteleform3","NT SERVICE\SQLWriter","master","False",,,"WindowsUser"
"kvzmepteleform3","MSSQLSERVER","kvzmepteleform3","NT SERVICE\Winmgmt","master","False",,,"WindowsUser"
"kvzmepteleform3","MSSQLSERVER","kvzmepteleform3","sa","master","True","False","False","SqlLogin"
"kvzmepteleform3","MSSQLSERVER","kvzmepteleform3","sateleform","master","False","False","False","SqlLogin"
