#TYPE Selected.System.Management.Automation.PSCustomObject
"ComputerName","InstanceName","SqlInstance","Object","Type","Member","RoleSecurableClass"
"kvzmepteleform3","MSSQLSERVER","kvzmepteleform3","SERVER","SERVER LOGINS","sa","sysadmin"
"kvzmepteleform3","MSSQLSERVER","kvzmepteleform3","SERVER","SERVER LOGINS","KVZMEPTELEFORM3\SQL-Admin","sysadmin"
"kvzmepteleform3","MSSQLSERVER","kvzmepteleform3","SERVER","SERVER LOGINS","sateleform","dbcreator"
"kvzmepteleform3","MSSQLSERVER","kvzmepteleform3","teleform","DB ROLE MEMBERS","dbo","db_owner"
