#TYPE Selected.Microsoft.SqlServer.Management.Smo.Login
"ComputerName","InstanceName","SqlInstance","Name","DefaultDatabase","IsDisabled","IsLocked","IsPasswordExpired","LoginType"
"INFMEPAUDDB2","MSSQLSERVER","INFMEPAUDDB2","##MS_PolicyEventProcessingLogin##","master","True","False","False","SqlLogin"
"INFMEPAUDDB2","MSSQLSERVER","INFMEPAUDDB2","##MS_PolicyTsqlExecutionLogin##","master","True","False","False","SqlLogin"
"INFMEPAUDDB2","MSSQLSERVER","INFMEPAUDDB2","INFMEPAUDDB2\SQL-Admin","master","False",,,"WindowsGroup"
"INFMEPAUDDB2","MSSQLSERVER","INFMEPAUDDB2","INTRA\DieCygna","master","False",,,"WindowsUser"
"INFMEPAUDDB2","MSSQLSERVER","INFMEPAUDDB2","INTRA\DIEUMRA","master","False",,,"WindowsUser"
"INFMEPAUDDB2","MSSQLSERVER","INFMEPAUDDB2","INTRA\Domain Controllers","master","False",,,"WindowsGroup"
"INFMEPAUDDB2","MSSQLSERVER","INFMEPAUDDB2","INTRA\labtestpoct$","master","False",,,"WindowsUser"
"INFMEPAUDDB2","MSSQLSERVER","INFMEPAUDDB2","INTRA\S_Cygna_FileSRVAgents","master","False",,,"WindowsGroup"
"INFMEPAUDDB2","MSSQLSERVER","INFMEPAUDDB2","NT AUTHORITY\SYSTEM","master","False",,,"WindowsUser"
"INFMEPAUDDB2","MSSQLSERVER","INFMEPAUDDB2","NT SERVICE\MSSQLSERVER","master","False",,,"WindowsUser"
"INFMEPAUDDB2","MSSQLSERVER","INFMEPAUDDB2","NT SERVICE\SQLSERVERAGENT","master","False",,,"WindowsUser"
"INFMEPAUDDB2","MSSQLSERVER","INFMEPAUDDB2","NT SERVICE\SQLTELEMETRY","master","False",,,"WindowsUser"
"INFMEPAUDDB2","MSSQLSERVER","INFMEPAUDDB2","NT SERVICE\SQLWriter","master","False",,,"WindowsUser"
"INFMEPAUDDB2","MSSQLSERVER","INFMEPAUDDB2","NT SERVICE\Winmgmt","master","False",,,"WindowsUser"
"INFMEPAUDDB2","MSSQLSERVER","INFMEPAUDDB2","ROOT\Domain Controllers","master","False",,,"WindowsGroup"
"INFMEPAUDDB2","MSSQLSERVER","INFMEPAUDDB2","sa","master","True","False","False","SqlLogin"
