#TYPE Selected.System.Management.Automation.PSCustomObject
"ComputerName","InstanceName","SqlInstance","Object","Type","Member","RoleSecurableClass"
"INFMEPAUDDB2","MSSQLSERVER","INFMEPAUDDB2","SERVER","SERVER LOGINS","sa","sysadmin"
"INFMEPAUDDB2","MSSQLSERVER","INFMEPAUDDB2","SERVER","SERVER LOGINS","INFMEPAUDDB2\SQL-Admin","sysadmin"
"INFMEPAUDDB2","MSSQLSERVER","INFMEPAUDDB2","SERVER","SERVER LOGINS","INTRA\DIEUMRA","None"
"INFMEPAUDDB2","MSSQLSERVER","INFMEPAUDDB2","SERVER","SERVER LOGINS","INTRA\Domain Controllers","None"
"INFMEPAUDDB2","MSSQLSERVER","INFMEPAUDDB2","SERVER","SERVER LOGINS","ROOT\Domain Controllers","None"
"INFMEPAUDDB2","MSSQLSERVER","INFMEPAUDDB2","SERVER","SERVER LOGINS","INTRA\labtestpoct$","None"
"INFMEPAUDDB2","MSSQLSERVER","INFMEPAUDDB2","SERVER","SERVER LOGINS","INTRA\S_Cygna_FileSRVAgents","None"
"INFMEPAUDDB2","MSSQLSERVER","INFMEPAUDDB2","SERVER","SERVER LOGINS","INTRA\DieCygna","sysadmin"
"INFMEPAUDDB2","MSSQLSERVER","INFMEPAUDDB2","Cygna","DB ROLE MEMBERS","dbo","db_owner"
"INFMEPAUDDB2","MSSQLSERVER","INFMEPAUDDB2","Cygna","DB ROLE MEMBERS","INTRA\Domain Controllers","CygnaAuditor"
"INFMEPAUDDB2","MSSQLSERVER","INFMEPAUDDB2","Cygna","DB ROLE MEMBERS","ROOT\Domain Controllers","CygnaAuditor"
"INFMEPAUDDB2","MSSQLSERVER","INFMEPAUDDB2","Cygna","DB ROLE MEMBERS","intra\labtestpoct$","CygnaAuditor"
"INFMEPAUDDB2","MSSQLSERVER","INFMEPAUDDB2","Cygna","DB ROLE MEMBERS","INTRA\S_Cygna_FileSRVAgents","CygnaAuditor"
"INFMEPAUDDB2","MSSQLSERVER","INFMEPAUDDB2","Cygna","DB ROLE MEMBERS","INTRA\DieCygna","db_owner"
