#TYPE Selected.Dataplat.Dbatools.Database.BackupHistory
"ComputerName","InstanceName","SqlInstance","AvailabilityGroupName","Database","Start","End","Duration","TotalSize","CompressedBackupSize","CompressionRatio","Type","IsCopyOnly"
"INFMEPWSUS2","MSSQLSERVER","INFMEPWSUS2",,"SUSDB","07.03.2025 00:54:51","07.03.2025 00:54:59","00:00:08","9,36 GB","9,36 GB","1","Full","False"
"INFMEPWSUS2","MSSQLSERVER","INFMEPWSUS2",,"SUSDB","05.03.2025 20:56:32","05.03.2025 20:56:37","00:00:05","9,34 GB","9,34 GB","1","Full","False"
"INFMEPWSUS2","MSSQLSERVER","INFMEPWSUS2",,"SUSDB","04.03.2025 20:58:34","04.03.2025 20:58:38","00:00:04","9,30 GB","9,30 GB","1","Full","False"
"INFMEPWSUS2","MSSQLSERVER","INFMEPWSUS2",,"SUSDB","03.03.2025 20:58:23","03.03.2025 20:58:30","00:00:07","9,34 GB","9,34 GB","1","Full","False"
"INFMEPWSUS2","MSSQLSERVER","INFMEPWSUS2",,"SUSDB","02.03.2025 20:53:50","02.03.2025 20:53:56","00:00:06","9,35 GB","9,35 GB","1","Full","False"
"INFMEPWSUS2","MSSQLSERVER","INFMEPWSUS2",,"SUSDB","01.03.2025 20:53:02","01.03.2025 20:53:07","00:00:05","9,31 GB","9,31 GB","1","Full","False"
"INFMEPWSUS2","MSSQLSERVER","INFMEPWSUS2",,"SUSDB","28.02.2025 20:55:10","28.02.2025 20:55:15","00:00:05","9,33 GB","9,33 GB","1","Full","False"
"INFMEPWSUS2","MSSQLSERVER","INFMEPWSUS2",,"master","07.03.2025 00:54:51","07.03.2025 00:54:59","00:00:08","4,02 MB","4,02 MB","1","Full","False"
"INFMEPWSUS2","MSSQLSERVER","INFMEPWSUS2",,"master","05.03.2025 20:56:32","05.03.2025 20:56:37","00:00:05","4,02 MB","4,02 MB","1","Full","False"
"INFMEPWSUS2","MSSQLSERVER","INFMEPWSUS2",,"master","04.03.2025 20:58:34","04.03.2025 20:58:38","00:00:04","4,02 MB","4,02 MB","1","Full","False"
"INFMEPWSUS2","MSSQLSERVER","INFMEPWSUS2",,"master","03.03.2025 20:58:23","03.03.2025 20:58:30","00:00:07","4,02 MB","4,02 MB","1","Full","False"
"INFMEPWSUS2","MSSQLSERVER","INFMEPWSUS2",,"master","02.03.2025 20:53:50","02.03.2025 20:53:56","00:00:06","4,02 MB","4,02 MB","1","Full","False"
"INFMEPWSUS2","MSSQLSERVER","INFMEPWSUS2",,"master","01.03.2025 20:53:02","01.03.2025 20:53:07","00:00:05","4,02 MB","4,02 MB","1","Full","False"
"INFMEPWSUS2","MSSQLSERVER","INFMEPWSUS2",,"master","28.02.2025 20:55:10","28.02.2025 20:55:15","00:00:05","4,02 MB","4,02 MB","1","Full","False"
"INFMEPWSUS2","MSSQLSERVER","INFMEPWSUS2",,"msdb","07.03.2025 00:54:51","07.03.2025 00:54:59","00:00:08","194,82 MB","194,82 MB","1","Full","False"
"INFMEPWSUS2","MSSQLSERVER","INFMEPWSUS2",,"msdb","05.03.2025 20:56:32","05.03.2025 20:56:37","00:00:05","194,81 MB","194,81 MB","1","Full","False"
"INFMEPWSUS2","MSSQLSERVER","INFMEPWSUS2",,"msdb","04.03.2025 20:58:34","04.03.2025 20:58:38","00:00:04","194,81 MB","194,81 MB","1","Full","False"
"INFMEPWSUS2","MSSQLSERVER","INFMEPWSUS2",,"msdb","03.03.2025 20:58:23","03.03.2025 20:58:30","00:00:07","194,81 MB","194,81 MB","1","Full","False"
"INFMEPWSUS2","MSSQLSERVER","INFMEPWSUS2",,"msdb","02.03.2025 20:53:50","02.03.2025 20:53:56","00:00:06","194,69 MB","194,69 MB","1","Full","False"
"INFMEPWSUS2","MSSQLSERVER","INFMEPWSUS2",,"msdb","01.03.2025 20:53:02","01.03.2025 20:53:07","00:00:05","194,63 MB","194,63 MB","1","Full","False"
"INFMEPWSUS2","MSSQLSERVER","INFMEPWSUS2",,"msdb","28.02.2025 20:55:10","28.02.2025 20:55:15","00:00:05","194,69 MB","194,69 MB","1","Full","False"
"INFMEPWSUS2","MSSQLSERVER","INFMEPWSUS2",,"model","07.03.2025 00:54:51","07.03.2025 00:54:59","00:00:08","2,88 MB","2,88 MB","1","Full","False"
"INFMEPWSUS2","MSSQLSERVER","INFMEPWSUS2",,"model","05.03.2025 20:56:32","05.03.2025 20:56:37","00:00:05","2,88 MB","2,88 MB","1","Full","False"
"INFMEPWSUS2","MSSQLSERVER","INFMEPWSUS2",,"model","04.03.2025 20:58:34","04.03.2025 20:58:38","00:00:04","2,88 MB","2,88 MB","1","Full","False"
"INFMEPWSUS2","MSSQLSERVER","INFMEPWSUS2",,"model","03.03.2025 20:58:23","03.03.2025 20:58:30","00:00:07","2,88 MB","2,88 MB","1","Full","False"
"INFMEPWSUS2","MSSQLSERVER","INFMEPWSUS2",,"model","02.03.2025 20:53:50","02.03.2025 20:53:56","00:00:06","2,88 MB","2,88 MB","1","Full","False"
"INFMEPWSUS2","MSSQLSERVER","INFMEPWSUS2",,"model","01.03.2025 20:53:02","01.03.2025 20:53:07","00:00:05","2,88 MB","2,88 MB","1","Full","False"
"INFMEPWSUS2","MSSQLSERVER","INFMEPWSUS2",,"model","28.02.2025 20:55:10","28.02.2025 20:55:15","00:00:05","2,88 MB","2,88 MB","1","Full","False"
