#TYPE Selected.Microsoft.SqlServer.Management.Smo.Login
"ComputerName","InstanceName","SqlInstance","Name","DefaultDatabase","IsDisabled","IsLocked","IsPasswordExpired","LoginType"
"INFMEPWSUS2","MSSQLSERVER","INFMEPWSUS2","##MS_PolicyEventProcessingLogin##","master","True","False","False","SqlLogin"
"INFMEPWSUS2","MSSQLSERVER","INFMEPWSUS2","##MS_PolicyTsqlExecutionLogin##","master","True","False","False","SqlLogin"
"INFMEPWSUS2","MSSQLSERVER","INFMEPWSUS2","BUILTIN\Administrators","master","False",,,"WindowsGroup"
"INFMEPWSUS2","MSSQLSERVER","INFMEPWSUS2","cit","master","False","False","True","SqlLogin"
"INFMEPWSUS2","MSSQLSERVER","INFMEPWSUS2","INFMEPWSUS2\SQL-Admin","master","False",,,"WindowsGroup"
"INFMEPWSUS2","MSSQLSERVER","INFMEPWSUS2","INFMEPWSUS2\WSUS Administrators","master","False",,,"WindowsGroup"
"INFMEPWSUS2","MSSQLSERVER","INFMEPWSUS2","INTRA\admDP6","master","False",,,"WindowsUser"
"INFMEPWSUS2","MSSQLSERVER","INFMEPWSUS2","intra\diekucsql","master","False",,,"WindowsUser"
"INFMEPWSUS2","MSSQLSERVER","INFMEPWSUS2","NT AUTHORITY\NETWORK SERVICE","master","False",,,"WindowsUser"
"INFMEPWSUS2","MSSQLSERVER","INFMEPWSUS2","NT AUTHORITY\SYSTEM","master","False",,,"WindowsUser"
"INFMEPWSUS2","MSSQLSERVER","INFMEPWSUS2","NT SERVICE\MSSQLSERVER","master","False",,,"WindowsUser"
"INFMEPWSUS2","MSSQLSERVER","INFMEPWSUS2","NT SERVICE\SQLSERVERAGENT","master","False",,,"WindowsUser"
"INFMEPWSUS2","MSSQLSERVER","INFMEPWSUS2","NT SERVICE\SQLTELEMETRY","master","False",,,"WindowsUser"
"INFMEPWSUS2","MSSQLSERVER","INFMEPWSUS2","NT SERVICE\SQLWriter","master","False",,,"WindowsUser"
"INFMEPWSUS2","MSSQLSERVER","INFMEPWSUS2","NT SERVICE\Winmgmt","master","False",,,"WindowsUser"
"INFMEPWSUS2","MSSQLSERVER","INFMEPWSUS2","sa","master","True","False","False","SqlLogin"
