#TYPE Selected.System.Management.Automation.PSCustomObject
"ComputerName","InstanceName","SqlInstance","Object","Type","Member","RoleSecurableClass"
"INFMEPWSUS2","MSSQLSERVER","INFMEPWSUS2","SERVER","SERVER LOGINS","sa","sysadmin"
"INFMEPWSUS2","MSSQLSERVER","INFMEPWSUS2","SERVER","SERVER LOGINS","INTRA\admDP6","sysadmin"
"INFMEPWSUS2","MSSQLSERVER","INFMEPWSUS2","SERVER","SERVER LOGINS","BUILTIN\Administrators","sysadmin"
"INFMEPWSUS2","MSSQLSERVER","INFMEPWSUS2","SERVER","SERVER LOGINS","INFMEPWSUS2\WSUS Administrators","None"
"INFMEPWSUS2","MSSQLSERVER","INFMEPWSUS2","SERVER","SERVER LOGINS","cit","None"
"INFMEPWSUS2","MSSQLSERVER","INFMEPWSUS2","SERVER","SERVER LOGINS","INFMEPWSUS2\SQL-Admin","sysadmin"
"INFMEPWSUS2","MSSQLSERVER","INFMEPWSUS2","SERVER","SERVER LOGINS","intra\diekucsql","None"
"INFMEPWSUS2","MSSQLSERVER","INFMEPWSUS2","SUSDB","DB ROLE MEMBERS","dbo","db_owner"
"INFMEPWSUS2","MSSQLSERVER","INFMEPWSUS2","SUSDB","DB ROLE MEMBERS","NT AUTHORITY\NETWORK SERVICE","webService"
"INFMEPWSUS2","MSSQLSERVER","INFMEPWSUS2","SUSDB","DB ROLE MEMBERS","INFMEPWSUS2\WSUS Administrators","webService"
"INFMEPWSUS2","MSSQLSERVER","INFMEPWSUS2","SUSDB","DB ROLE MEMBERS","cit","db_datareader"
