#TYPE Selected.Microsoft.SqlServer.Management.Smo.Database
"BackupStatus","ComputerName","InstanceName","SqlInstance","SizeMB","Compatibility","Encrypted","LastFullBackup","LastDiffBackup","LastLogBackup","Name"
,"KVZTESTDB22","MSSQLSERVER","KVZTESTDB22","848","Version130","False","07.03.2025 01:51:05","01.01.0001 00:00:00","01.01.0001 00:00:00","Ki2DaBericht"
,"KVZTESTDB22","MSSQLSERVER","KVZTESTDB22","16","Version150","False","07.03.2025 01:51:05","01.01.0001 00:00:00","01.01.0001 00:00:00","hkvzDba"
,"KVZTESTDB22","MSSQLSERVER","KVZTESTDB22","80","Version150","False","07.03.2025 01:51:05","01.01.0001 00:00:00","01.01.0001 00:00:00","Ki2DaSDI"
,"KVZTESTDB22","MSSQLSERVER","KVZTESTDB22","80","Version150","False","07.03.2025 01:51:05","01.01.0001 00:00:00","01.01.0001 00:00:00","ReportServer"
,"KVZTESTDB22","MSSQLSERVER","KVZTESTDB22","912","Version130","False","07.03.2025 01:51:05","01.01.0001 00:00:00","01.01.0001 00:00:00","Ki2Da"
,"KVZTESTDB22","MSSQLSERVER","KVZTESTDB22","80","Version150","False","07.03.2025 01:51:05","01.01.0001 00:00:00","01.01.0001 00:00:00","ReportServerTempDB"
