#TYPE Selected.Dataplat.Dbatools.Database.BackupHistory
"ComputerName","InstanceName","SqlInstance","AvailabilityGroupName","Database","Start","End","Duration","TotalSize","CompressedBackupSize","CompressionRatio","Type","IsCopyOnly"
"KVZTESTDB22","MSSQLSERVER","KVZTESTDB22",,"master","07.03.2025 01:50:50","07.03.2025 01:51:05","00:00:15","4,83 MB","4,83 MB","1","Full","False"
"KVZTESTDB22","MSSQLSERVER","KVZTESTDB22",,"master","05.03.2025 21:08:36","05.03.2025 21:08:41","00:00:05","4,83 MB","4,83 MB","1","Full","False"
"KVZTESTDB22","MSSQLSERVER","KVZTESTDB22",,"master","04.03.2025 21:10:24","04.03.2025 21:10:29","00:00:05","4,83 MB","4,83 MB","1","Full","False"
"KVZTESTDB22","MSSQLSERVER","KVZTESTDB22",,"master","03.03.2025 21:09:22","03.03.2025 21:09:34","00:00:12","4,83 MB","4,83 MB","1","Full","False"
"KVZTESTDB22","MSSQLSERVER","KVZTESTDB22",,"master","02.03.2025 21:04:33","02.03.2025 21:04:47","00:00:14","4,83 MB","4,83 MB","1","Full","False"
"KVZTESTDB22","MSSQLSERVER","KVZTESTDB22",,"master","01.03.2025 21:03:41","01.03.2025 21:03:46","00:00:05","4,83 MB","4,83 MB","1","Full","False"
"KVZTESTDB22","MSSQLSERVER","KVZTESTDB22",,"master","28.02.2025 21:06:21","28.02.2025 21:06:26","00:00:05","4,83 MB","4,83 MB","1","Full","False"
"KVZTESTDB22","MSSQLSERVER","KVZTESTDB22",,"msdb","07.03.2025 01:50:50","07.03.2025 01:51:05","00:00:15","36,80 MB","36,80 MB","1","Full","False"
"KVZTESTDB22","MSSQLSERVER","KVZTESTDB22",,"msdb","05.03.2025 21:08:36","05.03.2025 21:08:41","00:00:05","36,74 MB","36,74 MB","1","Full","False"
"KVZTESTDB22","MSSQLSERVER","KVZTESTDB22",,"msdb","04.03.2025 21:10:24","04.03.2025 21:10:29","00:00:05","36,66 MB","36,66 MB","1","Full","False"
"KVZTESTDB22","MSSQLSERVER","KVZTESTDB22",,"msdb","03.03.2025 21:09:22","03.03.2025 21:09:34","00:00:12","36,62 MB","36,62 MB","1","Full","False"
"KVZTESTDB22","MSSQLSERVER","KVZTESTDB22",,"msdb","02.03.2025 21:04:33","02.03.2025 21:04:47","00:00:14","36,58 MB","36,58 MB","1","Full","False"
"KVZTESTDB22","MSSQLSERVER","KVZTESTDB22",,"msdb","01.03.2025 21:03:41","01.03.2025 21:03:46","00:00:05","36,62 MB","36,62 MB","1","Full","False"
"KVZTESTDB22","MSSQLSERVER","KVZTESTDB22",,"msdb","28.02.2025 21:06:21","28.02.2025 21:06:26","00:00:05","36,62 MB","36,62 MB","1","Full","False"
"KVZTESTDB22","MSSQLSERVER","KVZTESTDB22",,"Ki2Da","07.03.2025 01:50:50","07.03.2025 01:51:05","00:00:15","482,76 MB","482,76 MB","1","Full","False"
"KVZTESTDB22","MSSQLSERVER","KVZTESTDB22",,"Ki2Da","05.03.2025 21:08:35","05.03.2025 21:08:41","00:00:06","482,76 MB","482,76 MB","1","Full","False"
"KVZTESTDB22","MSSQLSERVER","KVZTESTDB22",,"Ki2Da","04.03.2025 21:10:24","04.03.2025 21:10:29","00:00:05","482,76 MB","482,76 MB","1","Full","False"
"KVZTESTDB22","MSSQLSERVER","KVZTESTDB22",,"Ki2Da","03.03.2025 21:09:21","03.03.2025 21:09:34","00:00:13","482,76 MB","482,76 MB","1","Full","False"
"KVZTESTDB22","MSSQLSERVER","KVZTESTDB22",,"Ki2Da","02.03.2025 21:04:33","02.03.2025 21:04:47","00:00:14","482,76 MB","482,76 MB","1","Full","False"
"KVZTESTDB22","MSSQLSERVER","KVZTESTDB22",,"Ki2Da","01.03.2025 21:03:41","01.03.2025 21:03:46","00:00:05","482,76 MB","482,76 MB","1","Full","False"
"KVZTESTDB22","MSSQLSERVER","KVZTESTDB22",,"Ki2Da","28.02.2025 21:06:21","28.02.2025 21:06:26","00:00:05","482,76 MB","482,76 MB","1","Full","False"
"KVZTESTDB22","MSSQLSERVER","KVZTESTDB22",,"Ki2DaBericht","07.03.2025 01:50:50","07.03.2025 01:51:05","00:00:15","573,88 MB","573,88 MB","1","Full","False"
"KVZTESTDB22","MSSQLSERVER","KVZTESTDB22",,"Ki2DaBericht","05.03.2025 21:08:35","05.03.2025 21:08:41","00:00:06","573,88 MB","573,88 MB","1","Full","False"
"KVZTESTDB22","MSSQLSERVER","KVZTESTDB22",,"Ki2DaBericht","04.03.2025 21:10:24","04.03.2025 21:10:29","00:00:05","573,88 MB","573,88 MB","1","Full","False"
"KVZTESTDB22","MSSQLSERVER","KVZTESTDB22",,"Ki2DaBericht","03.03.2025 21:09:21","03.03.2025 21:09:34","00:00:13","573,88 MB","573,88 MB","1","Full","False"
"KVZTESTDB22","MSSQLSERVER","KVZTESTDB22",,"Ki2DaBericht","02.03.2025 21:04:33","02.03.2025 21:04:47","00:00:14","573,88 MB","573,88 MB","1","Full","False"
"KVZTESTDB22","MSSQLSERVER","KVZTESTDB22",,"Ki2DaBericht","01.03.2025 21:03:41","01.03.2025 21:03:46","00:00:05","573,88 MB","573,88 MB","1","Full","False"
"KVZTESTDB22","MSSQLSERVER","KVZTESTDB22",,"Ki2DaBericht","28.02.2025 21:06:21","28.02.2025 21:06:26","00:00:05","573,88 MB","573,88 MB","1","Full","False"
"KVZTESTDB22","MSSQLSERVER","KVZTESTDB22",,"Ki2DaSDI","07.03.2025 01:50:50","07.03.2025 01:51:05","00:00:15","2,95 MB","2,95 MB","1","Full","False"
"KVZTESTDB22","MSSQLSERVER","KVZTESTDB22",,"Ki2DaSDI","05.03.2025 21:08:36","05.03.2025 21:08:41","00:00:05","2,95 MB","2,95 MB","1","Full","False"
"KVZTESTDB22","MSSQLSERVER","KVZTESTDB22",,"Ki2DaSDI","04.03.2025 21:10:24","04.03.2025 21:10:29","00:00:05","2,95 MB","2,95 MB","1","Full","False"
"KVZTESTDB22","MSSQLSERVER","KVZTESTDB22",,"Ki2DaSDI","03.03.2025 21:09:21","03.03.2025 21:09:34","00:00:13","2,95 MB","2,95 MB","1","Full","False"
"KVZTESTDB22","MSSQLSERVER","KVZTESTDB22",,"Ki2DaSDI","02.03.2025 21:04:33","02.03.2025 21:04:47","00:00:14","2,95 MB","2,95 MB","1","Full","False"
"KVZTESTDB22","MSSQLSERVER","KVZTESTDB22",,"Ki2DaSDI","01.03.2025 21:03:41","01.03.2025 21:03:46","00:00:05","2,95 MB","2,95 MB","1","Full","False"
"KVZTESTDB22","MSSQLSERVER","KVZTESTDB22",,"Ki2DaSDI","28.02.2025 21:06:21","28.02.2025 21:06:26","00:00:05","2,95 MB","2,95 MB","1","Full","False"
"KVZTESTDB22","MSSQLSERVER","KVZTESTDB22",,"ReportServer","07.03.2025 01:50:50","07.03.2025 01:51:05","00:00:15","9,76 MB","9,76 MB","1","Full","False"
"KVZTESTDB22","MSSQLSERVER","KVZTESTDB22",,"ReportServer","05.03.2025 21:08:36","05.03.2025 21:08:41","00:00:05","9,76 MB","9,76 MB","1","Full","False"
"KVZTESTDB22","MSSQLSERVER","KVZTESTDB22",,"ReportServer","04.03.2025 21:10:24","04.03.2025 21:10:29","00:00:05","9,76 MB","9,76 MB","1","Full","False"
"KVZTESTDB22","MSSQLSERVER","KVZTESTDB22",,"ReportServer","03.03.2025 21:09:22","03.03.2025 21:09:34","00:00:12","9,76 MB","9,76 MB","1","Full","False"
"KVZTESTDB22","MSSQLSERVER","KVZTESTDB22",,"ReportServer","02.03.2025 21:04:33","02.03.2025 21:04:47","00:00:14","9,76 MB","9,76 MB","1","Full","False"
"KVZTESTDB22","MSSQLSERVER","KVZTESTDB22",,"ReportServer","01.03.2025 21:03:41","01.03.2025 21:03:46","00:00:05","9,76 MB","9,76 MB","1","Full","False"
"KVZTESTDB22","MSSQLSERVER","KVZTESTDB22",,"ReportServer","28.02.2025 21:06:21","28.02.2025 21:06:26","00:00:05","9,77 MB","9,77 MB","1","Full","False"
"KVZTESTDB22","MSSQLSERVER","KVZTESTDB22",,"ReportServerTempDB","07.03.2025 01:50:50","07.03.2025 01:51:05","00:00:15","5,82 MB","5,82 MB","1","Full","False"
"KVZTESTDB22","MSSQLSERVER","KVZTESTDB22",,"ReportServerTempDB","05.03.2025 21:08:36","05.03.2025 21:08:41","00:00:05","5,82 MB","5,82 MB","1","Full","False"
"KVZTESTDB22","MSSQLSERVER","KVZTESTDB22",,"ReportServerTempDB","04.03.2025 21:10:24","04.03.2025 21:10:29","00:00:05","5,82 MB","5,82 MB","1","Full","False"
"KVZTESTDB22","MSSQLSERVER","KVZTESTDB22",,"ReportServerTempDB","03.03.2025 21:09:22","03.03.2025 21:09:34","00:00:12","5,82 MB","5,82 MB","1","Full","False"
"KVZTESTDB22","MSSQLSERVER","KVZTESTDB22",,"ReportServerTempDB","02.03.2025 21:04:33","02.03.2025 21:04:47","00:00:14","5,82 MB","5,82 MB","1","Full","False"
"KVZTESTDB22","MSSQLSERVER","KVZTESTDB22",,"ReportServerTempDB","01.03.2025 21:03:41","01.03.2025 21:03:46","00:00:05","5,82 MB","5,82 MB","1","Full","False"
"KVZTESTDB22","MSSQLSERVER","KVZTESTDB22",,"ReportServerTempDB","28.02.2025 21:06:21","28.02.2025 21:06:26","00:00:05","5,82 MB","5,82 MB","1","Full","False"
"KVZTESTDB22","MSSQLSERVER","KVZTESTDB22",,"hkvzDba","07.03.2025 01:50:50","07.03.2025 01:51:05","00:00:15","3,20 MB","3,20 MB","1","Full","False"
"KVZTESTDB22","MSSQLSERVER","KVZTESTDB22",,"hkvzDba","05.03.2025 21:08:35","05.03.2025 21:08:41","00:00:06","3,20 MB","3,20 MB","1","Full","False"
"KVZTESTDB22","MSSQLSERVER","KVZTESTDB22",,"hkvzDba","04.03.2025 21:10:24","04.03.2025 21:10:29","00:00:05","3,20 MB","3,20 MB","1","Full","False"
"KVZTESTDB22","MSSQLSERVER","KVZTESTDB22",,"hkvzDba","03.03.2025 21:09:21","03.03.2025 21:09:34","00:00:13","3,20 MB","3,20 MB","1","Full","False"
"KVZTESTDB22","MSSQLSERVER","KVZTESTDB22",,"hkvzDba","02.03.2025 21:04:33","02.03.2025 21:04:47","00:00:14","3,20 MB","3,20 MB","1","Full","False"
"KVZTESTDB22","MSSQLSERVER","KVZTESTDB22",,"hkvzDba","01.03.2025 21:03:41","01.03.2025 21:03:46","00:00:05","3,20 MB","3,20 MB","1","Full","False"
"KVZTESTDB22","MSSQLSERVER","KVZTESTDB22",,"hkvzDba","28.02.2025 21:06:21","28.02.2025 21:06:26","00:00:05","3,20 MB","3,20 MB","1","Full","False"
"KVZTESTDB22","MSSQLSERVER","KVZTESTDB22",,"model","07.03.2025 01:50:50","07.03.2025 01:51:05","00:00:15","2,51 MB","2,51 MB","1","Full","False"
"KVZTESTDB22","MSSQLSERVER","KVZTESTDB22",,"model","05.03.2025 21:08:36","05.03.2025 21:08:41","00:00:05","2,51 MB","2,51 MB","1","Full","False"
"KVZTESTDB22","MSSQLSERVER","KVZTESTDB22",,"model","04.03.2025 21:10:24","04.03.2025 21:10:29","00:00:05","2,51 MB","2,51 MB","1","Full","False"
"KVZTESTDB22","MSSQLSERVER","KVZTESTDB22",,"model","03.03.2025 21:09:22","03.03.2025 21:09:34","00:00:12","2,51 MB","2,51 MB","1","Full","False"
"KVZTESTDB22","MSSQLSERVER","KVZTESTDB22",,"model","02.03.2025 21:04:33","02.03.2025 21:04:47","00:00:14","2,51 MB","2,51 MB","1","Full","False"
"KVZTESTDB22","MSSQLSERVER","KVZTESTDB22",,"model","01.03.2025 21:03:41","01.03.2025 21:03:46","00:00:05","2,51 MB","2,51 MB","1","Full","False"
"KVZTESTDB22","MSSQLSERVER","KVZTESTDB22",,"model","28.02.2025 21:06:21","28.02.2025 21:06:26","00:00:05","2,51 MB","2,51 MB","1","Full","False"
