#TYPE Selected.Microsoft.SqlServer.Management.Smo.Login
"ComputerName","InstanceName","SqlInstance","Name","DefaultDatabase","IsDisabled","IsLocked","IsPasswordExpired","LoginType"
"KVZTESTDB22","MSSQLSERVER","KVZTESTDB22","##MS_PolicyEventProcessingLogin##","master","True","False","False","SqlLogin"
"KVZTESTDB22","MSSQLSERVER","KVZTESTDB22","##MS_PolicyTsqlExecutionLogin##","master","True","False","False","SqlLogin"
"KVZTESTDB22","MSSQLSERVER","KVZTESTDB22","INTRA\adexnpce","Ki2Da","False",,,"WindowsUser"
"KVZTESTDB22","MSSQLSERVER","KVZTESTDB22","KVZTESTDB22\SQL-Admin","master","False",,,"WindowsGroup"
"KVZTESTDB22","MSSQLSERVER","KVZTESTDB22","NT AUTHORITY\SYSTEM","master","False",,,"WindowsUser"
"KVZTESTDB22","MSSQLSERVER","KVZTESTDB22","NT SERVICE\MSSQLSERVER","master","False",,,"WindowsUser"
"KVZTESTDB22","MSSQLSERVER","KVZTESTDB22","NT SERVICE\SQLSERVERAGENT","master","False",,,"WindowsUser"
"KVZTESTDB22","MSSQLSERVER","KVZTESTDB22","NT SERVICE\SQLTELEMETRY","master","False",,,"WindowsUser"
"KVZTESTDB22","MSSQLSERVER","KVZTESTDB22","NT SERVICE\SQLWriter","master","False",,,"WindowsUser"
"KVZTESTDB22","MSSQLSERVER","KVZTESTDB22","NT SERVICE\Winmgmt","master","False",,,"WindowsUser"
"KVZTESTDB22","MSSQLSERVER","KVZTESTDB22","nwphkvz","master","False","False","True","SqlLogin"
"KVZTESTDB22","MSSQLSERVER","KVZTESTDB22","nwphkvz1","master","False","False","True","SqlLogin"
"KVZTESTDB22","MSSQLSERVER","KVZTESTDB22","nwphkvz2","Ki2Da","False","False","False","SqlLogin"
"KVZTESTDB22","MSSQLSERVER","KVZTESTDB22","sa","master","False","False","False","SqlLogin"
"KVZTESTDB22","MSSQLSERVER","KVZTESTDB22","saHKVZ","master","False","False","False","SqlLogin"
"KVZTESTDB22","MSSQLSERVER","KVZTESTDB22","saKi2Da","master","False","False","False","SqlLogin"
"KVZTESTDB22","MSSQLSERVER","KVZTESTDB22","ssrsadminuser_sql","Ki2Da","False","False","False","SqlLogin"
