#TYPE Selected.System.Management.Automation.PSCustomObject
"ServerName","ComputerName","InstanceName","SqlInstance","Name","DisplayName","Description","ConfiguredValue","RunningValue","DefaultValue","IsRunningDefaultValue"
"KVZTESTDB22","KVZTESTDB22","MSSQLSERVER","KVZTESTDB22","CursorThreshold","cursor threshold","cursor threshold","-1","-1","0","False"
"KVZTESTDB22","KVZTESTDB22","MSSQLSERVER","KVZTESTDB22","MaxDegreeOfParallelism","max degree of parallelism","maximum degree of parallelism","2","2","0","False"
"KVZTESTDB22","KVZTESTDB22","MSSQLSERVER","KVZTESTDB22","MaxServerMemory","max server memory (MB)","Maximum size of server memory (MB)","2253","2253","2147483647","False"
"KVZTESTDB22","KVZTESTDB22","MSSQLSERVER","KVZTESTDB22","DefaultTraceEnabled","default trace enabled","Enable or disable the default trace","1","1","0","False"
"KVZTESTDB22","KVZTESTDB22","MSSQLSERVER","KVZTESTDB22","ClrStrictSecurity","clr strict security","CLR strict security enabled in the server","1","1","0","False"
"KVZTESTDB22","KVZTESTDB22","MSSQLSERVER","KVZTESTDB22","AgentXPsEnabled","Agent XPs","Enable or disable Agent XPs","1","1","0","False"
