#TYPE Selected.System.Management.Automation.PSCustomObject
"ComputerName","InstanceName","SqlInstance","Object","Type","Member","RoleSecurableClass"
"KVZTESTDB22","MSSQLSERVER","KVZTESTDB22","SERVER","SERVER LOGINS","sa","sysadmin"
"KVZTESTDB22","MSSQLSERVER","KVZTESTDB22","SERVER","SERVER LOGINS","KVZTESTDB22\SQL-Admin","sysadmin"
"KVZTESTDB22","MSSQLSERVER","KVZTESTDB22","SERVER","SERVER LOGINS","saKi2Da","sysadmin"
"KVZTESTDB22","MSSQLSERVER","KVZTESTDB22","SERVER","SERVER LOGINS","saKi2Da","securityadmin"
"KVZTESTDB22","MSSQLSERVER","KVZTESTDB22","SERVER","SERVER LOGINS","saKi2Da","serveradmin"
"KVZTESTDB22","MSSQLSERVER","KVZTESTDB22","SERVER","SERVER LOGINS","saKi2Da","setupadmin"
"KVZTESTDB22","MSSQLSERVER","KVZTESTDB22","SERVER","SERVER LOGINS","saKi2Da","processadmin"
"KVZTESTDB22","MSSQLSERVER","KVZTESTDB22","SERVER","SERVER LOGINS","saKi2Da","diskadmin"
"KVZTESTDB22","MSSQLSERVER","KVZTESTDB22","SERVER","SERVER LOGINS","saKi2Da","dbcreator"
"KVZTESTDB22","MSSQLSERVER","KVZTESTDB22","SERVER","SERVER LOGINS","saKi2Da","bulkadmin"
"KVZTESTDB22","MSSQLSERVER","KVZTESTDB22","SERVER","SERVER LOGINS","saHKVZ","sysadmin"
"KVZTESTDB22","MSSQLSERVER","KVZTESTDB22","SERVER","SERVER LOGINS","saHKVZ","securityadmin"
"KVZTESTDB22","MSSQLSERVER","KVZTESTDB22","SERVER","SERVER LOGINS","saHKVZ","serveradmin"
"KVZTESTDB22","MSSQLSERVER","KVZTESTDB22","SERVER","SERVER LOGINS","saHKVZ","setupadmin"
"KVZTESTDB22","MSSQLSERVER","KVZTESTDB22","SERVER","SERVER LOGINS","saHKVZ","processadmin"
"KVZTESTDB22","MSSQLSERVER","KVZTESTDB22","SERVER","SERVER LOGINS","saHKVZ","diskadmin"
"KVZTESTDB22","MSSQLSERVER","KVZTESTDB22","SERVER","SERVER LOGINS","saHKVZ","dbcreator"
"KVZTESTDB22","MSSQLSERVER","KVZTESTDB22","SERVER","SERVER LOGINS","saHKVZ","bulkadmin"
"KVZTESTDB22","MSSQLSERVER","KVZTESTDB22","SERVER","SERVER LOGINS","nwphkvz","dbcreator"
"KVZTESTDB22","MSSQLSERVER","KVZTESTDB22","SERVER","SERVER LOGINS","nwphkvz1","dbcreator"
"KVZTESTDB22","MSSQLSERVER","KVZTESTDB22","SERVER","SERVER LOGINS","ssrsadminuser_sql","None"
"KVZTESTDB22","MSSQLSERVER","KVZTESTDB22","SERVER","SERVER LOGINS","nwphkvz2","dbcreator"
"KVZTESTDB22","MSSQLSERVER","KVZTESTDB22","SERVER","SERVER LOGINS","INTRA\adexnpce","sysadmin"
"KVZTESTDB22","MSSQLSERVER","KVZTESTDB22","hkvzDba","DB ROLE MEMBERS","dbo","db_owner"
"KVZTESTDB22","MSSQLSERVER","KVZTESTDB22","Ki2Da","DB ROLE MEMBERS","dbo","db_owner"
"KVZTESTDB22","MSSQLSERVER","KVZTESTDB22","Ki2Da","DB ROLE MEMBERS","nwphkvz","db_owner"
"KVZTESTDB22","MSSQLSERVER","KVZTESTDB22","Ki2Da","DB ROLE MEMBERS","kiss2020","db_datareader"
"KVZTESTDB22","MSSQLSERVER","KVZTESTDB22","Ki2Da","DB ROLE MEMBERS","nwphkvz2","db_owner"
"KVZTESTDB22","MSSQLSERVER","KVZTESTDB22","Ki2Da","DB ROLE MEMBERS","INTRA\nakarkac","db_datareader"
"KVZTESTDB22","MSSQLSERVER","KVZTESTDB22","Ki2Da","DB ROLE MEMBERS","INTRA\AHecht","ki2da_CreateObjects"
"KVZTESTDB22","MSSQLSERVER","KVZTESTDB22","Ki2Da","DB ROLE MEMBERS","INTRA\AHecht","db_datareader"
"KVZTESTDB22","MSSQLSERVER","KVZTESTDB22","Ki2Da","DB ROLE MEMBERS","INTRA\AHecht","db_datawriter"
"KVZTESTDB22","MSSQLSERVER","KVZTESTDB22","Ki2Da","DB ROLE MEMBERS","nwphkvz1","db_owner"
"KVZTESTDB22","MSSQLSERVER","KVZTESTDB22","Ki2Da","DB ROLE MEMBERS","saHKVZ","db_owner"
"KVZTESTDB22","MSSQLSERVER","KVZTESTDB22","Ki2DaBericht","DB ROLE MEMBERS","dbo","db_owner"
"KVZTESTDB22","MSSQLSERVER","KVZTESTDB22","Ki2DaBericht","DB ROLE MEMBERS","nwphkvz","db_owner"
"KVZTESTDB22","MSSQLSERVER","KVZTESTDB22","Ki2DaBericht","DB ROLE MEMBERS","kiss2020","db_datareader"
"KVZTESTDB22","MSSQLSERVER","KVZTESTDB22","Ki2DaBericht","DB ROLE MEMBERS","saHKVZ","db_owner"
"KVZTESTDB22","MSSQLSERVER","KVZTESTDB22","Ki2DaBericht","DB ROLE MEMBERS","INTRA\nakarkac","db_datareader"
"KVZTESTDB22","MSSQLSERVER","KVZTESTDB22","Ki2DaBericht","DB ROLE MEMBERS","INTRA\AHecht","ki2da_CreateObjects"
"KVZTESTDB22","MSSQLSERVER","KVZTESTDB22","Ki2DaBericht","DB ROLE MEMBERS","INTRA\AHecht","db_datareader"
"KVZTESTDB22","MSSQLSERVER","KVZTESTDB22","Ki2DaBericht","DB ROLE MEMBERS","INTRA\AHecht","db_datawriter"
"KVZTESTDB22","MSSQLSERVER","KVZTESTDB22","Ki2DaBericht","DB ROLE MEMBERS","nwphkvz1","db_owner"
"KVZTESTDB22","MSSQLSERVER","KVZTESTDB22","Ki2DaSDI","DB ROLE MEMBERS","dbo","db_owner"
"KVZTESTDB22","MSSQLSERVER","KVZTESTDB22","ReportServer","DB ROLE MEMBERS","dbo","db_owner"
"KVZTESTDB22","MSSQLSERVER","KVZTESTDB22","ReportServer","DB ROLE MEMBERS","RSExecRole","db_owner"
"KVZTESTDB22","MSSQLSERVER","KVZTESTDB22","ReportServer","DB ROLE MEMBERS","ssrsadminuser_sql","RSExecRole"
"KVZTESTDB22","MSSQLSERVER","KVZTESTDB22","ReportServer","DB ROLE MEMBERS","ssrsadminuser_sql","db_owner"
"KVZTESTDB22","MSSQLSERVER","KVZTESTDB22","ReportServer","DB ROLE MEMBERS","saHKVZ","db_owner"
"KVZTESTDB22","MSSQLSERVER","KVZTESTDB22","ReportServerTempDB","DB ROLE MEMBERS","ssrsadminuser_sql","RSExecRole"
"KVZTESTDB22","MSSQLSERVER","KVZTESTDB22","ReportServerTempDB","DB ROLE MEMBERS","dbo","db_owner"
"KVZTESTDB22","MSSQLSERVER","KVZTESTDB22","ReportServerTempDB","DB ROLE MEMBERS","RSExecRole","db_owner"
"KVZTESTDB22","MSSQLSERVER","KVZTESTDB22","ReportServerTempDB","DB ROLE MEMBERS","ssrsadminuser_sql","db_owner"
"KVZTESTDB22","MSSQLSERVER","KVZTESTDB22","ReportServerTempDB","DB ROLE MEMBERS","saHKVZ","db_owner"
